[
{
    "model": "auth.group",
    "pk": 1,
    "fields": {
        "name": "customer_user",
        "permissions": []
    }
},
{
    "model": "auth.group",
    "pk": 2,
    "fields": {
        "name": "normal_staff",
        "permissions": []
    }
},
{
    "model": "auth.group",
    "pk": 3,
    "fields": {
        "name": "shop_admin",
        "permissions": []
    }
},
{
    "model": "auth.user",
    "pk": 1,
    "fields": {
        "password": "pbkdf2_sha256$260000$a35a9RIK7yMZmWlxXNUfaW$CjVgDvZo85WrrPx3eeMDl+LzVXXhoWfPhDs2oDPb/mI=",
        "last_login": "2022-12-07T06:30:17.545Z",
        "is_superuser": true,
        "username": "guester-admin",
        "first_name": "",
        "last_name": "",
        "email": "",
        "is_staff": true,
        "is_active": true,
        "date_joined": "2022-08-26T11:34:46.366Z",
        "groups": [],
        "user_permissions": []
    }
},
{
    "model": "auth.user",
    "pk": 2,
    "fields": {
        "password": "pbkdf2_sha256$260000$dVl6aB9dPjMaqJgZuWJ9tQ$D6Ti9BTR7Z5sStGMNo4Z+umqY5gabPhuxXJF1UZJmJ4=",
        "last_login": null,
        "is_superuser": false,
        "username": "8089426755",
        "first_name": "",
        "last_name": "",
        "email": "",
        "is_staff": false,
        "is_active": true,
        "date_joined": "2022-08-30T08:00:35.182Z",
        "groups": [],
        "user_permissions": []
    }
},
{
    "model": "auth.user",
    "pk": 3,
    "fields": {
        "password": "pbkdf2_sha256$260000$lyBgfRtoUQtr6tgSvPh9CE$AMehGyyBjIvyRXJXPTkIH/Gn/Kb/863DH8nauP/rFsU=",
        "last_login": null,
        "is_superuser": false,
        "username": "9048751118",
        "first_name": "",
        "last_name": "",
        "email": "",
        "is_staff": false,
        "is_active": true,
        "date_joined": "2022-08-30T09:21:08.072Z",
        "groups": [],
        "user_permissions": []
    }
},
{
    "model": "auth.user",
    "pk": 4,
    "fields": {
        "password": "pbkdf2_sha256$260000$70rXEAqFbO0jay1Db9abtH$FOZeyPMQ8SG8x9+isxrRDW7sb22CYLZ9UpND29lHQfI=",
        "last_login": null,
        "is_superuser": false,
        "username": "8606436632",
        "first_name": "",
        "last_name": "",
        "email": "",
        "is_staff": false,
        "is_active": false,
        "date_joined": "2022-08-31T12:24:35.798Z",
        "groups": [],
        "user_permissions": []
    }
},
{
    "model": "auth.user",
    "pk": 5,
    "fields": {
        "password": "pbkdf2_sha256$260000$NMba2iXeYc1EOVEXfzSvOS$ZPZDlUFRypJeToHmjO3cmr9fdw2D1+GUseJgPtMrpWs=",
        "last_login": null,
        "is_superuser": false,
        "username": "9544334756",
        "first_name": "",
        "last_name": "",
        "email": "",
        "is_staff": false,
        "is_active": true,
        "date_joined": "2022-09-02T12:32:33.252Z",
        "groups": [],
        "user_permissions": []
    }
},
{
    "model": "auth.user",
    "pk": 6,
    "fields": {
        "password": "pbkdf2_sha256$260000$bZljs4CgsjDDhECR5xEYRx$I7Ie6otPM7pOnItYWlArMBXZkQK5u0cKUZQUUAgTNH0=",
        "last_login": null,
        "is_superuser": false,
        "username": "7034513604",
        "first_name": "",
        "last_name": "",
        "email": "",
        "is_staff": false,
        "is_active": true,
        "date_joined": "2022-09-02T13:00:08.637Z",
        "groups": [],
        "user_permissions": []
    }
},
{
    "model": "auth.user",
    "pk": 7,
    "fields": {
        "password": "pbkdf2_sha256$260000$zmIcLIXxkUe16nml9AXLoN$J2v6IgQeV6h/PgSFz1rHBUUg5L4i0lm4+sDl3RGNg8I=",
        "last_login": null,
        "is_superuser": false,
        "username": "8592057337",
        "first_name": "",
        "last_name": "",
        "email": "",
        "is_staff": false,
        "is_active": true,
        "date_joined": "2022-09-05T09:41:06.662Z",
        "groups": [],
        "user_permissions": []
    }
},
{
    "model": "auth.user",
    "pk": 8,
    "fields": {
        "password": "pbkdf2_sha256$260000$fh9QpXaw6AeqQYAFfhRO4c$pCb7K8VXwFvl9nDOMHoyUezEcW2rWFnDg+YQDzSgTVQ=",
        "last_login": null,
        "is_superuser": false,
        "username": "9846133325",
        "first_name": "",
        "last_name": "",
        "email": "",
        "is_staff": false,
        "is_active": true,
        "date_joined": "2022-09-12T11:13:27.594Z",
        "groups": [],
        "user_permissions": []
    }
},
{
    "model": "auth.user",
    "pk": 9,
    "fields": {
        "password": "pbkdf2_sha256$260000$XXOIyeoJwgk4yWZuBI834D$F70N/pLp55BAL9Js88r2N5DliIgSlMZ+VyJfPdLoH4Q=",
        "last_login": null,
        "is_superuser": false,
        "username": "9747994630",
        "first_name": "",
        "last_name": "",
        "email": "",
        "is_staff": false,
        "is_active": true,
        "date_joined": "2022-09-12T12:42:26.998Z",
        "groups": [],
        "user_permissions": []
    }
},
{
    "model": "auth.user",
    "pk": 10,
    "fields": {
        "password": "pbkdf2_sha256$260000$RdD9CWxC0aqKwtRjffzGck$LMQsHQSoxxl/DTq2BuUHSLSStX+UJPUOMjmOkIFhOiw=",
        "last_login": null,
        "is_superuser": false,
        "username": "9895975065",
        "first_name": "",
        "last_name": "",
        "email": "",
        "is_staff": false,
        "is_active": true,
        "date_joined": "2022-09-12T13:33:44.905Z",
        "groups": [],
        "user_permissions": []
    }
},
{
    "model": "auth.user",
    "pk": 11,
    "fields": {
        "password": "pbkdf2_sha256$260000$Hd1kgZC4f7KWFAdNbMxhTR$8HutvhVRg3M6sG97kZCDPDK4Qb+tIHxt6E+59OmDhTo=",
        "last_login": null,
        "is_superuser": false,
        "username": "9446524378",
        "first_name": "",
        "last_name": "",
        "email": "",
        "is_staff": false,
        "is_active": true,
        "date_joined": "2022-09-13T08:51:04.780Z",
        "groups": [],
        "user_permissions": []
    }
},
{
    "model": "auth.user",
    "pk": 12,
    "fields": {
        "password": "pbkdf2_sha256$260000$GeD8bmFntd5Nct0AgY25UF$lEx9yMwrN1S9efADI8Tln9cLtS1ApNNku3m6zEIPY/Q=",
        "last_login": null,
        "is_superuser": false,
        "username": "9895595951",
        "first_name": "",
        "last_name": "",
        "email": "",
        "is_staff": false,
        "is_active": true,
        "date_joined": "2022-09-13T12:15:52.575Z",
        "groups": [],
        "user_permissions": []
    }
},
{
    "model": "auth.user",
    "pk": 13,
    "fields": {
        "password": "pbkdf2_sha256$260000$ntbf3KeFCCByTWcXYRMQdU$gdb1DZrbnCkOVkLFiBOwnU8d8vGAvMaYx7P818WyLE0=",
        "last_login": null,
        "is_superuser": false,
        "username": "8289943247",
        "first_name": "",
        "last_name": "",
        "email": "",
        "is_staff": false,
        "is_active": true,
        "date_joined": "2022-09-15T11:46:39.114Z",
        "groups": [],
        "user_permissions": []
    }
},
{
    "model": "auth.user",
    "pk": 14,
    "fields": {
        "password": "pbkdf2_sha256$260000$t5ZkHFT5kInWBF5WZ08KnT$qbpcCZyGjRm8yP3bS7iqQEB/IhGfnHl/jzSk9hPW56M=",
        "last_login": null,
        "is_superuser": false,
        "username": "9544334758",
        "first_name": "",
        "last_name": "",
        "email": "",
        "is_staff": false,
        "is_active": true,
        "date_joined": "2022-09-16T04:34:53.103Z",
        "groups": [],
        "user_permissions": []
    }
},
{
    "model": "auth.user",
    "pk": 15,
    "fields": {
        "password": "pbkdf2_sha256$260000$yAiZdCGJwbKRYBu7o1gs6V$opCKnvUlbrIpqdUAVkXdbbj2hzC9OifEPQAQHrDMCBA=",
        "last_login": null,
        "is_superuser": false,
        "username": "7736221905",
        "first_name": "",
        "last_name": "",
        "email": "",
        "is_staff": false,
        "is_active": true,
        "date_joined": "2022-09-19T09:27:44.918Z",
        "groups": [],
        "user_permissions": []
    }
},
{
    "model": "auth.user",
    "pk": 16,
    "fields": {
        "password": "pbkdf2_sha256$260000$RRhE5TI835IOBBTgt5kS4V$wuEzYVyutXmCzxgzQChoYiU1o54g1R4yMlUtXhaIp2s=",
        "last_login": null,
        "is_superuser": false,
        "username": "9446524370",
        "first_name": "",
        "last_name": "",
        "email": "",
        "is_staff": false,
        "is_active": true,
        "date_joined": "2022-09-19T10:10:09.284Z",
        "groups": [],
        "user_permissions": []
    }
},
{
    "model": "auth.user",
    "pk": 17,
    "fields": {
        "password": "pbkdf2_sha256$260000$A5qHIqzx6WQyZXWdSLeJgb$bnZiGzCoqQV5mSX6ySd28mVUUZIsoFsqNoN/uNxg9hg=",
        "last_login": "2022-11-01T06:31:28.960Z",
        "is_superuser": false,
        "username": "guester-shop",
        "first_name": "",
        "last_name": "",
        "email": "adarsh@tegain.com",
        "is_staff": false,
        "is_active": true,
        "date_joined": "2022-09-20T10:41:48.696Z",
        "groups": [
            3
        ],
        "user_permissions": [
            17,
            18,
            19,
            20,
            25,
            26,
            27,
            28,
            21,
            22,
            23,
            24,
            29,
            30,
            11,
            12,
            13,
            14,
            15,
            16
        ]
    }
},
{
    "model": "auth.user",
    "pk": 18,
    "fields": {
        "password": "pbkdf2_sha256$260000$VzOtARB8XAWE7gLHHhehsH$9A1fzuEwr6AwW75TpeKiJ1ZuqTC5Q/Fm9i3jotIxiuc=",
        "last_login": null,
        "is_superuser": false,
        "username": "9446524375",
        "first_name": "",
        "last_name": "",
        "email": "",
        "is_staff": false,
        "is_active": true,
        "date_joined": "2022-09-22T06:12:44.580Z",
        "groups": [],
        "user_permissions": []
    }
},
{
    "model": "auth.user",
    "pk": 19,
    "fields": {
        "password": "pbkdf2_sha256$260000$vq8HYEcd8yjnBTImYeLM8Q$xFW9WAKMBiH1AFdxfLRuL3+TOVWWAlFjKkLGxDD2QVE=",
        "last_login": null,
        "is_superuser": false,
        "username": "0000000000",
        "first_name": "",
        "last_name": "",
        "email": "",
        "is_staff": false,
        "is_active": true,
        "date_joined": "2022-09-25T11:51:06.549Z",
        "groups": [],
        "user_permissions": []
    }
},
{
    "model": "auth.user",
    "pk": 20,
    "fields": {
        "password": "pbkdf2_sha256$260000$ozVuDBZU47pqlYkwoBSh8l$HjQTWfy0dsh2p0xA3VnndfQgoHHoZ9B1ntR1RjQosak=",
        "last_login": null,
        "is_superuser": false,
        "username": "9656566139",
        "first_name": "",
        "last_name": "",
        "email": "",
        "is_staff": false,
        "is_active": true,
        "date_joined": "2022-09-26T07:52:56.201Z",
        "groups": [],
        "user_permissions": []
    }
},
{
    "model": "auth.user",
    "pk": 21,
    "fields": {
        "password": "pbkdf2_sha256$260000$Tlg2eR1eNhZLlc8yWXewjp$AnHEyhtTT+r60FOKV1Vow91vc/JINfyhA+cjS9R9SlQ=",
        "last_login": null,
        "is_superuser": false,
        "username": "9961041539",
        "first_name": "",
        "last_name": "",
        "email": "",
        "is_staff": false,
        "is_active": true,
        "date_joined": "2022-09-26T07:57:59.032Z",
        "groups": [],
        "user_permissions": []
    }
},
{
    "model": "auth.user",
    "pk": 22,
    "fields": {
        "password": "pbkdf2_sha256$260000$yAlPKa2ZlRnewRhfGHG7kJ$pK+bPTsVYe/+U8GwfhElFtIgzbm7aeS2QD0xW9dlZ/s=",
        "last_login": null,
        "is_superuser": false,
        "username": "7736221902",
        "first_name": "",
        "last_name": "",
        "email": "",
        "is_staff": false,
        "is_active": true,
        "date_joined": "2022-09-26T08:00:15.988Z",
        "groups": [],
        "user_permissions": []
    }
},
{
    "model": "auth.user",
    "pk": 23,
    "fields": {
        "password": "pbkdf2_sha256$260000$zsF2LaZ1tqhOa0oEDD939Y$cj9T2k1Yev6Icx8PI7qFSfls/2QEbwr6O7ACgItiirY=",
        "last_login": null,
        "is_superuser": false,
        "username": "7736222205",
        "first_name": "",
        "last_name": "",
        "email": "",
        "is_staff": false,
        "is_active": true,
        "date_joined": "2022-09-27T03:59:02.544Z",
        "groups": [],
        "user_permissions": []
    }
},
{
    "model": "auth.user",
    "pk": 24,
    "fields": {
        "password": "pbkdf2_sha256$260000$bn3oZ22PXbGoRT3fMCrjNj$16Q9eqdvemyeQyYf7kOgNN1mBSCaropCg2nCJGNkRbI=",
        "last_login": null,
        "is_superuser": false,
        "username": "7777733333",
        "first_name": "",
        "last_name": "",
        "email": "",
        "is_staff": false,
        "is_active": true,
        "date_joined": "2022-09-27T03:59:51.951Z",
        "groups": [],
        "user_permissions": []
    }
},
{
    "model": "auth.user",
    "pk": 25,
    "fields": {
        "password": "pbkdf2_sha256$260000$UoD1GCZGUXzYJzcsG6PqYC$oFiu4pRo5BA/Jg61MbR7grgGKxIjYH+TYhSpLXOk9LM=",
        "last_login": null,
        "is_superuser": false,
        "username": "7777733336",
        "first_name": "",
        "last_name": "",
        "email": "",
        "is_staff": false,
        "is_active": true,
        "date_joined": "2022-09-27T04:04:31.600Z",
        "groups": [],
        "user_permissions": []
    }
},
{
    "model": "auth.user",
    "pk": 26,
    "fields": {
        "password": "pbkdf2_sha256$260000$lfBvIu8XDl7yZAjNHqQO6j$i+rq954e25ju56SAhalC592y6TDe0+MaJdwryI7Zhy8=",
        "last_login": null,
        "is_superuser": false,
        "username": "9999999999",
        "first_name": "",
        "last_name": "",
        "email": "",
        "is_staff": false,
        "is_active": true,
        "date_joined": "2022-09-27T04:34:24.627Z",
        "groups": [],
        "user_permissions": []
    }
},
{
    "model": "auth.user",
    "pk": 27,
    "fields": {
        "password": "pbkdf2_sha256$260000$YjJQLDWOnH4oyhTumjzPDc$DavfrpK1dv7YobcPKuF8tDwt12vnw5qKg3Ep7OWt87Y=",
        "last_login": null,
        "is_superuser": false,
        "username": "aryan_8592",
        "first_name": "",
        "last_name": "",
        "email": "aryan@test.com",
        "is_staff": false,
        "is_active": true,
        "date_joined": "2022-09-28T04:42:52.083Z",
        "groups": [],
        "user_permissions": []
    }
},
{
    "model": "auth.user",
    "pk": 28,
    "fields": {
        "password": "pbkdf2_sha256$260000$5Rkk5mwuh7dvHoV8VRH9IR$LbS8xP3BhcLSljPOm4vxu+vO8bqPG79BQT2NyghoJEM=",
        "last_login": null,
        "is_superuser": false,
        "username": "1234567111",
        "first_name": "",
        "last_name": "",
        "email": "",
        "is_staff": false,
        "is_active": true,
        "date_joined": "2022-10-13T05:21:52.192Z",
        "groups": [],
        "user_permissions": []
    }
},
{
    "model": "auth.user",
    "pk": 29,
    "fields": {
        "password": "pbkdf2_sha256$260000$BEZBMtPqeSML3iwhTwQbEE$EEcorEFRkgkaoYm3QrNWj8QSf67sJhJ2y4US+Ey7fKc=",
        "last_login": null,
        "is_superuser": false,
        "username": "1111111133",
        "first_name": "",
        "last_name": "",
        "email": "",
        "is_staff": false,
        "is_active": true,
        "date_joined": "2022-10-13T08:26:52.835Z",
        "groups": [],
        "user_permissions": []
    }
},
{
    "model": "auth.user",
    "pk": 30,
    "fields": {
        "password": "pbkdf2_sha256$260000$SEszuXZdkYjYOyKqY4oIPB$GAusUXnTeWHo+YlaPod+GnCs8Kuwtxeur251ZygjSA8=",
        "last_login": null,
        "is_superuser": false,
        "username": "1234567822",
        "first_name": "",
        "last_name": "",
        "email": "",
        "is_staff": false,
        "is_active": true,
        "date_joined": "2022-10-13T11:34:18.832Z",
        "groups": [],
        "user_permissions": []
    }
},
{
    "model": "auth.user",
    "pk": 31,
    "fields": {
        "password": "pbkdf2_sha256$260000$ihx4tSCApQS0tFT2l4xtQk$Fy3QF938N0v07/n+TmJztgMKZkQwQwqCCRnlBYsl69o=",
        "last_login": null,
        "is_superuser": false,
        "username": "8138816155",
        "first_name": "",
        "last_name": "",
        "email": "",
        "is_staff": false,
        "is_active": true,
        "date_joined": "2022-10-21T04:43:42.051Z",
        "groups": [],
        "user_permissions": []
    }
},
{
    "model": "auth.user",
    "pk": 32,
    "fields": {
        "password": "pbkdf2_sha256$260000$u4GlMT0z8PzbASi8QU41lC$vT6Sf/q2ebTAk1JQ8MBtZQCwtisF4m1tHqlFqsGnEjc=",
        "last_login": null,
        "is_superuser": false,
        "username": "2233445566",
        "first_name": "",
        "last_name": "",
        "email": "",
        "is_staff": false,
        "is_active": true,
        "date_joined": "2022-10-31T08:37:12.042Z",
        "groups": [],
        "user_permissions": []
    }
},
{
    "model": "auth.user",
    "pk": 33,
    "fields": {
        "password": "pbkdf2_sha256$260000$zQcBjDbdRKnDwF1vL3qJs7$2V1lV3ZAZvWDvsn0JOc2KZfqT/JwFzollXsG0od/R8Y=",
        "last_login": null,
        "is_superuser": false,
        "username": "8888888833",
        "first_name": "",
        "last_name": "",
        "email": "",
        "is_staff": false,
        "is_active": true,
        "date_joined": "2022-10-31T08:46:28.383Z",
        "groups": [],
        "user_permissions": []
    }
},
{
    "model": "auth.user",
    "pk": 34,
    "fields": {
        "password": "pbkdf2_sha256$260000$Kbw2MpTRYdVJE7K2wjebZ7$mQPU5eylpEm6KRk2Z/Iv/Xz4v09klrD/6NHfH7XxJkQ=",
        "last_login": null,
        "is_superuser": false,
        "username": "5555555555",
        "first_name": "",
        "last_name": "",
        "email": "",
        "is_staff": false,
        "is_active": true,
        "date_joined": "2022-11-01T07:32:56.747Z",
        "groups": [],
        "user_permissions": []
    }
},
{
    "model": "auth.user",
    "pk": 35,
    "fields": {
        "password": "pbkdf2_sha256$260000$KIBIRAWYG5cSLk4FpZ74VB$ELtfHlmnmAGFw5eXb+Z4A0Za9z+TgZHkVMqvrFIIh5w=",
        "last_login": null,
        "is_superuser": false,
        "username": "6666666666",
        "first_name": "",
        "last_name": "",
        "email": "",
        "is_staff": false,
        "is_active": true,
        "date_joined": "2022-11-04T11:57:45.222Z",
        "groups": [],
        "user_permissions": []
    }
},
{
    "model": "auth.user",
    "pk": 36,
    "fields": {
        "password": "pbkdf2_sha256$260000$xhOq6DyMzMv5O9N6WesOLl$vN3zySRHk3dJlQ8U+7vZ9EqIVVxFpq3YclCh31vYv7c=",
        "last_login": null,
        "is_superuser": false,
        "username": "9048751116",
        "first_name": "",
        "last_name": "",
        "email": "",
        "is_staff": false,
        "is_active": true,
        "date_joined": "2022-11-16T09:43:45.885Z",
        "groups": [],
        "user_permissions": []
    }
},
{
    "model": "auth.user",
    "pk": 37,
    "fields": {
        "password": "pbkdf2_sha256$260000$4n6EQnybATSve1OrpxvzEk$mnsTWlDZkJnV+SuJ+qi1luiXBR6g04fW3hogeMwtyhI=",
        "last_login": null,
        "is_superuser": false,
        "username": "9446524379",
        "first_name": "",
        "last_name": "",
        "email": "",
        "is_staff": false,
        "is_active": true,
        "date_joined": "2022-11-16T10:20:07.229Z",
        "groups": [],
        "user_permissions": []
    }
},
{
    "model": "auth.user",
    "pk": 38,
    "fields": {
        "password": "pbkdf2_sha256$260000$RZ4vwPua4FG1YKrlrl6REu$3Q92ASJgQWytho0SKr6tJ0xv3y6VkxqmI01W34ap2r0=",
        "last_login": null,
        "is_superuser": false,
        "username": "9995016227",
        "first_name": "",
        "last_name": "",
        "email": "",
        "is_staff": false,
        "is_active": true,
        "date_joined": "2022-11-17T07:30:07.164Z",
        "groups": [],
        "user_permissions": []
    }
},
{
    "model": "auth.user",
    "pk": 39,
    "fields": {
        "password": "pbkdf2_sha256$260000$zFDJp2pIyjFbnJHJ3b4VL0$g9sT6XqshEANw5Wtsw2gGftuph8t+DjYd4uOoQHUCqE=",
        "last_login": null,
        "is_superuser": false,
        "username": "9446628366",
        "first_name": "",
        "last_name": "",
        "email": "",
        "is_staff": false,
        "is_active": true,
        "date_joined": "2022-12-01T17:05:40.425Z",
        "groups": [],
        "user_permissions": []
    }
},
{
    "model": "auth.user",
    "pk": 40,
    "fields": {
        "password": "pbkdf2_sha256$260000$IGo7nJpN9z7oSoX5qNKWDK$RhwU3LR6r9gwxwS6pJkjhIbIk09nLejKnUMbcmu5TzM=",
        "last_login": null,
        "is_superuser": false,
        "username": "7665566566",
        "first_name": "",
        "last_name": "",
        "email": "",
        "is_staff": false,
        "is_active": true,
        "date_joined": "2022-12-02T10:07:01.682Z",
        "groups": [],
        "user_permissions": []
    }
},
{
    "model": "auth.user",
    "pk": 41,
    "fields": {
        "password": "pbkdf2_sha256$260000$WwL3LrgDRq1UeLpuIXTDO4$slAwjRmW1lTITAkPd1N/2ISx4Gb2AxoXRvsYG5PqeEY=",
        "last_login": null,
        "is_superuser": false,
        "username": "4444444444",
        "first_name": "",
        "last_name": "",
        "email": "",
        "is_staff": false,
        "is_active": true,
        "date_joined": "2022-12-02T10:40:59.285Z",
        "groups": [],
        "user_permissions": []
    }
},
{
    "model": "auth.user",
    "pk": 42,
    "fields": {
        "password": "pbkdf2_sha256$260000$6u4t8ManvU3dAbyKinyZ4X$ys9o7R+Wqt4MAd7N94eLonWMrMF8EUUNMBiMbG7mZDY=",
        "last_login": null,
        "is_superuser": false,
        "username": "0033003303",
        "first_name": "",
        "last_name": "",
        "email": "",
        "is_staff": false,
        "is_active": true,
        "date_joined": "2022-12-02T12:07:16.720Z",
        "groups": [],
        "user_permissions": []
    }
},
{
    "model": "auth.user",
    "pk": 43,
    "fields": {
        "password": "pbkdf2_sha256$260000$0c3rV5vH3eVq1uy7WqmQNf$8M2mFJ5YZOxJqO3wEAwkdteLW8LG2NbPRn+fb/nJ18A=",
        "last_login": null,
        "is_superuser": false,
        "username": "4324324321",
        "first_name": "",
        "last_name": "",
        "email": "",
        "is_staff": false,
        "is_active": true,
        "date_joined": "2022-12-06T05:15:04.137Z",
        "groups": [],
        "user_permissions": []
    }
},
{
    "model": "brands.brand",
    "pk": "0cb49867-7cce-407b-a3d1-4774641e7e06",
    "fields": {
        "auto_id": 1,
        "creator": 1,
        "updater": 1,
        "date_added": "2022-08-27T07:48:56.840Z",
        "date_updated": "2022-08-27T07:48:56.840Z",
        "is_deleted": false,
        "name": "KFC",
        "image": "",
        "logo": "Brand/kfc.png"
    }
},
{
    "model": "brands.brand",
    "pk": "74e1c7a3-344c-4454-ab65-7b7a743d6241",
    "fields": {
        "auto_id": 2,
        "creator": 1,
        "updater": 1,
        "date_added": "2022-08-27T07:49:10.875Z",
        "date_updated": "2022-08-27T07:49:10.875Z",
        "is_deleted": false,
        "name": "Baskin Robbins",
        "image": "",
        "logo": "Brand/br.png"
    }
},
{
    "model": "brands.brand",
    "pk": "93ed8291-bacd-40b4-903d-6d66c8cf4146",
    "fields": {
        "auto_id": 3,
        "creator": 1,
        "updater": 1,
        "date_added": "2022-08-27T07:49:24.282Z",
        "date_updated": "2022-08-27T07:49:24.282Z",
        "is_deleted": false,
        "name": "McDonalds",
        "image": "",
        "logo": "Brand/md.png"
    }
},
{
    "model": "brands.brand",
    "pk": "963dcf4e-d2c8-4af4-9738-ff4cb8d4f6ac",
    "fields": {
        "auto_id": 4,
        "creator": 1,
        "updater": 1,
        "date_added": "2022-08-27T07:49:42.458Z",
        "date_updated": "2022-08-27T07:49:42.458Z",
        "is_deleted": false,
        "name": "Burger King",
        "image": "",
        "logo": "Brand/bk.png"
    }
},
{
    "model": "brands.brand",
    "pk": "dbeb670a-951a-4829-8c9f-cb0cd037be2e",
    "fields": {
        "auto_id": 5,
        "creator": 1,
        "updater": 1,
        "date_added": "2022-08-27T07:50:06.182Z",
        "date_updated": "2022-08-27T07:50:06.182Z",
        "is_deleted": false,
        "name": "Chicking",
        "image": "",
        "logo": "Brand/ck.png"
    }
},
{
    "model": "customers.customer",
    "pk": "0a52b09d-401f-43af-b484-9299f4733860",
    "fields": {
        "auto_id": 12,
        "creator": 13,
        "updater": 13,
        "date_added": "2022-09-15T11:46:39.227Z",
        "date_updated": "2022-09-15T11:46:39.227Z",
        "is_deleted": false,
        "name": "Sathya",
        "phone": "8289943247",
        "email": "Surattippa@gmail.com",
        "location": "Kanhirode",
        "latitude": "11.9155599",
        "longitude": "75.4613681",
        "photo": "Customer/profile/rn_image_picker_lib_temp_5789b2a1-6c65-45b9-b795-247706e9a0c6.jpg",
        "user": 13,
        "password": "gAAAAABjIxCfIFNpS6o3iovQfq-P4HDqSquVRWtmCwGJSn2wZtfuVPfOuTe00uUDkQAn44Kzte8l1LNUXz1Iv9_l1FKxSXoaEg==",
        "otp": "2475",
        "is_active": true
    }
},
{
    "model": "customers.customer",
    "pk": "0c996e20-2203-4f97-93db-9511fb97c373",
    "fields": {
        "auto_id": 9,
        "creator": 10,
        "updater": 10,
        "date_added": "2022-09-12T13:33:45.006Z",
        "date_updated": "2022-09-12T13:33:45.006Z",
        "is_deleted": false,
        "name": "Isthiaq ",
        "phone": "9895975065",
        "email": null,
        "location": "Nediyiruppu",
        "latitude": "11.1199631",
        "longitude": "75.9774115",
        "photo": "",
        "user": 10,
        "password": "gAAAAABjHzU5gIsQk8m_BjGEJuX00VsN4rZTSrFMR1_eHnVKdTGLzVZohWCyi7gJcpA_GqTO4_cjq0QzKVVefBDV7P41EtxNvw==",
        "otp": "5196",
        "is_active": true
    }
},
{
    "model": "customers.customer",
    "pk": "18422908-ed66-48cb-b339-bd1d34c1c0d4",
    "fields": {
        "auto_id": 31,
        "creator": 34,
        "updater": 34,
        "date_added": "2022-11-01T07:32:56.847Z",
        "date_updated": "2022-11-01T07:32:56.847Z",
        "is_deleted": false,
        "name": "testing",
        "phone": "5555555555",
        "email": null,
        "location": "QGXJ+W3 Penangimetta, Kerala, India",
        "latitude": "11.7997568",
        "longitude": "75.53024",
        "photo": "",
        "user": 34,
        "password": "gAAAAABjYMuo2RRVWl4A1FEBtXVtYA0VIGBGwNzWG2BbKqF2OD-WAebm-z_NH06-sgkm2KgEBzAPHDUvf1KC8Cj5aRDyrknZSA==",
        "otp": "2949",
        "is_active": true
    }
},
{
    "model": "customers.customer",
    "pk": "1d87f705-59c6-4915-bd7c-1aecaffe5a66",
    "fields": {
        "auto_id": 27,
        "creator": 30,
        "updater": 30,
        "date_added": "2022-10-13T11:34:18.955Z",
        "date_updated": "2022-10-13T11:34:18.955Z",
        "is_deleted": false,
        "name": "Aryan test",
        "phone": "1234567822",
        "email": null,
        "location": "W7J8+FWV, Valummel, Kochi, Kerala 682005, India",
        "latitude": "9.9312328",
        "longitude": "76.2673041",
        "photo": "",
        "user": 30,
        "password": "gAAAAABjR_e6I1Qzlw74qFBYP1tPnU1wuwDxb-ziIfhA7qkD1cY-RseZAui7RowLaY-K2R2p33dW79k6RbPXVLIygplWh8ebGg==",
        "otp": "2269",
        "is_active": true
    }
},
{
    "model": "customers.customer",
    "pk": "2086c980-f388-48ac-add8-6a9416a971d8",
    "fields": {
        "auto_id": 40,
        "creator": 43,
        "updater": 43,
        "date_added": "2022-12-06T05:15:04.314Z",
        "date_updated": "2022-12-06T05:15:04.314Z",
        "is_deleted": false,
        "name": "varsha-test",
        "phone": "4324324321",
        "email": null,
        "location": "V72C+6C Chalavara, Kerala, India",
        "latitude": "10.8505159",
        "longitude": "76.2710833",
        "photo": "",
        "user": 43,
        "password": "gAAAAABjjs_YmLrjraKa6JT7uZfXnhdE2hLPrQVldifgjhWMcqlPI1gT13e_dV-9kGDxGsG2zczKR6kbn0KYDEAHY3cnUVS_9w==",
        "otp": "3392",
        "is_active": true
    }
},
{
    "model": "customers.customer",
    "pk": "28eefeb8-8d0d-4053-80ff-59e2c0a9a220",
    "fields": {
        "auto_id": 24,
        "creator": 26,
        "updater": 26,
        "date_added": "2022-09-27T04:34:24.771Z",
        "date_updated": "2022-09-27T04:34:24.771Z",
        "is_deleted": false,
        "name": "Nas",
        "phone": "9999999999",
        "email": null,
        "location": "Pukayoor - Chendappuraya Rd",
        "latitude": "11.0722199",
        "longitude": "75.9323523",
        "photo": "",
        "user": 26,
        "password": "gAAAAABjMn1QGp_EO2K6aMgKQGUyEGoZp1WywH9dk76vTlDE3LbS30egynVALqHiGRSlcTi0KAzGwsQtTJ1I8pQ0O6UR59OYFg==",
        "otp": "8204",
        "is_active": true
    }
},
{
    "model": "customers.customer",
    "pk": "2ab9874b-14bc-4193-934d-bf5a42ecaeac",
    "fields": {
        "auto_id": 14,
        "creator": 15,
        "updater": 15,
        "date_added": "2022-09-19T09:27:45.032Z",
        "date_updated": "2022-09-19T09:27:45.032Z",
        "is_deleted": false,
        "name": "Aamir",
        "phone": "7736221905",
        "email": null,
        "location": "Kanhirode",
        "latitude": "11.9155775",
        "longitude": "75.4613852",
        "photo": "",
        "user": 15,
        "password": "gAAAAABjKDYR-6fuCsPKsdgPbK2Kyzior9xMnPvzY03D0JXl-tWOscdwUbt8y26j7UFh3qiCUdtERUQu-tWF9uzLelU1EIikzg==",
        "otp": "2325",
        "is_active": true
    }
},
{
    "model": "customers.customer",
    "pk": "30a7c5f7-1336-4432-a399-26d4ac1e1235",
    "fields": {
        "auto_id": 1,
        "creator": 2,
        "updater": 2,
        "date_added": "2022-08-30T08:00:35.323Z",
        "date_updated": "2022-08-30T08:00:35.323Z",
        "is_deleted": false,
        "name": "Aryan Test",
        "phone": "8089426755",
        "email": null,
        "location": "48MW+QG Thalakolly, Kerala, India",
        "latitude": "10.1344465",
        "longitude": "76.3463624",
        "photo": "",
        "user": 2,
        "password": "gAAAAABjDcOj-D0W7SsVhGiBGdSV0E8mhQ68pjXbLjcestjrBW2OW2b6SSKs7xupdXzhGh3rNyGqJHeCA1Ze60RWcpp_SEAA3g==",
        "otp": "3059",
        "is_active": true
    }
},
{
    "model": "customers.customer",
    "pk": "3bdee461-7810-4967-b1a6-177ac7c2b687",
    "fields": {
        "auto_id": 32,
        "creator": 35,
        "updater": 35,
        "date_added": "2022-11-04T11:57:45.331Z",
        "date_updated": "2022-11-04T11:57:45.331Z",
        "is_deleted": false,
        "name": "testingv",
        "phone": "6666666666",
        "email": null,
        "location": "X9GF+J39, Mangad, Kerala 670562, India",
        "latitude": "11.976704",
        "longitude": "75.3729536",
        "photo": "Customer/profile/named-logo.png",
        "user": 35,
        "password": "gAAAAABjZP45kP3werFD_knzxZJwMMgQXkls-C5NCywdab_g8sJWNJHV42PQVBBpZuhKmTSe1d408aV65fvuHpjhj3a2FVs2FQ==",
        "otp": "7199",
        "is_active": true
    }
},
{
    "model": "customers.customer",
    "pk": "421124ad-49c1-4d9b-a46d-27320ac8b350",
    "fields": {
        "auto_id": 25,
        "creator": 28,
        "updater": 28,
        "date_added": "2022-10-13T05:21:52.305Z",
        "date_updated": "2022-10-13T05:21:52.305Z",
        "is_deleted": false,
        "name": "test",
        "phone": "1234567111",
        "email": null,
        "location": "38C5+QFJ, Eloor, Ernakulam, Kerala 683501, India",
        "latitude": "10.0719525",
        "longitude": "76.30862",
        "photo": "",
        "user": 28,
        "password": "gAAAAABjR6BwWn1-80993flj2YknD-ux4r-4726qsJ-oenwQq_OL68_KsqYYjeMGK61V5BbKOTyIfY72Oni7jqpDFJgGpdtNCQ==",
        "otp": "2051",
        "is_active": true
    }
},
{
    "model": "customers.customer",
    "pk": "43477016-3f34-43d2-892e-4f653908bc5d",
    "fields": {
        "auto_id": 6,
        "creator": 7,
        "updater": 7,
        "date_added": "2022-09-05T09:41:06.773Z",
        "date_updated": "2022-09-05T09:41:06.773Z",
        "is_deleted": false,
        "name": "Faez",
        "phone": "8592057337",
        "email": null,
        "location": "Irinjalakuda",
        "latitude": "10.3588572",
        "longitude": "76.212871",
        "photo": "",
        "user": 7,
        "password": "gAAAAABjFcQybNc5RwW3jf91xtrijrXRECQKq_dUJybKntx4OZ8pZkE6gYs4Ft6Gzec4P7zCil8AzRUkFy314jRGSunCbJXRNg==",
        "otp": "0504",
        "is_active": true
    }
},
{
    "model": "customers.customer",
    "pk": "487a5d10-90d3-422c-91f7-eab6929ed3fa",
    "fields": {
        "auto_id": 37,
        "creator": 40,
        "updater": 40,
        "date_added": "2022-12-02T10:07:01.815Z",
        "date_updated": "2022-12-02T10:07:01.815Z",
        "is_deleted": false,
        "name": "test-varshavt",
        "phone": "7665566566",
        "email": null,
        "location": "SP Office Bus Stop, SP Office Rd, Talap, Kannur, Kerala 670002, India",
        "latitude": "11.8744775",
        "longitude": "75.3703662",
        "photo": "",
        "user": 40,
        "password": "gAAAAABjic5FO_gvTpV-0rEOpiILZkDlBQx40YIDoODFaSHHHLSbqNtw1QbGau3d3QgmSJBdh1F8YatFJUB9y7daDpd3ZaP_Sg==",
        "otp": "5544",
        "is_active": true
    }
},
{
    "model": "customers.customer",
    "pk": "5b965596-71a8-4996-85ac-f9da951ca22c",
    "fields": {
        "auto_id": 3,
        "creator": 4,
        "updater": 4,
        "date_added": "2022-08-31T12:24:35.903Z",
        "date_updated": "2022-08-31T12:24:35.903Z",
        "is_deleted": false,
        "name": "Ambros",
        "phone": "8606436632",
        "email": null,
        "location": "9637+8CH, Irinjalakuda, Kerala 680125, India",
        "latitude": "10.3532508",
        "longitude": "76.2131361",
        "photo": "",
        "user": 4,
        "password": "gAAAAABjD1MDsgTO5GbCWZ3s5AY4aJc-bsPwgmPzjvlrbWv7y1vCDu8jzcP2YuYyCY5rM_-x4RJ1iFZVrlZbKjs9c3s8BxyqOw==",
        "otp": "6709",
        "is_active": false
    }
},
{
    "model": "customers.customer",
    "pk": "6d720bcc-2b8b-40e8-b12b-fd08ec8afa5e",
    "fields": {
        "auto_id": 5,
        "creator": 6,
        "updater": 6,
        "date_added": "2022-09-02T13:00:08.735Z",
        "date_updated": "2022-09-02T13:00:08.735Z",
        "is_deleted": false,
        "name": "Naseef",
        "phone": "7034513604",
        "email": null,
        "location": "Malappuram",
        "latitude": "11.0648412",
        "longitude": "76.1319953",
        "photo": "",
        "user": 6,
        "password": "gAAAAABjEf5YTKV0q9vXFIdUMHUeQ8GFgdwrc6QUHbLKdOiD83VRnzlOFTwCKt9XFxVbmgODo7YNTM2L0qIdvticf6nM6v-1vg==",
        "otp": "3752",
        "is_active": true
    }
},
{
    "model": "customers.customer",
    "pk": "7857b9a6-6e54-4607-8e75-3fa2cb3a0a5e",
    "fields": {
        "auto_id": 30,
        "creator": 33,
        "updater": 33,
        "date_added": "2022-10-31T08:46:28.519Z",
        "date_updated": "2022-10-31T08:46:28.519Z",
        "is_deleted": false,
        "name": "test v",
        "phone": "8888888833",
        "email": null,
        "location": "V72C+6C Chalavara, Kerala, India",
        "latitude": "10.8505159",
        "longitude": "76.2710833",
        "photo": "",
        "user": 33,
        "password": "gAAAAABjX4tkAhICdEo-1ytg_mjlEEPwLTNjV8xYKXx_o-KUF8X4SuXjYJluIqEhTkaypIT8gZfHNPq7_tySq9IsmU16ux34Wg==",
        "otp": "1103",
        "is_active": true
    }
},
{
    "model": "customers.customer",
    "pk": "7c49f266-ea6c-4e62-9eb1-70e0638745a9",
    "fields": {
        "auto_id": 28,
        "creator": 31,
        "updater": 31,
        "date_added": "2022-10-21T04:43:42.152Z",
        "date_updated": "2022-10-21T04:43:42.152Z",
        "is_deleted": false,
        "name": "Sijil",
        "phone": "8138816155",
        "email": null,
        "location": "Mootoli-Kuravatoor Rd",
        "latitude": "11.3242966",
        "longitude": "75.8310616",
        "photo": "Customer/profile/rn_image_picker_lib_temp_d9e0f8b6-3356-4776-a4d9-56bdbe385c69.jpg",
        "user": 31,
        "password": "gAAAAABjUiN-PNITVcYa25UFvXDi-IgytuLXuewQZhu_xICo15zVBKK1nySfpl3cnL-su7rR99R_t3xYqGppADkphnWSd_V4Qw==",
        "otp": "3551",
        "is_active": true
    }
},
{
    "model": "customers.customer",
    "pk": "8378780d-278f-43dd-94e4-f00e348827e1",
    "fields": {
        "auto_id": 26,
        "creator": 29,
        "updater": 29,
        "date_added": "2022-10-13T08:26:52.940Z",
        "date_updated": "2022-10-13T08:26:52.940Z",
        "is_deleted": false,
        "name": "aryan test ",
        "phone": "1111111133",
        "email": null,
        "location": "W7J8+FWV, Valummel, Kochi, Kerala 682005, India",
        "latitude": "9.9312328",
        "longitude": "76.2673041",
        "photo": "",
        "user": 29,
        "password": "gAAAAABjR8vM1Zf4N0Juth8tYTwd8M0IKRf82MlT0FUqHbAEY4ParcATvuxjyKlJIOcNZOwZgMhUVa1kBsom5ihZW6wfYp-TCw==",
        "otp": "0334",
        "is_active": true
    }
},
{
    "model": "customers.customer",
    "pk": "8ec75bfb-8944-4d4c-85cc-2c46c0ba1fd1",
    "fields": {
        "auto_id": 2,
        "creator": 3,
        "updater": 3,
        "date_added": "2022-08-30T09:21:08.179Z",
        "date_updated": "2022-08-30T09:21:08.179Z",
        "is_deleted": false,
        "name": "Sijil",
        "phone": "9048751118",
        "email": null,
        "location": "Kanhirode",
        "latitude": "11.9155928",
        "longitude": "75.4612801",
        "photo": "Customer/profile/IMG_1104.jpg",
        "user": 3,
        "password": "gAAAAABjDdaEzk2aQTwZsrlHK0syDwCbIxPwHrFWe0VUHABpB4MiV4NuGJf667ElfYKm8_vfSCqsk7i9ufCJDxYtiAJBEHHtjQ==",
        "otp": "3698",
        "is_active": true
    }
},
{
    "model": "customers.customer",
    "pk": "8f4a371d-b643-4bfb-8bc1-e4f3041e8951",
    "fields": {
        "auto_id": 29,
        "creator": 32,
        "updater": 32,
        "date_added": "2022-10-31T08:37:12.159Z",
        "date_updated": "2022-10-31T08:37:12.159Z",
        "is_deleted": false,
        "name": "varsha test",
        "phone": "2233445566",
        "email": null,
        "location": "36CH+P9Q, Kunhimangalam, Kerala 670309, India",
        "latitude": "12.0718464",
        "longitude": "75.22846880000002",
        "photo": "",
        "user": 32,
        "password": "gAAAAABjX4k4kUSiZPY8_sz4kkZRf6Cgr1lOQTIK1WR1n5U4P4vl_wXZKNw-2kFNrY1KpG_YFk5fsyvLPjBgPN498UXOJ2AcJg==",
        "otp": "5315",
        "is_active": true
    }
},
{
    "model": "customers.customer",
    "pk": "8fb2f5fa-bab3-409e-a3bf-490564baba05",
    "fields": {
        "auto_id": 17,
        "creator": 19,
        "updater": 19,
        "date_added": "2022-09-25T11:51:06.668Z",
        "date_updated": "2022-09-25T11:51:06.668Z",
        "is_deleted": false,
        "name": "nas",
        "phone": "0000000000",
        "email": null,
        "location": "Chhendipada",
        "latitude": "21.085133",
        "longitude": "84.8750338",
        "photo": "",
        "user": 19,
        "password": "gAAAAABjMECqwWh_cVNNqcrGwP-ZsUmD8t9BiiePSph1snKi1r8LL9cI6ZnzwvaKIAzJOidMSObBQejLGuKIhP2nvcMK4Hu_Rw==",
        "otp": "1487",
        "is_active": true
    }
},
{
    "model": "customers.customer",
    "pk": "9138660f-d595-4c4c-bf7e-fccf403f8c92",
    "fields": {
        "auto_id": 19,
        "creator": 21,
        "updater": 21,
        "date_added": "2022-09-26T07:57:59.150Z",
        "date_updated": "2022-09-26T07:57:59.150Z",
        "is_deleted": false,
        "name": "Rabah",
        "phone": "9961041539",
        "email": null,
        "location": "SH 72",
        "latitude": "11.0542728",
        "longitude": "76.0422732",
        "photo": "",
        "user": 21,
        "password": "gAAAAABjMVuHRF-kF8jDrPRM7OytiMb0x-32EAEBMP_sDfoWGheLb8mTd2VxS3NrDnMeziSVuagjxEPkADqRZpKx_eidZaU0nw==",
        "otp": "1354",
        "is_active": true
    }
},
{
    "model": "customers.customer",
    "pk": "9584d174-9108-4753-81f3-d6a52c3b7419",
    "fields": {
        "auto_id": 11,
        "creator": 12,
        "updater": 12,
        "date_added": "2022-09-13T12:15:52.683Z",
        "date_updated": "2022-09-13T12:15:52.683Z",
        "is_deleted": false,
        "name": "Isthiaq ",
        "phone": "9895595951",
        "email": null,
        "location": "Kondotty",
        "latitude": "11.1412747",
        "longitude": "75.9751338",
        "photo": "",
        "user": 12,
        "password": "gAAAAABjIHR4qNLPVF3VuF54fASLtxa6h-JEq3EhGPegT9E2DweaihCR-6CWCXVWRPYV7ZLV8yS2xTIylw6MbVjyCRwE3NKVlQ==",
        "otp": "4269",
        "is_active": true
    }
},
{
    "model": "customers.customer",
    "pk": "967a29d2-5222-4bff-a749-86823ed84a21",
    "fields": {
        "auto_id": 33,
        "creator": 36,
        "updater": 36,
        "date_added": "2022-11-16T09:43:45.987Z",
        "date_updated": "2022-11-16T09:43:45.987Z",
        "is_deleted": false,
        "name": "Shiji",
        "phone": "9048751116",
        "email": "Swathy@tegain.com",
        "location": "Kanhirode",
        "latitude": "11.9155523",
        "longitude": "75.4613528",
        "photo": "Customer/profile/rn_image_picker_lib_temp_26313c11-b72f-4887-aa14-b1a101597569.jpg",
        "user": 36,
        "password": "gAAAAABjdLDR4yYOmLXq5jZC-EVzLgVCB59ANkXTn5GNUjrOJTDp7uZnkYunmuairjhulpalurcBzIMUc4tzFAMJRQfOaU5wgw==",
        "otp": "9913",
        "is_active": true
    }
},
{
    "model": "customers.customer",
    "pk": "994ca86b-b003-4446-bebc-1470db2f3ad4",
    "fields": {
        "auto_id": 8,
        "creator": 9,
        "updater": 9,
        "date_added": "2022-09-12T12:42:27.143Z",
        "date_updated": "2022-09-12T12:42:27.143Z",
        "is_deleted": false,
        "name": "Suni",
        "phone": "9747994630",
        "email": null,
        "location": "Kanhirode",
        "latitude": "11.915612",
        "longitude": "75.4614033",
        "photo": "",
        "user": 9,
        "password": "gAAAAABjHykzSFAMHntjGHYvxL6hHR_rTyrxoOuSQnyCOhKRqXCr3Wk1atLDkKyvyT56cbhnMZiQe08SQoGxSsX4Turmehd05A==",
        "otp": "8075",
        "is_active": true
    }
},
{
    "model": "customers.customer",
    "pk": "a12665c1-3f0c-4374-96c0-38865c956a8d",
    "fields": {
        "auto_id": 13,
        "creator": 14,
        "updater": 14,
        "date_added": "2022-09-16T04:34:53.204Z",
        "date_updated": "2022-09-16T04:34:53.204Z",
        "is_deleted": false,
        "name": "arshal",
        "phone": "9544334758",
        "email": null,
        "location": "test location",
        "latitude": "10.3552216",
        "longitude": "76.2234964",
        "photo": "",
        "user": 14,
        "password": "gAAAAABjI_ztZWP9ZMyiB9UwMCZfHNpuZp2SHLrGDklTNybsBxnGpXNVmY3-8Afo4wWBuWhyVN5fM9tSi0bPFs_FGr8nqqJTQg==",
        "otp": "0676",
        "is_active": true
    }
},
{
    "model": "customers.customer",
    "pk": "ac1c9402-b0cc-4301-b562-515f438ab923",
    "fields": {
        "auto_id": 35,
        "creator": 38,
        "updater": 38,
        "date_added": "2022-11-17T07:30:07.278Z",
        "date_updated": "2022-11-17T07:30:07.278Z",
        "is_deleted": false,
        "name": "Abdul Musavvir",
        "phone": "9995016227",
        "email": null,
        "location": "Valanchery",
        "latitude": "10.8913392",
        "longitude": "76.0735567",
        "photo": "",
        "user": 38,
        "password": "gAAAAABjdeL_ikfnPb0VBHooxy7i3G0huVpJdeQ0AW1ac4HxfcRUsqxdIuVgAQFq6-oRE0NT4xCzLE-lr6tYxdPbxf8c5dv0VQ==",
        "otp": "1867",
        "is_active": true
    }
},
{
    "model": "customers.customer",
    "pk": "b8a63297-ab7d-4e48-809a-5a14c2b87108",
    "fields": {
        "auto_id": 36,
        "creator": 39,
        "updater": 39,
        "date_added": "2022-12-01T17:05:40.518Z",
        "date_updated": "2022-12-01T17:05:40.518Z",
        "is_deleted": false,
        "name": "varshavttest",
        "phone": "9446628366",
        "email": null,
        "location": "WF86+VJP, Kanhirode, Kerala 670592, India",
        "latitude": "11.915553",
        "longitude": "75.4613526",
        "photo": "",
        "user": 39,
        "password": "gAAAAABjiN7kgURqDkguvaUqroJtx2q8kHqyLLeFobhX-V9BZ6bOx1ooD5hOsntpgOCfNXAglbzdEniI4oDp0GgZmJX1ZVjnoQ==",
        "otp": "5179",
        "is_active": true
    }
},
{
    "model": "customers.customer",
    "pk": "cfbf07f3-8276-489c-9350-928e6ef81c50",
    "fields": {
        "auto_id": 15,
        "creator": 16,
        "updater": 16,
        "date_added": "2022-09-19T10:10:09.452Z",
        "date_updated": "2022-09-19T10:10:09.452Z",
        "is_deleted": false,
        "name": "Kumar",
        "phone": "9446524370",
        "email": null,
        "location": "Kanhirode",
        "latitude": "11.9155718",
        "longitude": "75.4613819",
        "photo": "",
        "user": 16,
        "password": "gAAAAABjKEABPWoxo0lV0uveE0GHyI9XT5KkH_THo7pUrjLOqztNz7ch2HB3f3hmKD5g9d8Od0IAI3LDtV0pwXYPg641c1HWRQ==",
        "otp": "3489",
        "is_active": true
    }
},
{
    "model": "customers.customer",
    "pk": "d4088433-0569-4a36-a09d-15a389a9fabb",
    "fields": {
        "auto_id": 38,
        "creator": 41,
        "updater": 41,
        "date_added": "2022-12-02T10:40:59.375Z",
        "date_updated": "2022-12-02T10:40:59.375Z",
        "is_deleted": false,
        "name": "test-varsha",
        "phone": "4444444444",
        "email": null,
        "location": "WF86+VJP, Kanhirode, Kerala 670592, India",
        "latitude": "11.9155991",
        "longitude": "75.4613904",
        "photo": "",
        "user": 41,
        "password": "gAAAAABjidY7k5jPWDo9vpzny9eTjNj_HHnqeiLo8wdK34qPN3vSEA9sn2Ko572kq0bz76ushwfvWTA8s5xNwP_1ncwgGn6yWQ==",
        "otp": "0991",
        "is_active": true
    }
},
{
    "model": "customers.customer",
    "pk": "d44c909d-7194-440d-97a8-e084104ab846",
    "fields": {
        "auto_id": 34,
        "creator": 37,
        "updater": 37,
        "date_added": "2022-11-16T10:20:07.337Z",
        "date_updated": "2022-11-16T10:20:07.337Z",
        "is_deleted": false,
        "name": "Varsha",
        "phone": "9446524379",
        "email": null,
        "location": "Kanhirode",
        "latitude": "11.9155538",
        "longitude": "75.4613696",
        "photo": "",
        "user": 37,
        "password": "gAAAAABjdLlXG27U52IXZd9oIdWNWB56V_XXBI658AjIwW7kAM-Eon4cVfepqweScWlxgWfE9t42Yw2_QNi5m-3HWWILnbWOlQ==",
        "otp": "4772",
        "is_active": true
    }
},
{
    "model": "customers.customer",
    "pk": "da6395e0-333d-4242-9207-f5d05ab99c72",
    "fields": {
        "auto_id": 10,
        "creator": 11,
        "updater": 11,
        "date_added": "2022-09-13T08:51:04.885Z",
        "date_updated": "2022-09-13T08:51:04.886Z",
        "is_deleted": false,
        "name": "Aswathi. J",
        "phone": "9446524378",
        "email": null,
        "location": "Kanhirode",
        "latitude": "11.9156164",
        "longitude": "75.4614039",
        "photo": "",
        "user": 11,
        "password": "gAAAAABjIER4ELKKiC2DruPPfSxNuUcczE6eRuV7ySuGW-3Rf-9V6pLR2PwicKi_wbmUuEk3_HX8ufK2PvF5H0FIKdEjnWBWSA==",
        "otp": "8877",
        "is_active": true
    }
},
{
    "model": "customers.customer",
    "pk": "e9f4764c-1681-4e7a-9b9d-0bf368918754",
    "fields": {
        "auto_id": 39,
        "creator": 42,
        "updater": 42,
        "date_added": "2022-12-02T12:07:16.819Z",
        "date_updated": "2022-12-02T12:07:16.819Z",
        "is_deleted": false,
        "name": "test varsha",
        "phone": "0033003303",
        "email": null,
        "location": "46QP+VF Alakkad, Kerala, India",
        "latitude": "12.1397033",
        "longitude": "75.2362381",
        "photo": "",
        "user": 42,
        "password": "gAAAAABjiep0wZBmQFYnwVOBm9wBGzk4mu9p4xz_bVjfSwqO-6Ib2_Fi2oBwzFy7HcndxZo8lrTRdYvUWJe6y-AHQ9yUmJBYSA==",
        "otp": "3934",
        "is_active": true
    }
},
{
    "model": "customers.customer",
    "pk": "ebee2d84-6907-4b0f-83bf-e2d9ff1f5a52",
    "fields": {
        "auto_id": 22,
        "creator": 24,
        "updater": 24,
        "date_added": "2022-09-27T03:59:52.058Z",
        "date_updated": "2022-09-27T03:59:52.058Z",
        "is_deleted": false,
        "name": "Jjj",
        "phone": "7777733333",
        "email": null,
        "location": "Panakkad",
        "latitude": "11.0532151",
        "longitude": "76.0432661",
        "photo": "",
        "user": 24,
        "password": "gAAAAABjMnU4tnQ1KRDS50T1-l7NqLGvcovXKDruiC21X4gSOz3ezczgydEShPPoxw9-hQNHiKaor4IiqKtHC5J5ZGha1tOlIQ==",
        "otp": "8737",
        "is_active": true
    }
},
{
    "model": "customers.customer",
    "pk": "ed5834a4-e2bd-488a-9ba3-4a8636a25dc4",
    "fields": {
        "auto_id": 23,
        "creator": 25,
        "updater": 25,
        "date_added": "2022-09-27T04:04:31.706Z",
        "date_updated": "2022-09-27T04:04:31.706Z",
        "is_deleted": false,
        "name": "Jjj",
        "phone": "7777733336",
        "email": null,
        "location": "Panakkad",
        "latitude": "11.0532151",
        "longitude": "76.0432661",
        "photo": "",
        "user": 25,
        "password": "gAAAAABjMnZPSz8pZheI0VXSaw8jb3ZlQ6SI9xWXV3CW2nN5urPIIxE-Ex2XylqCQHqY4920PEE6l-_cL-p0BZ10XFZyVCXjkg==",
        "otp": "9612",
        "is_active": true
    }
},
{
    "model": "customers.customer",
    "pk": "ef46e9f9-7077-4b71-b355-98ec9bc7c25d",
    "fields": {
        "auto_id": 21,
        "creator": 23,
        "updater": 23,
        "date_added": "2022-09-27T03:59:02.667Z",
        "date_updated": "2022-09-27T03:59:02.667Z",
        "is_deleted": false,
        "name": "Jjj",
        "phone": "7736222205",
        "email": null,
        "location": "Panakkad",
        "latitude": "11.0532151",
        "longitude": "76.0432661",
        "photo": "",
        "user": 23,
        "password": "gAAAAABjMnUGB6kvsI8SkDFZ_ozHW6tOFM_ktQwyzxuUEsIctqcQli-nYT1X-OnzEi5dXablG2pEr8WtOTobw0i5DcjWE7TWnQ==",
        "otp": "5591",
        "is_active": true
    }
},
{
    "model": "customers.customer",
    "pk": "f17da712-654f-4114-a4bb-f48bb1b9bf58",
    "fields": {
        "auto_id": 7,
        "creator": 8,
        "updater": 8,
        "date_added": "2022-09-12T11:13:27.707Z",
        "date_updated": "2022-09-12T11:13:27.707Z",
        "is_deleted": false,
        "name": "Salman",
        "phone": "9846133325",
        "email": null,
        "location": "Mountain View",
        "latitude": "37.4215452",
        "longitude": "-122.0837541",
        "photo": "",
        "user": 8,
        "password": "gAAAAABjHxRXBWZqKGe2Yi8ZbkZKMyTsPm9WoMN3C2yWVqcTWl0wnX0y8x3E_MdQl_JADGJWudvETOBYEfM9cxj_uJ2AmNV-Mg==",
        "otp": "7126",
        "is_active": true
    }
},
{
    "model": "customers.customer",
    "pk": "f4bd33e4-a488-45c0-b483-af44823502f3",
    "fields": {
        "auto_id": 20,
        "creator": 22,
        "updater": 22,
        "date_added": "2022-09-26T08:00:16.103Z",
        "date_updated": "2022-09-26T08:00:16.103Z",
        "is_deleted": false,
        "name": "Test",
        "phone": "7736221902",
        "email": null,
        "location": "SH 72",
        "latitude": "11.0542728",
        "longitude": "76.0422732",
        "photo": "",
        "user": 22,
        "password": "gAAAAABjMVwQm7GzLrJQdjHC_8_B9eKfXiRX0i6A-iqoUL-wVKbuwbj350PVe00D9cpDBWeN55lZH6k0DhBPY8ZUlz8C86Ar1Q==",
        "otp": "3635",
        "is_active": true
    }
},
{
    "model": "customers.customer",
    "pk": "f7526bf1-472d-4743-a31e-42ef803c75cc",
    "fields": {
        "auto_id": 16,
        "creator": 18,
        "updater": 18,
        "date_added": "2022-09-22T06:12:44.707Z",
        "date_updated": "2022-09-22T06:12:44.707Z",
        "is_deleted": false,
        "name": "Anju",
        "phone": "9446524375",
        "email": null,
        "location": "Kanhirode",
        "latitude": "11.9156494",
        "longitude": "75.461314",
        "photo": "",
        "user": 18,
        "password": "gAAAAABjK_zctB_zwLynku_977Orw7ex-sr7z18jH6I3kHXciCd0e9e210lNfoQCE8l2LKZWFl6zBc5UJo05fuYnfAaLvWrMEQ==",
        "otp": "2103",
        "is_active": true
    }
},
{
    "model": "customers.customer",
    "pk": "fa31a910-5554-4d03-98ad-67b354ae2b55",
    "fields": {
        "auto_id": 18,
        "creator": 20,
        "updater": 20,
        "date_added": "2022-09-26T07:52:56.339Z",
        "date_updated": "2022-09-26T07:52:56.339Z",
        "is_deleted": false,
        "name": "Najah",
        "phone": "9656566139",
        "email": null,
        "location": "SH 72",
        "latitude": "11.0542728",
        "longitude": "76.0422732",
        "photo": "",
        "user": 20,
        "password": "gAAAAABjMVpY9JEUHqZOzLY7DW2_TUCs-9LYZc3xRcJ7XkiYLVSfSXtT7UiCACPUAsvjbKYuxQnZnRerEUdGXW5zYgIuiLmZKQ==",
        "otp": "1602",
        "is_active": true
    }
},
{
    "model": "customers.customer",
    "pk": "fc9e6ba3-abac-43c3-97fc-f991bb41ffcb",
    "fields": {
        "auto_id": 4,
        "creator": 5,
        "updater": 5,
        "date_added": "2022-09-02T12:32:33.366Z",
        "date_updated": "2022-09-02T12:32:33.366Z",
        "is_deleted": false,
        "name": "Ramshid ali",
        "phone": "9544334756",
        "email": null,
        "location": "Kanhirode",
        "latitude": "11.9156203",
        "longitude": "75.4612411",
        "photo": "Customer/profile/rn_image_picker_lib_temp_c4c8f418-17a7-4533-bf42-19cba619fe62.jpg",
        "user": 5,
        "password": "gAAAAABjI_4e_GI-O1qi1w7BpXziuJHs5V7znHW6QUJD52YtsWv8eEl0e1hFoieUVoh4YHiQgKFJwtBbWti1YJZVTC2vlRv8iw==",
        "otp": "4721",
        "is_active": true
    }
},
{
    "model": "customers.otp",
    "pk": 1,
    "fields": {
        "phone": "8089426755",
        "otp": "1121"
    }
},
{
    "model": "customers.otp",
    "pk": 2,
    "fields": {
        "phone": "9048751118",
        "otp": "3698"
    }
},
{
    "model": "customers.otp",
    "pk": 3,
    "fields": {
        "phone": "8606436632",
        "otp": "1657"
    }
},
{
    "model": "customers.otp",
    "pk": 4,
    "fields": {
        "phone": "9544334756",
        "otp": "3052"
    }
},
{
    "model": "customers.otp",
    "pk": 5,
    "fields": {
        "phone": "7034513604",
        "otp": "1625"
    }
},
{
    "model": "customers.otp",
    "pk": 6,
    "fields": {
        "phone": "8592057337",
        "otp": "9578"
    }
},
{
    "model": "customers.otp",
    "pk": 7,
    "fields": {
        "phone": "9846133325",
        "otp": "3900"
    }
},
{
    "model": "customers.otp",
    "pk": 8,
    "fields": {
        "phone": "9747994630",
        "otp": "8075"
    }
},
{
    "model": "customers.otp",
    "pk": 9,
    "fields": {
        "phone": "9895975065",
        "otp": "5196"
    }
},
{
    "model": "customers.otp",
    "pk": 10,
    "fields": {
        "phone": "9446524378",
        "otp": "8877"
    }
},
{
    "model": "customers.otp",
    "pk": 11,
    "fields": {
        "phone": "9895595951",
        "otp": "4269"
    }
},
{
    "model": "customers.otp",
    "pk": 12,
    "fields": {
        "phone": "8289943247",
        "otp": "2475"
    }
},
{
    "model": "customers.otp",
    "pk": 13,
    "fields": {
        "phone": "9544334758",
        "otp": "0676"
    }
},
{
    "model": "customers.otp",
    "pk": 14,
    "fields": {
        "phone": "7736221905",
        "otp": "9508"
    }
},
{
    "model": "customers.otp",
    "pk": 15,
    "fields": {
        "phone": "9446524370",
        "otp": "3489"
    }
},
{
    "model": "customers.otp",
    "pk": 16,
    "fields": {
        "phone": "95443347530",
        "otp": "2415"
    }
},
{
    "model": "customers.otp",
    "pk": 17,
    "fields": {
        "phone": "9446524375",
        "otp": "2103"
    }
},
{
    "model": "customers.otp",
    "pk": 18,
    "fields": {
        "phone": "9988776655",
        "otp": "5405"
    }
},
{
    "model": "customers.otp",
    "pk": 19,
    "fields": {
        "phone": "0000000000",
        "otp": "1487"
    }
},
{
    "model": "customers.otp",
    "pk": 20,
    "fields": {
        "phone": "9656566139",
        "otp": "1602"
    }
},
{
    "model": "customers.otp",
    "pk": 21,
    "fields": {
        "phone": "9961041539",
        "otp": "1354"
    }
},
{
    "model": "customers.otp",
    "pk": 22,
    "fields": {
        "phone": "7736221902",
        "otp": "3635"
    }
},
{
    "model": "customers.otp",
    "pk": 23,
    "fields": {
        "phone": "7736222205",
        "otp": "5591"
    }
},
{
    "model": "customers.otp",
    "pk": 24,
    "fields": {
        "phone": "7777733333",
        "otp": "8737"
    }
},
{
    "model": "customers.otp",
    "pk": 25,
    "fields": {
        "phone": "7777733336",
        "otp": "9612"
    }
},
{
    "model": "customers.otp",
    "pk": 26,
    "fields": {
        "phone": "9999999999",
        "otp": "8204"
    }
},
{
    "model": "customers.otp",
    "pk": 27,
    "fields": {
        "phone": "1234567111",
        "otp": "2051"
    }
},
{
    "model": "customers.otp",
    "pk": 28,
    "fields": {
        "phone": "1233333331",
        "otp": "7059"
    }
},
{
    "model": "customers.otp",
    "pk": 29,
    "fields": {
        "phone": "1111111133",
        "otp": "0334"
    }
},
{
    "model": "customers.otp",
    "pk": 30,
    "fields": {
        "phone": "1234567822",
        "otp": "2269"
    }
},
{
    "model": "customers.otp",
    "pk": 31,
    "fields": {
        "phone": "8138816155",
        "otp": "4221"
    }
},
{
    "model": "customers.otp",
    "pk": 32,
    "fields": {
        "phone": "9446628366",
        "otp": "4058"
    }
},
{
    "model": "customers.otp",
    "pk": 33,
    "fields": {
        "phone": "9847064490",
        "otp": "5812"
    }
},
{
    "model": "customers.otp",
    "pk": 34,
    "fields": {
        "phone": "2233445566",
        "otp": "0947"
    }
},
{
    "model": "customers.otp",
    "pk": 35,
    "fields": {
        "phone": "8888888833",
        "otp": "0130"
    }
},
{
    "model": "customers.otp",
    "pk": 36,
    "fields": {
        "phone": "7777777777",
        "otp": "0988"
    }
},
{
    "model": "customers.otp",
    "pk": 37,
    "fields": {
        "phone": "4444444444",
        "otp": "0991"
    }
},
{
    "model": "customers.otp",
    "pk": 38,
    "fields": {
        "phone": "6767676767",
        "otp": "4933"
    }
},
{
    "model": "customers.otp",
    "pk": 39,
    "fields": {
        "phone": "5555555555",
        "otp": "2949"
    }
},
{
    "model": "customers.otp",
    "pk": 40,
    "fields": {
        "phone": "2323232323",
        "otp": "0700"
    }
},
{
    "model": "customers.otp",
    "pk": 41,
    "fields": {
        "phone": "3434343434",
        "otp": "4729"
    }
},
{
    "model": "customers.otp",
    "pk": 42,
    "fields": {
        "phone": "6666666666",
        "otp": "6651"
    }
},
{
    "model": "customers.otp",
    "pk": 43,
    "fields": {
        "phone": "9048751116",
        "otp": "9913"
    }
},
{
    "model": "customers.otp",
    "pk": 44,
    "fields": {
        "phone": "9446524379",
        "otp": "4772"
    }
},
{
    "model": "customers.otp",
    "pk": 45,
    "fields": {
        "phone": "9995016227",
        "otp": "1867"
    }
},
{
    "model": "customers.otp",
    "pk": 46,
    "fields": {
        "phone": "9061871595",
        "otp": "7774"
    }
},
{
    "model": "customers.otp",
    "pk": 47,
    "fields": {
        "phone": "8129335569",
        "otp": "5039"
    }
},
{
    "model": "customers.otp",
    "pk": 48,
    "fields": {
        "phone": "9846945506",
        "otp": "1247"
    }
},
{
    "model": "customers.otp",
    "pk": 49,
    "fields": {
        "phone": "8136868506",
        "otp": "5641"
    }
},
{
    "model": "customers.otp",
    "pk": 50,
    "fields": {
        "phone": "9876543218",
        "otp": "7291"
    }
},
{
    "model": "customers.otp",
    "pk": 51,
    "fields": {
        "phone": "9876543217",
        "otp": "5855"
    }
},
{
    "model": "customers.otp",
    "pk": 52,
    "fields": {
        "phone": "9779977977",
        "otp": "5969"
    }
},
{
    "model": "customers.otp",
    "pk": 53,
    "fields": {
        "phone": "9886644322",
        "otp": "6245"
    }
},
{
    "model": "customers.otp",
    "pk": 54,
    "fields": {
        "phone": "7667665366",
        "otp": "5842"
    }
},
{
    "model": "customers.otp",
    "pk": 55,
    "fields": {
        "phone": "3552273688",
        "otp": "2593"
    }
},
{
    "model": "customers.otp",
    "pk": 56,
    "fields": {
        "phone": "3333333333",
        "otp": "1949"
    }
},
{
    "model": "customers.otp",
    "pk": 57,
    "fields": {
        "phone": "4554454544",
        "otp": "8918"
    }
},
{
    "model": "customers.otp",
    "pk": 58,
    "fields": {
        "phone": "1234567896",
        "otp": "3417"
    }
},
{
    "model": "customers.otp",
    "pk": 59,
    "fields": {
        "phone": "9876543212",
        "otp": "8536"
    }
},
{
    "model": "customers.otp",
    "pk": 60,
    "fields": {
        "phone": "7667766766",
        "otp": "5452"
    }
},
{
    "model": "customers.otp",
    "pk": 61,
    "fields": {
        "phone": "9947160692",
        "otp": "1806"
    }
},
{
    "model": "customers.otp",
    "pk": 62,
    "fields": {
        "phone": "1234567890",
        "otp": "7619"
    }
},
{
    "model": "customers.otp",
    "pk": 63,
    "fields": {
        "phone": "8554466366",
        "otp": "9976"
    }
},
{
    "model": "customers.otp",
    "pk": 64,
    "fields": {
        "phone": "9889988999",
        "otp": "4222"
    }
},
{
    "model": "customers.otp",
    "pk": 65,
    "fields": {
        "phone": "8888888888",
        "otp": "5581"
    }
},
{
    "model": "customers.otp",
    "pk": 66,
    "fields": {
        "phone": "8998888899",
        "otp": "1686"
    }
},
{
    "model": "customers.otp",
    "pk": 67,
    "fields": {
        "phone": "0999999099",
        "otp": "6712"
    }
},
{
    "model": "customers.otp",
    "pk": 68,
    "fields": {
        "phone": "2222222222",
        "otp": "5159"
    }
},
{
    "model": "customers.otp",
    "pk": 69,
    "fields": {
        "phone": "2334433422",
        "otp": "8775"
    }
},
{
    "model": "customers.otp",
    "pk": 70,
    "fields": {
        "phone": "6555555555",
        "otp": "8828"
    }
},
{
    "model": "customers.otp",
    "pk": 71,
    "fields": {
        "phone": "7665566566",
        "otp": "5544"
    }
},
{
    "model": "customers.otp",
    "pk": 72,
    "fields": {
        "phone": "0033003303",
        "otp": "8034"
    }
},
{
    "model": "customers.otp",
    "pk": 73,
    "fields": {
        "phone": "9876987698",
        "otp": "0930"
    }
},
{
    "model": "customers.otp",
    "pk": 74,
    "fields": {
        "phone": "5656565656",
        "otp": "3661"
    }
},
{
    "model": "customers.otp",
    "pk": 75,
    "fields": {
        "phone": "1919191919",
        "otp": "4089"
    }
},
{
    "model": "customers.otp",
    "pk": 76,
    "fields": {
        "phone": "6161616161",
        "otp": "7891"
    }
},
{
    "model": "customers.otp",
    "pk": 77,
    "fields": {
        "phone": "6575859515",
        "otp": "8440"
    }
},
{
    "model": "customers.otp",
    "pk": 78,
    "fields": {
        "phone": "4324324321",
        "otp": "3392"
    }
},
{
    "model": "customers.otp",
    "pk": 79,
    "fields": {
        "phone": "4536782341",
        "otp": "1127"
    }
},
{
    "model": "customers.otp",
    "pk": 80,
    "fields": {
        "phone": "8787878234",
        "otp": "6540"
    }
},
{
    "model": "customers.otp",
    "pk": 81,
    "fields": {
        "phone": "5645665356",
        "otp": "0061"
    }
},
{
    "model": "customers.otp",
    "pk": 82,
    "fields": {
        "phone": "1111111111",
        "otp": "9646"
    }
},
{
    "model": "customers.otp",
    "pk": 83,
    "fields": {
        "phone": "8776695644",
        "otp": "1902"
    }
},
{
    "model": "customers.favoritefood",
    "pk": "0005ef4c-bc8c-4ec5-91ba-cb5520ca0509",
    "fields": {
        "auto_id": 32,
        "creator": 34,
        "updater": 34,
        "date_added": "2022-11-02T09:17:04.348Z",
        "date_updated": "2022-11-02T09:17:04.348Z",
        "is_deleted": false,
        "customer": "18422908-ed66-48cb-b339-bd1d34c1c0d4",
        "shop_dish": "f3c2ffab-1fd8-4808-bec6-b537eb866b5b",
        "is_favorite": false
    }
},
{
    "model": "customers.favoritefood",
    "pk": "02dcd705-df2c-4bfa-bfd9-71dd94d2d661",
    "fields": {
        "auto_id": 1,
        "creator": 18,
        "updater": 18,
        "date_added": "2022-09-22T06:17:35.496Z",
        "date_updated": "2022-09-22T06:17:35.496Z",
        "is_deleted": false,
        "customer": "f7526bf1-472d-4743-a31e-42ef803c75cc",
        "shop_dish": "7b2fc62e-32fb-4241-b986-015e9fced68b",
        "is_favorite": true
    }
},
{
    "model": "customers.favoritefood",
    "pk": "08053e14-9ff9-4d52-971b-71f2faf2df78",
    "fields": {
        "auto_id": 56,
        "creator": 35,
        "updater": 35,
        "date_added": "2022-11-08T17:33:29.933Z",
        "date_updated": "2022-11-08T17:33:29.933Z",
        "is_deleted": false,
        "customer": "3bdee461-7810-4967-b1a6-177ac7c2b687",
        "shop_dish": "09758127-0d1b-49ca-8b10-bd270f9d54d7",
        "is_favorite": false
    }
},
{
    "model": "customers.favoritefood",
    "pk": "0ed0d45c-66e8-47c2-a6e6-406d4b88c290",
    "fields": {
        "auto_id": 25,
        "creator": 31,
        "updater": 31,
        "date_added": "2022-10-26T06:11:37.978Z",
        "date_updated": "2022-10-26T06:11:37.978Z",
        "is_deleted": false,
        "customer": "7c49f266-ea6c-4e62-9eb1-70e0638745a9",
        "shop_dish": "7b2fc62e-32fb-4241-b986-015e9fced68b",
        "is_favorite": false
    }
},
{
    "model": "customers.favoritefood",
    "pk": "194c930e-6d0d-4070-987e-f431bfcb3826",
    "fields": {
        "auto_id": 42,
        "creator": 34,
        "updater": 34,
        "date_added": "2022-11-02T11:31:35.262Z",
        "date_updated": "2022-11-02T11:31:35.262Z",
        "is_deleted": false,
        "customer": "18422908-ed66-48cb-b339-bd1d34c1c0d4",
        "shop_dish": "d52d2486-1edd-4000-af97-2e425211f676",
        "is_favorite": true
    }
},
{
    "model": "customers.favoritefood",
    "pk": "1c665573-67d7-4eb2-a5bd-329c18ce6a44",
    "fields": {
        "auto_id": 65,
        "creator": 35,
        "updater": 35,
        "date_added": "2022-11-21T10:46:22.737Z",
        "date_updated": "2022-11-21T10:46:22.737Z",
        "is_deleted": false,
        "customer": "3bdee461-7810-4967-b1a6-177ac7c2b687",
        "shop_dish": "11b25e27-65fc-42c9-ac40-787b9ec757e1",
        "is_favorite": false
    }
},
{
    "model": "customers.favoritefood",
    "pk": "236530a1-0f04-4027-8405-556e3a8b1e8d",
    "fields": {
        "auto_id": 70,
        "creator": 31,
        "updater": 31,
        "date_added": "2022-11-30T10:58:41.249Z",
        "date_updated": "2022-11-30T10:58:41.249Z",
        "is_deleted": false,
        "customer": "7c49f266-ea6c-4e62-9eb1-70e0638745a9",
        "shop_dish": "c85a58aa-cd6a-45e5-a484-c6c8b7a6d0ed",
        "is_favorite": true
    }
},
{
    "model": "customers.favoritefood",
    "pk": "2687c0a2-af4e-471a-980c-026668de6a36",
    "fields": {
        "auto_id": 40,
        "creator": 34,
        "updater": 34,
        "date_added": "2022-11-02T10:15:12.698Z",
        "date_updated": "2022-11-02T10:15:12.698Z",
        "is_deleted": false,
        "customer": "18422908-ed66-48cb-b339-bd1d34c1c0d4",
        "shop_dish": "d8d26ff0-a8e7-45a0-b9ea-67de6c48c0c0",
        "is_favorite": true
    }
},
{
    "model": "customers.favoritefood",
    "pk": "27f6a40a-d1e0-4989-b8c8-49e58662296a",
    "fields": {
        "auto_id": 57,
        "creator": 35,
        "updater": 35,
        "date_added": "2022-11-09T08:52:10.691Z",
        "date_updated": "2022-11-09T08:52:10.691Z",
        "is_deleted": false,
        "customer": "3bdee461-7810-4967-b1a6-177ac7c2b687",
        "shop_dish": "ba408008-378b-4efb-a0a9-270e213d8d98",
        "is_favorite": false
    }
},
{
    "model": "customers.favoritefood",
    "pk": "2aa7d29a-685f-4898-8b71-30efa7111b78",
    "fields": {
        "auto_id": 17,
        "creator": 28,
        "updater": 28,
        "date_added": "2022-10-13T05:54:23.998Z",
        "date_updated": "2022-10-13T05:54:23.998Z",
        "is_deleted": false,
        "customer": "421124ad-49c1-4d9b-a46d-27320ac8b350",
        "shop_dish": "44382c97-a800-40f9-b783-d6627ea1a0e9",
        "is_favorite": false
    }
},
{
    "model": "customers.favoritefood",
    "pk": "2e20a3fd-90ff-4564-8874-f89c566414eb",
    "fields": {
        "auto_id": 64,
        "creator": 25,
        "updater": 25,
        "date_added": "2022-11-18T12:31:04.972Z",
        "date_updated": "2022-11-18T12:31:04.972Z",
        "is_deleted": false,
        "customer": "ed5834a4-e2bd-488a-9ba3-4a8636a25dc4",
        "shop_dish": "9572b7be-68e7-4ee9-8bc6-6140f0249938",
        "is_favorite": true
    }
},
{
    "model": "customers.favoritefood",
    "pk": "354bab34-3e63-4072-821b-c145397a9828",
    "fields": {
        "auto_id": 13,
        "creator": 28,
        "updater": 28,
        "date_added": "2022-10-13T05:26:49.502Z",
        "date_updated": "2022-10-13T05:26:49.502Z",
        "is_deleted": false,
        "customer": "421124ad-49c1-4d9b-a46d-27320ac8b350",
        "shop_dish": "65e0e769-b86a-45e1-b1c2-90edb769c710",
        "is_favorite": true
    }
},
{
    "model": "customers.favoritefood",
    "pk": "382f29b9-4bdc-4b13-8f17-c82568b4d779",
    "fields": {
        "auto_id": 18,
        "creator": 28,
        "updater": 28,
        "date_added": "2022-10-13T05:55:59.248Z",
        "date_updated": "2022-10-13T05:55:59.248Z",
        "is_deleted": false,
        "customer": "421124ad-49c1-4d9b-a46d-27320ac8b350",
        "shop_dish": "47f1a9bf-691f-419c-ba0f-e9f8499757e7",
        "is_favorite": true
    }
},
{
    "model": "customers.favoritefood",
    "pk": "383684af-7582-4b3e-8bbc-7b0df8a2ac0a",
    "fields": {
        "auto_id": 16,
        "creator": 28,
        "updater": 28,
        "date_added": "2022-10-13T05:54:18.390Z",
        "date_updated": "2022-10-13T05:54:18.390Z",
        "is_deleted": false,
        "customer": "421124ad-49c1-4d9b-a46d-27320ac8b350",
        "shop_dish": "630f4cf7-b0e1-4b10-b19c-7b49654229c1",
        "is_favorite": true
    }
},
{
    "model": "customers.favoritefood",
    "pk": "3a81e2bd-5da7-4578-894d-5d194c22aa30",
    "fields": {
        "auto_id": 3,
        "creator": 2,
        "updater": 2,
        "date_added": "2022-09-27T12:37:43.977Z",
        "date_updated": "2022-09-27T12:37:43.977Z",
        "is_deleted": false,
        "customer": "30a7c5f7-1336-4432-a399-26d4ac1e1235",
        "shop_dish": "ba408008-378b-4efb-a0a9-270e213d8d98",
        "is_favorite": false
    }
},
{
    "model": "customers.favoritefood",
    "pk": "3d5c4f85-acc1-4a79-8c72-c115192113eb",
    "fields": {
        "auto_id": 69,
        "creator": 31,
        "updater": 31,
        "date_added": "2022-11-30T10:58:39.863Z",
        "date_updated": "2022-11-30T10:58:39.863Z",
        "is_deleted": false,
        "customer": "7c49f266-ea6c-4e62-9eb1-70e0638745a9",
        "shop_dish": "9572b7be-68e7-4ee9-8bc6-6140f0249938",
        "is_favorite": true
    }
},
{
    "model": "customers.favoritefood",
    "pk": "3f4f35b2-c8c1-411c-9a74-c7e792bceada",
    "fields": {
        "auto_id": 34,
        "creator": 34,
        "updater": 34,
        "date_added": "2022-11-02T09:20:53.024Z",
        "date_updated": "2022-11-02T09:20:53.024Z",
        "is_deleted": false,
        "customer": "18422908-ed66-48cb-b339-bd1d34c1c0d4",
        "shop_dish": "eb88184d-a67d-49cd-9c84-68978427ccd4",
        "is_favorite": true
    }
},
{
    "model": "customers.favoritefood",
    "pk": "435defd7-5d00-4a8f-b794-21a73a37d882",
    "fields": {
        "auto_id": 22,
        "creator": 29,
        "updater": 29,
        "date_added": "2022-10-13T08:27:33.302Z",
        "date_updated": "2022-10-13T08:27:33.302Z",
        "is_deleted": false,
        "customer": "8378780d-278f-43dd-94e4-f00e348827e1",
        "shop_dish": "75948282-41f6-4f7b-af27-96caa0fb8e35",
        "is_favorite": true
    }
},
{
    "model": "customers.favoritefood",
    "pk": "43d116ed-fc38-4949-971f-7742791ac940",
    "fields": {
        "auto_id": 54,
        "creator": 35,
        "updater": 35,
        "date_added": "2022-11-07T08:42:34.862Z",
        "date_updated": "2022-11-07T08:42:34.862Z",
        "is_deleted": false,
        "customer": "3bdee461-7810-4967-b1a6-177ac7c2b687",
        "shop_dish": "d52d2486-1edd-4000-af97-2e425211f676",
        "is_favorite": false
    }
},
{
    "model": "customers.favoritefood",
    "pk": "49933f17-a889-4bcf-a42c-4da4d419ed48",
    "fields": {
        "auto_id": 59,
        "creator": 35,
        "updater": 35,
        "date_added": "2022-11-09T11:58:41.878Z",
        "date_updated": "2022-11-09T11:58:41.878Z",
        "is_deleted": false,
        "customer": "3bdee461-7810-4967-b1a6-177ac7c2b687",
        "shop_dish": "952c6741-73a3-4705-96b4-2797a8d3abd1",
        "is_favorite": false
    }
},
{
    "model": "customers.favoritefood",
    "pk": "49b0f9ad-0e19-48d7-a81b-6e3c3d184be5",
    "fields": {
        "auto_id": 45,
        "creator": 34,
        "updater": 34,
        "date_added": "2022-11-03T04:30:06.288Z",
        "date_updated": "2022-11-03T04:30:06.288Z",
        "is_deleted": false,
        "customer": "18422908-ed66-48cb-b339-bd1d34c1c0d4",
        "shop_dish": "da913352-fb6a-4042-bae9-07eae4f8d59c",
        "is_favorite": false
    }
},
{
    "model": "customers.favoritefood",
    "pk": "4a2c92e0-0dd5-4512-a20d-aa928e830508",
    "fields": {
        "auto_id": 27,
        "creator": 31,
        "updater": 31,
        "date_added": "2022-10-26T09:16:29.739Z",
        "date_updated": "2022-10-26T09:16:29.739Z",
        "is_deleted": false,
        "customer": "7c49f266-ea6c-4e62-9eb1-70e0638745a9",
        "shop_dish": "2933cce4-141d-42a0-80a5-796d6a65333b",
        "is_favorite": false
    }
},
{
    "model": "customers.favoritefood",
    "pk": "4aa6a60e-17ce-4470-884f-83c211947db5",
    "fields": {
        "auto_id": 35,
        "creator": 34,
        "updater": 34,
        "date_added": "2022-11-02T09:23:12.749Z",
        "date_updated": "2022-11-02T09:23:12.749Z",
        "is_deleted": false,
        "customer": "18422908-ed66-48cb-b339-bd1d34c1c0d4",
        "shop_dish": "3fe6f27c-3ef6-4989-92b9-7a5aca3fa4d6",
        "is_favorite": true
    }
},
{
    "model": "customers.favoritefood",
    "pk": "4ba861ee-e2f5-48e2-9814-a168e63e72b6",
    "fields": {
        "auto_id": 12,
        "creator": 2,
        "updater": 2,
        "date_added": "2022-10-12T18:59:54.461Z",
        "date_updated": "2022-10-12T18:59:54.461Z",
        "is_deleted": false,
        "customer": "30a7c5f7-1336-4432-a399-26d4ac1e1235",
        "shop_dish": "75948282-41f6-4f7b-af27-96caa0fb8e35",
        "is_favorite": false
    }
},
{
    "model": "customers.favoritefood",
    "pk": "50da901c-fb39-479c-88a9-6ef4122e679c",
    "fields": {
        "auto_id": 33,
        "creator": 34,
        "updater": 34,
        "date_added": "2022-11-02T09:20:41.669Z",
        "date_updated": "2022-11-02T09:20:41.670Z",
        "is_deleted": false,
        "customer": "18422908-ed66-48cb-b339-bd1d34c1c0d4",
        "shop_dish": "7b2fc62e-32fb-4241-b986-015e9fced68b",
        "is_favorite": false
    }
},
{
    "model": "customers.favoritefood",
    "pk": "5114c283-bd51-4154-a1b2-69e9ebfab42f",
    "fields": {
        "auto_id": 30,
        "creator": 34,
        "updater": 34,
        "date_added": "2022-11-02T07:30:01.806Z",
        "date_updated": "2022-11-02T07:30:01.806Z",
        "is_deleted": false,
        "customer": "18422908-ed66-48cb-b339-bd1d34c1c0d4",
        "shop_dish": "6036bfd3-f50c-492a-acc0-7898a9c5dc94",
        "is_favorite": true
    }
},
{
    "model": "customers.favoritefood",
    "pk": "53dffa03-54af-4fef-9ef7-5e942b89b815",
    "fields": {
        "auto_id": 61,
        "creator": 35,
        "updater": 35,
        "date_added": "2022-11-09T11:58:53.972Z",
        "date_updated": "2022-11-09T11:58:53.972Z",
        "is_deleted": false,
        "customer": "3bdee461-7810-4967-b1a6-177ac7c2b687",
        "shop_dish": "f130b746-7fcd-4b45-9d8d-e1a7e50295ca",
        "is_favorite": false
    }
},
{
    "model": "customers.favoritefood",
    "pk": "5ee5cc4c-9176-41b1-9684-b7638ea2711e",
    "fields": {
        "auto_id": 19,
        "creator": 28,
        "updater": 28,
        "date_added": "2022-10-13T08:17:35.589Z",
        "date_updated": "2022-10-13T08:17:35.589Z",
        "is_deleted": false,
        "customer": "421124ad-49c1-4d9b-a46d-27320ac8b350",
        "shop_dish": "6abdce93-2daf-4066-a839-3cecb4184bff",
        "is_favorite": true
    }
},
{
    "model": "customers.favoritefood",
    "pk": "5f639569-7cea-4762-9c1a-ceec7d2f019a",
    "fields": {
        "auto_id": 7,
        "creator": 2,
        "updater": 2,
        "date_added": "2022-10-03T12:15:19.471Z",
        "date_updated": "2022-10-03T12:15:19.471Z",
        "is_deleted": false,
        "customer": "30a7c5f7-1336-4432-a399-26d4ac1e1235",
        "shop_dish": "47f1a9bf-691f-419c-ba0f-e9f8499757e7",
        "is_favorite": false
    }
},
{
    "model": "customers.favoritefood",
    "pk": "61e2b27d-1657-494c-a3e8-ae67f242dca3",
    "fields": {
        "auto_id": 24,
        "creator": 30,
        "updater": 30,
        "date_added": "2022-10-13T11:37:52.227Z",
        "date_updated": "2022-10-13T11:37:52.227Z",
        "is_deleted": false,
        "customer": "1d87f705-59c6-4915-bd7c-1aecaffe5a66",
        "shop_dish": "eb88184d-a67d-49cd-9c84-68978427ccd4",
        "is_favorite": true
    }
},
{
    "model": "customers.favoritefood",
    "pk": "6a77ff64-5d7b-4bce-bf27-f1bc72509e92",
    "fields": {
        "auto_id": 5,
        "creator": 6,
        "updater": 6,
        "date_added": "2022-09-30T08:53:25.329Z",
        "date_updated": "2022-09-30T08:53:25.329Z",
        "is_deleted": false,
        "customer": "6d720bcc-2b8b-40e8-b12b-fd08ec8afa5e",
        "shop_dish": "9dc1eb97-a1e2-4513-b5d5-b509e1af339e",
        "is_favorite": true
    }
},
{
    "model": "customers.favoritefood",
    "pk": "6e150acc-7721-41dc-ab17-a3b2263f2315",
    "fields": {
        "auto_id": 47,
        "creator": 35,
        "updater": 35,
        "date_added": "2022-11-07T04:11:21.869Z",
        "date_updated": "2022-11-07T04:11:21.869Z",
        "is_deleted": false,
        "customer": "3bdee461-7810-4967-b1a6-177ac7c2b687",
        "shop_dish": "f3c2ffab-1fd8-4808-bec6-b537eb866b5b",
        "is_favorite": false
    }
},
{
    "model": "customers.favoritefood",
    "pk": "71abb925-e2da-4061-9c1f-a25c60b1465f",
    "fields": {
        "auto_id": 39,
        "creator": 34,
        "updater": 34,
        "date_added": "2022-11-02T09:41:08.278Z",
        "date_updated": "2022-11-02T09:41:08.278Z",
        "is_deleted": false,
        "customer": "18422908-ed66-48cb-b339-bd1d34c1c0d4",
        "shop_dish": "09758127-0d1b-49ca-8b10-bd270f9d54d7",
        "is_favorite": false
    }
},
{
    "model": "customers.favoritefood",
    "pk": "750e4cc8-5ceb-4acf-b1b1-6d783d069449",
    "fields": {
        "auto_id": 53,
        "creator": 35,
        "updater": 35,
        "date_added": "2022-11-07T07:30:57.808Z",
        "date_updated": "2022-11-07T07:30:57.808Z",
        "is_deleted": false,
        "customer": "3bdee461-7810-4967-b1a6-177ac7c2b687",
        "shop_dish": "423d1fb7-73b4-48dd-90f1-2b4c42736cfe",
        "is_favorite": false
    }
},
{
    "model": "customers.favoritefood",
    "pk": "756453fb-dab0-456d-8aef-401fbf1ccbff",
    "fields": {
        "auto_id": 52,
        "creator": 35,
        "updater": 35,
        "date_added": "2022-11-07T07:30:56.124Z",
        "date_updated": "2022-11-07T07:30:56.124Z",
        "is_deleted": false,
        "customer": "3bdee461-7810-4967-b1a6-177ac7c2b687",
        "shop_dish": "2c960bf2-fa2c-4bf3-a966-8dcc354a391c",
        "is_favorite": false
    }
},
{
    "model": "customers.favoritefood",
    "pk": "7fbb44b9-eec3-4335-9eac-601ce3ba4e57",
    "fields": {
        "auto_id": 10,
        "creator": 2,
        "updater": 2,
        "date_added": "2022-10-12T14:44:55.358Z",
        "date_updated": "2022-10-12T14:44:55.358Z",
        "is_deleted": false,
        "customer": "30a7c5f7-1336-4432-a399-26d4ac1e1235",
        "shop_dish": "630f4cf7-b0e1-4b10-b19c-7b49654229c1",
        "is_favorite": false
    }
},
{
    "model": "customers.favoritefood",
    "pk": "83c012c6-f7b6-4559-99cb-be4e08251ebb",
    "fields": {
        "auto_id": 49,
        "creator": 35,
        "updater": 35,
        "date_added": "2022-11-07T07:30:47.643Z",
        "date_updated": "2022-11-07T07:30:47.643Z",
        "is_deleted": false,
        "customer": "3bdee461-7810-4967-b1a6-177ac7c2b687",
        "shop_dish": "3a9dee55-3269-4106-94e3-291d4b81a4ef",
        "is_favorite": false
    }
},
{
    "model": "customers.favoritefood",
    "pk": "87b58467-b47c-47cd-bbbc-9136f0daebd2",
    "fields": {
        "auto_id": 68,
        "creator": 12,
        "updater": 12,
        "date_added": "2022-11-30T09:11:22.079Z",
        "date_updated": "2022-11-30T09:11:22.079Z",
        "is_deleted": false,
        "customer": "9584d174-9108-4753-81f3-d6a52c3b7419",
        "shop_dish": "c85a58aa-cd6a-45e5-a484-c6c8b7a6d0ed",
        "is_favorite": false
    }
},
{
    "model": "customers.favoritefood",
    "pk": "8992537b-d2e2-4f18-ba04-9636e0774c1c",
    "fields": {
        "auto_id": 37,
        "creator": 34,
        "updater": 34,
        "date_added": "2022-11-02T09:37:06.999Z",
        "date_updated": "2022-11-02T09:37:06.999Z",
        "is_deleted": false,
        "customer": "18422908-ed66-48cb-b339-bd1d34c1c0d4",
        "shop_dish": "85c54fae-782d-43ac-b513-943ab7e23d0b",
        "is_favorite": true
    }
},
{
    "model": "customers.favoritefood",
    "pk": "91523eb0-e2c4-42c2-a85a-87de1afcb3be",
    "fields": {
        "auto_id": 44,
        "creator": 34,
        "updater": 34,
        "date_added": "2022-11-03T04:30:02.381Z",
        "date_updated": "2022-11-03T04:30:02.381Z",
        "is_deleted": false,
        "customer": "18422908-ed66-48cb-b339-bd1d34c1c0d4",
        "shop_dish": "23117055-9ce0-48f6-8d1c-06a4a48b4702",
        "is_favorite": true
    }
},
{
    "model": "customers.favoritefood",
    "pk": "91e01ec4-5e9e-4617-8118-7b2fe8d083cd",
    "fields": {
        "auto_id": 28,
        "creator": 31,
        "updater": 31,
        "date_added": "2022-10-26T09:21:06.316Z",
        "date_updated": "2022-10-26T09:21:06.316Z",
        "is_deleted": false,
        "customer": "7c49f266-ea6c-4e62-9eb1-70e0638745a9",
        "shop_dish": "75948282-41f6-4f7b-af27-96caa0fb8e35",
        "is_favorite": false
    }
},
{
    "model": "customers.favoritefood",
    "pk": "9665d0d5-f6f6-4009-8524-2f357bf1f23c",
    "fields": {
        "auto_id": 6,
        "creator": 2,
        "updater": 2,
        "date_added": "2022-10-03T10:19:38.909Z",
        "date_updated": "2022-10-03T10:19:38.909Z",
        "is_deleted": false,
        "customer": "30a7c5f7-1336-4432-a399-26d4ac1e1235",
        "shop_dish": "65e0e769-b86a-45e1-b1c2-90edb769c710",
        "is_favorite": false
    }
},
{
    "model": "customers.favoritefood",
    "pk": "9b563fe9-460f-43ae-8829-057f71ea532c",
    "fields": {
        "auto_id": 48,
        "creator": 35,
        "updater": 35,
        "date_added": "2022-11-07T07:30:16.024Z",
        "date_updated": "2022-11-07T07:30:16.024Z",
        "is_deleted": false,
        "customer": "3bdee461-7810-4967-b1a6-177ac7c2b687",
        "shop_dish": "eb88184d-a67d-49cd-9c84-68978427ccd4",
        "is_favorite": false
    }
},
{
    "model": "customers.favoritefood",
    "pk": "9d347f17-cc8c-4960-9154-9f9f7696bbad",
    "fields": {
        "auto_id": 50,
        "creator": 35,
        "updater": 35,
        "date_added": "2022-11-07T07:30:51.871Z",
        "date_updated": "2022-11-07T07:30:51.871Z",
        "is_deleted": false,
        "customer": "3bdee461-7810-4967-b1a6-177ac7c2b687",
        "shop_dish": "7b2fc62e-32fb-4241-b986-015e9fced68b",
        "is_favorite": false
    }
},
{
    "model": "customers.favoritefood",
    "pk": "9fb23d59-3ad4-458c-aad8-e56204e272d2",
    "fields": {
        "auto_id": 58,
        "creator": 35,
        "updater": 35,
        "date_added": "2022-11-09T11:15:47.018Z",
        "date_updated": "2022-11-09T11:15:47.018Z",
        "is_deleted": false,
        "customer": "3bdee461-7810-4967-b1a6-177ac7c2b687",
        "shop_dish": "70c76ba5-704f-4ad6-891d-0da15025a6c8",
        "is_favorite": false
    }
},
{
    "model": "customers.favoritefood",
    "pk": "a21819ae-5863-4201-98d6-0184f46d4cb2",
    "fields": {
        "auto_id": 46,
        "creator": 35,
        "updater": 35,
        "date_added": "2022-11-07T04:02:55.653Z",
        "date_updated": "2022-11-07T04:02:55.653Z",
        "is_deleted": false,
        "customer": "3bdee461-7810-4967-b1a6-177ac7c2b687",
        "shop_dish": "da913352-fb6a-4042-bae9-07eae4f8d59c",
        "is_favorite": false
    }
},
{
    "model": "customers.favoritefood",
    "pk": "a23c258c-8528-4ce7-a5a3-c2c4df2b4041",
    "fields": {
        "auto_id": 36,
        "creator": 34,
        "updater": 34,
        "date_added": "2022-11-02T09:23:21.128Z",
        "date_updated": "2022-11-02T09:23:21.128Z",
        "is_deleted": false,
        "customer": "18422908-ed66-48cb-b339-bd1d34c1c0d4",
        "shop_dish": "9a8a4a00-1e79-47c8-b6a1-2b6d0fa85a83",
        "is_favorite": true
    }
},
{
    "model": "customers.favoritefood",
    "pk": "a360d6c6-e528-4e74-bfc4-0b5f3de5f676",
    "fields": {
        "auto_id": 8,
        "creator": 2,
        "updater": 2,
        "date_added": "2022-10-03T12:15:55.974Z",
        "date_updated": "2022-10-03T12:15:55.974Z",
        "is_deleted": false,
        "customer": "30a7c5f7-1336-4432-a399-26d4ac1e1235",
        "shop_dish": "7b2fc62e-32fb-4241-b986-015e9fced68b",
        "is_favorite": false
    }
},
{
    "model": "customers.favoritefood",
    "pk": "a3fb5d9f-18ea-43e2-b3d0-92a3c44770f7",
    "fields": {
        "auto_id": 23,
        "creator": 30,
        "updater": 30,
        "date_added": "2022-10-13T11:34:58.521Z",
        "date_updated": "2022-10-13T11:34:58.521Z",
        "is_deleted": false,
        "customer": "1d87f705-59c6-4915-bd7c-1aecaffe5a66",
        "shop_dish": "ba408008-378b-4efb-a0a9-270e213d8d98",
        "is_favorite": false
    }
},
{
    "model": "customers.favoritefood",
    "pk": "ad3b091a-e1c6-4ace-bb07-02af76ac82d3",
    "fields": {
        "auto_id": 60,
        "creator": 35,
        "updater": 35,
        "date_added": "2022-11-09T11:58:50.312Z",
        "date_updated": "2022-11-09T11:58:50.313Z",
        "is_deleted": false,
        "customer": "3bdee461-7810-4967-b1a6-177ac7c2b687",
        "shop_dish": "93fe3d32-0ae7-4b71-8103-8de222148071",
        "is_favorite": false
    }
},
{
    "model": "customers.favoritefood",
    "pk": "ad6a115f-08ae-44ac-a065-b4e133864bf2",
    "fields": {
        "auto_id": 71,
        "creator": 31,
        "updater": 31,
        "date_added": "2022-11-30T12:15:14.859Z",
        "date_updated": "2022-11-30T12:15:14.859Z",
        "is_deleted": false,
        "customer": "7c49f266-ea6c-4e62-9eb1-70e0638745a9",
        "shop_dish": "11b25e27-65fc-42c9-ac40-787b9ec757e1",
        "is_favorite": true
    }
},
{
    "model": "customers.favoritefood",
    "pk": "ade4475d-f158-4d93-aad2-79408190b9b4",
    "fields": {
        "auto_id": 11,
        "creator": 2,
        "updater": 2,
        "date_added": "2022-10-12T14:44:58.947Z",
        "date_updated": "2022-10-12T14:44:58.947Z",
        "is_deleted": false,
        "customer": "30a7c5f7-1336-4432-a399-26d4ac1e1235",
        "shop_dish": "2933cce4-141d-42a0-80a5-796d6a65333b",
        "is_favorite": false
    }
},
{
    "model": "customers.favoritefood",
    "pk": "ae0df6e2-e210-448d-b1e4-8a03906f2185",
    "fields": {
        "auto_id": 15,
        "creator": 28,
        "updater": 28,
        "date_added": "2022-10-13T05:54:12.022Z",
        "date_updated": "2022-10-13T05:54:12.022Z",
        "is_deleted": false,
        "customer": "421124ad-49c1-4d9b-a46d-27320ac8b350",
        "shop_dish": "2933cce4-141d-42a0-80a5-796d6a65333b",
        "is_favorite": true
    }
},
{
    "model": "customers.favoritefood",
    "pk": "b3d8b4c7-b0cd-4d91-886c-371e1050d3da",
    "fields": {
        "auto_id": 51,
        "creator": 35,
        "updater": 35,
        "date_added": "2022-11-07T07:30:53.578Z",
        "date_updated": "2022-11-07T07:30:53.578Z",
        "is_deleted": false,
        "customer": "3bdee461-7810-4967-b1a6-177ac7c2b687",
        "shop_dish": "6036bfd3-f50c-492a-acc0-7898a9c5dc94",
        "is_favorite": false
    }
},
{
    "model": "customers.favoritefood",
    "pk": "bc0029a0-c0b8-4987-bce2-0e9100c5d134",
    "fields": {
        "auto_id": 26,
        "creator": 31,
        "updater": 31,
        "date_added": "2022-10-26T09:16:27.987Z",
        "date_updated": "2022-10-26T09:16:27.987Z",
        "is_deleted": false,
        "customer": "7c49f266-ea6c-4e62-9eb1-70e0638745a9",
        "shop_dish": "44382c97-a800-40f9-b783-d6627ea1a0e9",
        "is_favorite": false
    }
},
{
    "model": "customers.favoritefood",
    "pk": "bc371bd3-c56c-4a3c-af3a-3585aeaed8fb",
    "fields": {
        "auto_id": 21,
        "creator": 29,
        "updater": 29,
        "date_added": "2022-10-13T08:27:27.348Z",
        "date_updated": "2022-10-13T08:27:27.348Z",
        "is_deleted": false,
        "customer": "8378780d-278f-43dd-94e4-f00e348827e1",
        "shop_dish": "2933cce4-141d-42a0-80a5-796d6a65333b",
        "is_favorite": true
    }
},
{
    "model": "customers.favoritefood",
    "pk": "c3d23bf9-9479-4fbd-bfac-9ffd8e762497",
    "fields": {
        "auto_id": 62,
        "creator": 35,
        "updater": 35,
        "date_added": "2022-11-09T11:58:57.556Z",
        "date_updated": "2022-11-09T11:58:57.556Z",
        "is_deleted": false,
        "customer": "3bdee461-7810-4967-b1a6-177ac7c2b687",
        "shop_dish": "aa372bbe-bd97-492a-bbf9-9969bb9e3e79",
        "is_favorite": false
    }
},
{
    "model": "customers.favoritefood",
    "pk": "c3de2d0f-c2ae-4063-94c7-be67698b0426",
    "fields": {
        "auto_id": 38,
        "creator": 34,
        "updater": 34,
        "date_added": "2022-11-02T09:37:53.927Z",
        "date_updated": "2022-11-02T09:37:53.927Z",
        "is_deleted": false,
        "customer": "18422908-ed66-48cb-b339-bd1d34c1c0d4",
        "shop_dish": "908840cd-e5f0-4ac9-acd1-bd6d43d4cac2",
        "is_favorite": true
    }
},
{
    "model": "customers.favoritefood",
    "pk": "c552f5ff-27ed-4fd1-9220-a94f6a136aae",
    "fields": {
        "auto_id": 66,
        "creator": 31,
        "updater": 31,
        "date_added": "2022-11-22T09:30:46.844Z",
        "date_updated": "2022-11-22T09:30:46.844Z",
        "is_deleted": false,
        "customer": "7c49f266-ea6c-4e62-9eb1-70e0638745a9",
        "shop_dish": "3a9dee55-3269-4106-94e3-291d4b81a4ef",
        "is_favorite": false
    }
},
{
    "model": "customers.favoritefood",
    "pk": "c7788873-dc7f-428b-a424-ddead19a2dbb",
    "fields": {
        "auto_id": 4,
        "creator": 6,
        "updater": 6,
        "date_added": "2022-09-29T10:39:06.872Z",
        "date_updated": "2022-09-29T10:39:06.872Z",
        "is_deleted": false,
        "customer": "6d720bcc-2b8b-40e8-b12b-fd08ec8afa5e",
        "shop_dish": "67626b11-ffeb-4d26-aba1-874916ce281d",
        "is_favorite": true
    }
},
{
    "model": "customers.favoritefood",
    "pk": "ce02a7d6-e3e2-48af-b01d-a9d831629b2a",
    "fields": {
        "auto_id": 41,
        "creator": 34,
        "updater": 34,
        "date_added": "2022-11-02T10:39:34.250Z",
        "date_updated": "2022-11-02T10:39:34.250Z",
        "is_deleted": false,
        "customer": "18422908-ed66-48cb-b339-bd1d34c1c0d4",
        "shop_dish": "423d1fb7-73b4-48dd-90f1-2b4c42736cfe",
        "is_favorite": false
    }
},
{
    "model": "customers.favoritefood",
    "pk": "d233d4e6-567a-4b03-8d79-496fe2f16c09",
    "fields": {
        "auto_id": 31,
        "creator": 34,
        "updater": 34,
        "date_added": "2022-11-02T07:32:17.643Z",
        "date_updated": "2022-11-02T07:32:17.643Z",
        "is_deleted": false,
        "customer": "18422908-ed66-48cb-b339-bd1d34c1c0d4",
        "shop_dish": "3a9dee55-3269-4106-94e3-291d4b81a4ef",
        "is_favorite": true
    }
},
{
    "model": "customers.favoritefood",
    "pk": "d4564c70-90ae-4040-bae1-b65580b4f96e",
    "fields": {
        "auto_id": 20,
        "creator": 29,
        "updater": 29,
        "date_added": "2022-10-13T08:27:18.499Z",
        "date_updated": "2022-10-13T08:27:18.499Z",
        "is_deleted": false,
        "customer": "8378780d-278f-43dd-94e4-f00e348827e1",
        "shop_dish": "ba408008-378b-4efb-a0a9-270e213d8d98",
        "is_favorite": true
    }
},
{
    "model": "customers.favoritefood",
    "pk": "e4c886fb-4e5e-4887-9cfc-80479c22ff86",
    "fields": {
        "auto_id": 67,
        "creator": 31,
        "updater": 31,
        "date_added": "2022-11-22T09:30:50.908Z",
        "date_updated": "2022-11-22T09:30:50.908Z",
        "is_deleted": false,
        "customer": "7c49f266-ea6c-4e62-9eb1-70e0638745a9",
        "shop_dish": "74835634-db1d-4632-a19b-07245492c415",
        "is_favorite": false
    }
},
{
    "model": "customers.favoritefood",
    "pk": "e4efc0bf-2290-49f5-b596-6fd59dee69e7",
    "fields": {
        "auto_id": 14,
        "creator": 28,
        "updater": 28,
        "date_added": "2022-10-13T05:54:07.869Z",
        "date_updated": "2022-10-13T05:54:07.869Z",
        "is_deleted": false,
        "customer": "421124ad-49c1-4d9b-a46d-27320ac8b350",
        "shop_dish": "ba408008-378b-4efb-a0a9-270e213d8d98",
        "is_favorite": true
    }
},
{
    "model": "customers.favoritefood",
    "pk": "e7c06d1c-608a-4d78-ba18-bd013ac98b5d",
    "fields": {
        "auto_id": 2,
        "creator": 18,
        "updater": 18,
        "date_added": "2022-09-22T07:17:45.326Z",
        "date_updated": "2022-09-22T07:17:45.326Z",
        "is_deleted": false,
        "customer": "f7526bf1-472d-4743-a31e-42ef803c75cc",
        "shop_dish": "65e0e769-b86a-45e1-b1c2-90edb769c710",
        "is_favorite": true
    }
},
{
    "model": "customers.favoritefood",
    "pk": "eb2defac-e0bb-4066-80bb-d2fd34569c65",
    "fields": {
        "auto_id": 9,
        "creator": 2,
        "updater": 2,
        "date_added": "2022-10-12T14:44:50.250Z",
        "date_updated": "2022-10-12T14:44:50.250Z",
        "is_deleted": false,
        "customer": "30a7c5f7-1336-4432-a399-26d4ac1e1235",
        "shop_dish": "70c76ba5-704f-4ad6-891d-0da15025a6c8",
        "is_favorite": false
    }
},
{
    "model": "customers.favoritefood",
    "pk": "f2093d5f-c0bc-4d77-b253-cc9b51a73210",
    "fields": {
        "auto_id": 63,
        "creator": 38,
        "updater": 38,
        "date_added": "2022-11-17T07:30:38.010Z",
        "date_updated": "2022-11-17T07:30:38.010Z",
        "is_deleted": false,
        "customer": "ac1c9402-b0cc-4301-b562-515f438ab923",
        "shop_dish": "5036f2a5-9bf6-48bd-9547-b0fc00a8a6fa",
        "is_favorite": false
    }
},
{
    "model": "customers.favoritefood",
    "pk": "f2b09b6d-0f5e-4b41-9bd4-eb7d80b32334",
    "fields": {
        "auto_id": 55,
        "creator": 35,
        "updater": 35,
        "date_added": "2022-11-07T08:42:37.782Z",
        "date_updated": "2022-11-07T08:42:37.782Z",
        "is_deleted": false,
        "customer": "3bdee461-7810-4967-b1a6-177ac7c2b687",
        "shop_dish": "aa24dd67-7706-4e48-ab76-fa5fd34e5da4",
        "is_favorite": false
    }
},
{
    "model": "customers.favoritefood",
    "pk": "f6ea607e-1f58-4da7-85fd-5034576518ac",
    "fields": {
        "auto_id": 43,
        "creator": 34,
        "updater": 34,
        "date_added": "2022-11-03T04:03:49.050Z",
        "date_updated": "2022-11-03T04:03:49.050Z",
        "is_deleted": false,
        "customer": "18422908-ed66-48cb-b339-bd1d34c1c0d4",
        "shop_dish": "aa24dd67-7706-4e48-ab76-fa5fd34e5da4",
        "is_favorite": true
    }
},
{
    "model": "customers.favoritefood",
    "pk": "fe93d17e-953f-4c39-a2ab-f80d072b3c9e",
    "fields": {
        "auto_id": 29,
        "creator": 34,
        "updater": 34,
        "date_added": "2022-11-02T07:29:56.099Z",
        "date_updated": "2022-11-02T07:29:56.099Z",
        "is_deleted": false,
        "customer": "18422908-ed66-48cb-b339-bd1d34c1c0d4",
        "shop_dish": "2c960bf2-fa2c-4bf3-a966-8dcc354a391c",
        "is_favorite": true
    }
},
{
    "model": "customers.favoriterestaurant",
    "pk": "01db2991-8ff0-4d47-922d-638e5b09ef19",
    "fields": {
        "auto_id": 9,
        "creator": 6,
        "updater": 6,
        "date_added": "2022-09-29T10:40:06.983Z",
        "date_updated": "2022-09-29T10:40:06.983Z",
        "is_deleted": false,
        "shop": "86dfe25a-5395-4280-8891-2c82b997a8aa",
        "customer": "6d720bcc-2b8b-40e8-b12b-fd08ec8afa5e",
        "is_favorite": false
    }
},
{
    "model": "customers.favoriterestaurant",
    "pk": "041a2417-7108-4777-b250-c798ac51f993",
    "fields": {
        "auto_id": 2,
        "creator": 18,
        "updater": 18,
        "date_added": "2022-09-22T06:14:27.333Z",
        "date_updated": "2022-09-22T06:14:27.333Z",
        "is_deleted": false,
        "shop": "5620d27a-c16f-4792-8cb4-f221128e8696",
        "customer": "f7526bf1-472d-4743-a31e-42ef803c75cc",
        "is_favorite": false
    }
},
{
    "model": "customers.favoriterestaurant",
    "pk": "08679234-3d11-4024-b673-005bb08f6e67",
    "fields": {
        "auto_id": 36,
        "creator": 38,
        "updater": 38,
        "date_added": "2022-11-17T09:50:06.801Z",
        "date_updated": "2022-11-17T09:50:06.801Z",
        "is_deleted": false,
        "shop": "5a4954b1-70de-430e-a661-3b25e512f6d1",
        "customer": "ac1c9402-b0cc-4301-b562-515f438ab923",
        "is_favorite": false
    }
},
{
    "model": "customers.favoriterestaurant",
    "pk": "0a72e687-9012-47cd-b95a-dd1dd306db18",
    "fields": {
        "auto_id": 29,
        "creator": 35,
        "updater": 35,
        "date_added": "2022-11-07T07:30:23.589Z",
        "date_updated": "2022-11-07T07:30:23.589Z",
        "is_deleted": false,
        "shop": "5a4954b1-70de-430e-a661-3b25e512f6d1",
        "customer": "3bdee461-7810-4967-b1a6-177ac7c2b687",
        "is_favorite": true
    }
},
{
    "model": "customers.favoriterestaurant",
    "pk": "0fda90b0-2ce1-4364-a94e-e0d64e737202",
    "fields": {
        "auto_id": 30,
        "creator": 35,
        "updater": 35,
        "date_added": "2022-11-07T07:30:39.102Z",
        "date_updated": "2022-11-07T07:30:39.102Z",
        "is_deleted": false,
        "shop": "86dfe25a-5395-4280-8891-2c82b997a8aa",
        "customer": "3bdee461-7810-4967-b1a6-177ac7c2b687",
        "is_favorite": false
    }
},
{
    "model": "customers.favoriterestaurant",
    "pk": "1339472f-201e-411d-a7b0-05de3f1f0ebc",
    "fields": {
        "auto_id": 25,
        "creator": 34,
        "updater": 34,
        "date_added": "2022-11-03T07:24:44.444Z",
        "date_updated": "2022-11-03T07:24:44.444Z",
        "is_deleted": false,
        "shop": "5a4954b1-70de-430e-a661-3b25e512f6d1",
        "customer": "18422908-ed66-48cb-b339-bd1d34c1c0d4",
        "is_favorite": true
    }
},
{
    "model": "customers.favoriterestaurant",
    "pk": "19468f9a-37f1-4300-a4c6-58b79af684e3",
    "fields": {
        "auto_id": 10,
        "creator": 6,
        "updater": 6,
        "date_added": "2022-09-29T10:46:16.833Z",
        "date_updated": "2022-09-29T10:46:16.833Z",
        "is_deleted": false,
        "shop": "5620d27a-c16f-4792-8cb4-f221128e8696",
        "customer": "6d720bcc-2b8b-40e8-b12b-fd08ec8afa5e",
        "is_favorite": false
    }
},
{
    "model": "customers.favoriterestaurant",
    "pk": "23a7a8df-525a-41e7-b698-e9609ecde809",
    "fields": {
        "auto_id": 1,
        "creator": 18,
        "updater": 18,
        "date_added": "2022-09-22T06:13:25.815Z",
        "date_updated": "2022-09-22T06:13:25.815Z",
        "is_deleted": false,
        "shop": "d4663394-c94c-4465-8779-1b9cfcb00e61",
        "customer": "f7526bf1-472d-4743-a31e-42ef803c75cc",
        "is_favorite": false
    }
},
{
    "model": "customers.favoriterestaurant",
    "pk": "286bda7a-3176-490d-b8e1-332e0d301f86",
    "fields": {
        "auto_id": 18,
        "creator": 31,
        "updater": 31,
        "date_added": "2022-10-25T06:30:43.638Z",
        "date_updated": "2022-10-25T06:30:43.638Z",
        "is_deleted": false,
        "shop": "98387e4a-c061-4437-a623-3d0fbdf033be",
        "customer": "7c49f266-ea6c-4e62-9eb1-70e0638745a9",
        "is_favorite": false
    }
},
{
    "model": "customers.favoriterestaurant",
    "pk": "33fcee99-a0ab-4dce-9586-c621fa43f0e9",
    "fields": {
        "auto_id": 34,
        "creator": 36,
        "updater": 36,
        "date_added": "2022-11-16T10:00:39.696Z",
        "date_updated": "2022-11-16T10:00:39.696Z",
        "is_deleted": false,
        "shop": "5620d27a-c16f-4792-8cb4-f221128e8696",
        "customer": "967a29d2-5222-4bff-a749-86823ed84a21",
        "is_favorite": true
    }
},
{
    "model": "customers.favoriterestaurant",
    "pk": "356b5a41-90ec-4e23-b271-af9666bfe113",
    "fields": {
        "auto_id": 28,
        "creator": 34,
        "updater": 34,
        "date_added": "2022-11-03T11:37:49.463Z",
        "date_updated": "2022-11-03T11:37:49.463Z",
        "is_deleted": false,
        "shop": "d4663394-c94c-4465-8779-1b9cfcb00e61",
        "customer": "18422908-ed66-48cb-b339-bd1d34c1c0d4",
        "is_favorite": true
    }
},
{
    "model": "customers.favoriterestaurant",
    "pk": "452c71b2-e586-41d7-982b-07042e1c024d",
    "fields": {
        "auto_id": 8,
        "creator": 2,
        "updater": 2,
        "date_added": "2022-09-29T08:27:30.030Z",
        "date_updated": "2022-09-29T08:27:30.031Z",
        "is_deleted": false,
        "shop": "d4663394-c94c-4465-8779-1b9cfcb00e61",
        "customer": "30a7c5f7-1336-4432-a399-26d4ac1e1235",
        "is_favorite": false
    }
},
{
    "model": "customers.favoriterestaurant",
    "pk": "4b0692b1-9b1b-496b-a337-ddc0393e824e",
    "fields": {
        "auto_id": 31,
        "creator": 35,
        "updater": 35,
        "date_added": "2022-11-07T07:30:41.447Z",
        "date_updated": "2022-11-07T07:30:41.447Z",
        "is_deleted": false,
        "shop": "ace47b2a-df92-4795-935a-06d2745d4717",
        "customer": "3bdee461-7810-4967-b1a6-177ac7c2b687",
        "is_favorite": false
    }
},
{
    "model": "customers.favoriterestaurant",
    "pk": "55c97b38-9544-4922-9aff-39b62a1b10a0",
    "fields": {
        "auto_id": 7,
        "creator": 2,
        "updater": 2,
        "date_added": "2022-09-29T08:27:26.649Z",
        "date_updated": "2022-09-29T08:27:26.649Z",
        "is_deleted": false,
        "shop": "ace47b2a-df92-4795-935a-06d2745d4717",
        "customer": "30a7c5f7-1336-4432-a399-26d4ac1e1235",
        "is_favorite": true
    }
},
{
    "model": "customers.favoriterestaurant",
    "pk": "604c8dd0-eef0-4284-b2f1-a2dc2247a49b",
    "fields": {
        "auto_id": 5,
        "creator": 2,
        "updater": 2,
        "date_added": "2022-09-27T09:38:39.870Z",
        "date_updated": "2022-09-27T09:38:39.870Z",
        "is_deleted": false,
        "shop": "5a4954b1-70de-430e-a661-3b25e512f6d1",
        "customer": "30a7c5f7-1336-4432-a399-26d4ac1e1235",
        "is_favorite": false
    }
},
{
    "model": "customers.favoriterestaurant",
    "pk": "61359ae8-f98b-48db-8d9f-bbd6bbac2605",
    "fields": {
        "auto_id": 35,
        "creator": 38,
        "updater": 38,
        "date_added": "2022-11-17T09:49:51.680Z",
        "date_updated": "2022-11-17T09:49:51.680Z",
        "is_deleted": false,
        "shop": "5600daf9-d87c-4fb1-8a37-96a2866d7484",
        "customer": "ac1c9402-b0cc-4301-b562-515f438ab923",
        "is_favorite": false
    }
},
{
    "model": "customers.favoriterestaurant",
    "pk": "684b0bd3-7e05-4087-a0b9-40f79d079425",
    "fields": {
        "auto_id": 26,
        "creator": 34,
        "updater": 34,
        "date_added": "2022-11-03T07:26:19.042Z",
        "date_updated": "2022-11-03T07:26:19.042Z",
        "is_deleted": false,
        "shop": "86dfe25a-5395-4280-8891-2c82b997a8aa",
        "customer": "18422908-ed66-48cb-b339-bd1d34c1c0d4",
        "is_favorite": true
    }
},
{
    "model": "customers.favoriterestaurant",
    "pk": "7b321e5b-519d-48c5-8549-d66d0546ea49",
    "fields": {
        "auto_id": 20,
        "creator": 31,
        "updater": 31,
        "date_added": "2022-10-25T09:39:32.364Z",
        "date_updated": "2022-10-25T09:39:32.364Z",
        "is_deleted": false,
        "shop": "41f5f4ad-8b60-4d83-bdd3-5b241ac39543",
        "customer": "7c49f266-ea6c-4e62-9eb1-70e0638745a9",
        "is_favorite": true
    }
},
{
    "model": "customers.favoriterestaurant",
    "pk": "7cfe4db9-b130-4f54-a2e7-28c8c9dd1df5",
    "fields": {
        "auto_id": 11,
        "creator": 6,
        "updater": 6,
        "date_added": "2022-09-29T10:58:36.923Z",
        "date_updated": "2022-09-29T10:58:36.923Z",
        "is_deleted": false,
        "shop": "98387e4a-c061-4437-a623-3d0fbdf033be",
        "customer": "6d720bcc-2b8b-40e8-b12b-fd08ec8afa5e",
        "is_favorite": true
    }
},
{
    "model": "customers.favoriterestaurant",
    "pk": "7e9e4feb-3675-4791-8c81-68558eaaa9c7",
    "fields": {
        "auto_id": 15,
        "creator": 30,
        "updater": 30,
        "date_added": "2022-10-13T11:34:37.933Z",
        "date_updated": "2022-10-13T11:34:37.933Z",
        "is_deleted": false,
        "shop": "98387e4a-c061-4437-a623-3d0fbdf033be",
        "customer": "1d87f705-59c6-4915-bd7c-1aecaffe5a66",
        "is_favorite": false
    }
},
{
    "model": "customers.favoriterestaurant",
    "pk": "807963cf-1734-435d-b84e-16efc90fffe5",
    "fields": {
        "auto_id": 3,
        "creator": 6,
        "updater": 6,
        "date_added": "2022-09-27T09:08:21.921Z",
        "date_updated": "2022-09-27T09:08:21.921Z",
        "is_deleted": false,
        "shop": "5a4954b1-70de-430e-a661-3b25e512f6d1",
        "customer": "6d720bcc-2b8b-40e8-b12b-fd08ec8afa5e",
        "is_favorite": false
    }
},
{
    "model": "customers.favoriterestaurant",
    "pk": "96003ef5-0acf-467f-8ef4-892c6543c9f4",
    "fields": {
        "auto_id": 6,
        "creator": 2,
        "updater": 2,
        "date_added": "2022-09-27T09:42:46.846Z",
        "date_updated": "2022-09-27T09:42:46.846Z",
        "is_deleted": false,
        "shop": "86dfe25a-5395-4280-8891-2c82b997a8aa",
        "customer": "30a7c5f7-1336-4432-a399-26d4ac1e1235",
        "is_favorite": true
    }
},
{
    "model": "customers.favoriterestaurant",
    "pk": "9dd1712c-5104-41cd-9fc0-386659c53cd9",
    "fields": {
        "auto_id": 12,
        "creator": 6,
        "updater": 6,
        "date_added": "2022-09-29T11:07:29.993Z",
        "date_updated": "2022-09-29T11:07:29.993Z",
        "is_deleted": false,
        "shop": "d4663394-c94c-4465-8779-1b9cfcb00e61",
        "customer": "6d720bcc-2b8b-40e8-b12b-fd08ec8afa5e",
        "is_favorite": true
    }
},
{
    "model": "customers.favoriterestaurant",
    "pk": "9e8d7ee7-e404-4cbf-bd29-d77a6ee1ec49",
    "fields": {
        "auto_id": 23,
        "creator": 31,
        "updater": 31,
        "date_added": "2022-10-26T09:29:32.045Z",
        "date_updated": "2022-10-26T09:29:32.045Z",
        "is_deleted": false,
        "shop": "86dfe25a-5395-4280-8891-2c82b997a8aa",
        "customer": "7c49f266-ea6c-4e62-9eb1-70e0638745a9",
        "is_favorite": false
    }
},
{
    "model": "customers.favoriterestaurant",
    "pk": "a3b1b6b0-3ff2-437b-aa36-eece5db4d425",
    "fields": {
        "auto_id": 27,
        "creator": 34,
        "updater": 34,
        "date_added": "2022-11-03T11:27:38.422Z",
        "date_updated": "2022-11-03T11:27:38.422Z",
        "is_deleted": false,
        "shop": "ace47b2a-df92-4795-935a-06d2745d4717",
        "customer": "18422908-ed66-48cb-b339-bd1d34c1c0d4",
        "is_favorite": true
    }
},
{
    "model": "customers.favoriterestaurant",
    "pk": "a7f25976-2f72-4f75-834c-b478c047b22f",
    "fields": {
        "auto_id": 24,
        "creator": 34,
        "updater": 34,
        "date_added": "2022-11-03T07:24:38.991Z",
        "date_updated": "2022-11-03T07:24:38.991Z",
        "is_deleted": false,
        "shop": "98387e4a-c061-4437-a623-3d0fbdf033be",
        "customer": "18422908-ed66-48cb-b339-bd1d34c1c0d4",
        "is_favorite": true
    }
},
{
    "model": "customers.favoriterestaurant",
    "pk": "a8ecbd3b-f82a-4549-b51f-cf552f3e0b72",
    "fields": {
        "auto_id": 22,
        "creator": 31,
        "updater": 31,
        "date_added": "2022-10-26T09:22:27.941Z",
        "date_updated": "2022-10-26T09:22:27.941Z",
        "is_deleted": false,
        "shop": "5a4954b1-70de-430e-a661-3b25e512f6d1",
        "customer": "7c49f266-ea6c-4e62-9eb1-70e0638745a9",
        "is_favorite": false
    }
},
{
    "model": "customers.favoriterestaurant",
    "pk": "b7d677a5-163b-4e69-a33f-a91636b4d663",
    "fields": {
        "auto_id": 37,
        "creator": 5,
        "updater": 5,
        "date_added": "2022-12-08T11:10:50.733Z",
        "date_updated": "2022-12-08T11:10:50.733Z",
        "is_deleted": false,
        "shop": "5a4954b1-70de-430e-a661-3b25e512f6d1",
        "customer": "fc9e6ba3-abac-43c3-97fc-f991bb41ffcb",
        "is_favorite": false
    }
},
{
    "model": "customers.favoriterestaurant",
    "pk": "bb2b7f97-4cfb-457c-95e3-89fef49f68de",
    "fields": {
        "auto_id": 13,
        "creator": 28,
        "updater": 28,
        "date_added": "2022-10-13T05:22:09.857Z",
        "date_updated": "2022-10-13T05:22:09.857Z",
        "is_deleted": false,
        "shop": "98387e4a-c061-4437-a623-3d0fbdf033be",
        "customer": "421124ad-49c1-4d9b-a46d-27320ac8b350",
        "is_favorite": false
    }
},
{
    "model": "customers.favoriterestaurant",
    "pk": "cadb11dc-7ee2-4129-aa09-61252499a86e",
    "fields": {
        "auto_id": 32,
        "creator": 35,
        "updater": 35,
        "date_added": "2022-11-09T04:10:22.816Z",
        "date_updated": "2022-11-09T04:10:22.816Z",
        "is_deleted": false,
        "shop": "98387e4a-c061-4437-a623-3d0fbdf033be",
        "customer": "3bdee461-7810-4967-b1a6-177ac7c2b687",
        "is_favorite": false
    }
},
{
    "model": "customers.favoriterestaurant",
    "pk": "cc0f5593-19d8-4dc2-a5c2-4bff18028fe3",
    "fields": {
        "auto_id": 4,
        "creator": 2,
        "updater": 2,
        "date_added": "2022-09-27T09:27:48.748Z",
        "date_updated": "2022-09-27T09:27:48.748Z",
        "is_deleted": false,
        "shop": "98387e4a-c061-4437-a623-3d0fbdf033be",
        "customer": "30a7c5f7-1336-4432-a399-26d4ac1e1235",
        "is_favorite": true
    }
},
{
    "model": "customers.favoriterestaurant",
    "pk": "d09a7b4e-c873-43a7-a2f6-c189f4f11f53",
    "fields": {
        "auto_id": 16,
        "creator": 31,
        "updater": 31,
        "date_added": "2022-10-25T05:54:24.640Z",
        "date_updated": "2022-10-25T05:54:24.640Z",
        "is_deleted": false,
        "shop": "b3196079-4664-424c-8a57-65c02a5da414",
        "customer": "7c49f266-ea6c-4e62-9eb1-70e0638745a9",
        "is_favorite": false
    }
},
{
    "model": "customers.favoriterestaurant",
    "pk": "d12462af-7b25-4938-a9cc-b8b39c4d697b",
    "fields": {
        "auto_id": 19,
        "creator": 31,
        "updater": 31,
        "date_added": "2022-10-25T06:30:58.178Z",
        "date_updated": "2022-10-25T06:30:58.178Z",
        "is_deleted": false,
        "shop": "5620d27a-c16f-4792-8cb4-f221128e8696",
        "customer": "7c49f266-ea6c-4e62-9eb1-70e0638745a9",
        "is_favorite": true
    }
},
{
    "model": "customers.favoriterestaurant",
    "pk": "e9dddabd-4677-497c-8a7a-288450b8d28b",
    "fields": {
        "auto_id": 14,
        "creator": 29,
        "updater": 29,
        "date_added": "2022-10-13T08:27:07.481Z",
        "date_updated": "2022-10-13T08:27:07.481Z",
        "is_deleted": false,
        "shop": "98387e4a-c061-4437-a623-3d0fbdf033be",
        "customer": "8378780d-278f-43dd-94e4-f00e348827e1",
        "is_favorite": true
    }
},
{
    "model": "customers.favoriterestaurant",
    "pk": "f16155e6-2871-42c6-91af-c05d9dcca2d3",
    "fields": {
        "auto_id": 21,
        "creator": 31,
        "updater": 31,
        "date_added": "2022-10-25T09:39:34.408Z",
        "date_updated": "2022-10-25T09:39:34.408Z",
        "is_deleted": false,
        "shop": "5600daf9-d87c-4fb1-8a37-96a2866d7484",
        "customer": "7c49f266-ea6c-4e62-9eb1-70e0638745a9",
        "is_favorite": false
    }
},
{
    "model": "customers.favoriterestaurant",
    "pk": "f1761811-7648-4a5e-bb2b-a609098a293f",
    "fields": {
        "auto_id": 33,
        "creator": 36,
        "updater": 36,
        "date_added": "2022-11-16T10:00:36.552Z",
        "date_updated": "2022-11-16T10:00:36.552Z",
        "is_deleted": false,
        "shop": "5600daf9-d87c-4fb1-8a37-96a2866d7484",
        "customer": "967a29d2-5222-4bff-a749-86823ed84a21",
        "is_favorite": true
    }
},
{
    "model": "customers.favoriterestaurant",
    "pk": "f5defb19-2827-47b9-9d75-05cc70c818ab",
    "fields": {
        "auto_id": 17,
        "creator": 31,
        "updater": 31,
        "date_added": "2022-10-25T06:02:43.916Z",
        "date_updated": "2022-10-25T06:02:43.916Z",
        "is_deleted": false,
        "shop": "d4663394-c94c-4465-8779-1b9cfcb00e61",
        "customer": "7c49f266-ea6c-4e62-9eb1-70e0638745a9",
        "is_favorite": false
    }
},
{
    "model": "customers.appfeedback",
    "pk": 1,
    "fields": {
        "customer": "6d720bcc-2b8b-40e8-b12b-fd08ec8afa5e",
        "rating": 2,
        "feedback": "",
        "date_added": "2022-09-13T11:27:00.611Z"
    }
},
{
    "model": "dishes.cuisine",
    "pk": "03a28f0a-0997-42b0-8a3e-286e2710c740",
    "fields": {
        "auto_id": 6,
        "creator": 1,
        "updater": 1,
        "date_added": "2022-08-27T07:58:55.035Z",
        "date_updated": "2022-11-22T06:59:18.169Z",
        "is_deleted": false,
        "name": "PUnjabi",
        "image": "",
        "type": "10",
        "is_verified": true
    }
},
{
    "model": "dishes.cuisine",
    "pk": "1a7ab79d-a58a-41a6-8b3a-c644c1e97bc6",
    "fields": {
        "auto_id": 10,
        "creator": 1,
        "updater": 1,
        "date_added": "2022-08-27T07:59:56.120Z",
        "date_updated": "2022-08-30T09:32:58.124Z",
        "is_deleted": false,
        "name": "North Indian",
        "image": "Dishes/ch3.jpeg",
        "type": "10",
        "is_verified": true
    }
},
{
    "model": "dishes.cuisine",
    "pk": "33c69c4f-7e17-4214-bbf3-969bde36887a",
    "fields": {
        "auto_id": 8,
        "creator": 1,
        "updater": 1,
        "date_added": "2022-08-27T07:59:23.093Z",
        "date_updated": "2022-11-17T11:24:45.566Z",
        "is_deleted": false,
        "name": "Kashmiri",
        "image": "",
        "type": "10",
        "is_verified": true
    }
},
{
    "model": "dishes.cuisine",
    "pk": "343131d4-0f4a-46e9-88b1-6506ea3e95de",
    "fields": {
        "auto_id": 4,
        "creator": 1,
        "updater": 1,
        "date_added": "2022-08-27T07:56:52.284Z",
        "date_updated": "2022-08-27T07:56:52.284Z",
        "is_deleted": false,
        "name": "Chinese",
        "image": "",
        "type": "20",
        "is_verified": true
    }
},
{
    "model": "dishes.cuisine",
    "pk": "3cd5389f-0c52-4a80-a9b7-bcce7a0b7482",
    "fields": {
        "auto_id": 1,
        "creator": 1,
        "updater": 1,
        "date_added": "2022-08-27T07:56:08.557Z",
        "date_updated": "2022-08-27T07:56:08.557Z",
        "is_deleted": false,
        "name": "French",
        "image": "",
        "type": "20",
        "is_verified": true
    }
},
{
    "model": "dishes.cuisine",
    "pk": "652e30b4-63a8-4650-b21e-fadeeaba35a4",
    "fields": {
        "auto_id": 7,
        "creator": 1,
        "updater": 1,
        "date_added": "2022-08-27T07:59:06.664Z",
        "date_updated": "2022-08-30T09:34:50.426Z",
        "is_deleted": false,
        "name": "Kerala",
        "image": "Dishes/c3image.jpeg",
        "type": "10",
        "is_verified": true
    }
},
{
    "model": "dishes.cuisine",
    "pk": "685dd38a-8bcd-4307-843d-fbc934b45f1f",
    "fields": {
        "auto_id": 3,
        "creator": 1,
        "updater": 1,
        "date_added": "2022-08-27T07:56:36.542Z",
        "date_updated": "2022-08-27T07:56:36.542Z",
        "is_deleted": false,
        "name": "Mexican",
        "image": "",
        "type": "20",
        "is_verified": false
    }
},
{
    "model": "dishes.cuisine",
    "pk": "6a200a29-dc92-4573-9f92-9603fe6abe48",
    "fields": {
        "auto_id": 2,
        "creator": 1,
        "updater": 1,
        "date_added": "2022-08-27T07:56:19.686Z",
        "date_updated": "2022-11-22T06:59:53.007Z",
        "is_deleted": false,
        "name": "Spanish",
        "image": "",
        "type": "20",
        "is_verified": true
    }
},
{
    "model": "dishes.cuisine",
    "pk": "c166a666-a8af-46bf-9a18-7413aaa614f6",
    "fields": {
        "auto_id": 5,
        "creator": 1,
        "updater": 1,
        "date_added": "2022-08-27T07:57:43.578Z",
        "date_updated": "2022-11-22T07:09:48.305Z",
        "is_deleted": false,
        "name": "Arabian",
        "image": "",
        "type": "20",
        "is_verified": false
    }
},
{
    "model": "dishes.cuisine",
    "pk": "f52417cc-5888-4fc5-9dfc-db682700de91",
    "fields": {
        "auto_id": 9,
        "creator": 1,
        "updater": 1,
        "date_added": "2022-08-27T07:59:36.650Z",
        "date_updated": "2022-11-17T11:24:20.237Z",
        "is_deleted": false,
        "name": "South Indian",
        "image": "",
        "type": "10",
        "is_verified": true
    }
},
{
    "model": "dishes.dishcategory",
    "pk": "47de1dfd-a5b7-404c-81ee-929b29eeefdc",
    "fields": {
        "auto_id": 1,
        "creator": 1,
        "updater": 1,
        "date_added": "2022-08-27T08:00:29.692Z",
        "date_updated": "2022-08-27T08:00:29.692Z",
        "is_deleted": false,
        "name": "Starter",
        "image": "",
        "is_verified": false
    }
},
{
    "model": "dishes.dishcategory",
    "pk": "7f5913c5-32fd-4b28-8c6e-04649bef05ab",
    "fields": {
        "auto_id": 3,
        "creator": 1,
        "updater": 1,
        "date_added": "2022-08-27T08:00:50.205Z",
        "date_updated": "2022-09-05T06:34:00.180Z",
        "is_deleted": false,
        "name": "Salads",
        "image": "",
        "is_verified": true
    }
},
{
    "model": "dishes.dishcategory",
    "pk": "8a0cb3af-8ac8-42c7-9050-dd697e3f7eb5",
    "fields": {
        "auto_id": 2,
        "creator": 1,
        "updater": 1,
        "date_added": "2022-08-27T08:00:39.176Z",
        "date_updated": "2022-09-05T06:34:20.778Z",
        "is_deleted": false,
        "name": "Main course",
        "image": "",
        "is_verified": true
    }
},
{
    "model": "dishes.dishcategory",
    "pk": "c2dbca06-3d9e-4ac4-905c-3a25daacc9d0",
    "fields": {
        "auto_id": 5,
        "creator": 1,
        "updater": 1,
        "date_added": "2022-08-27T08:01:14.524Z",
        "date_updated": "2022-08-30T09:30:50.990Z",
        "is_deleted": false,
        "name": "Drinks",
        "image": "",
        "is_verified": true
    }
},
{
    "model": "dishes.dishcategory",
    "pk": "deca732d-0712-45c0-a5b8-a1e5a7a10bed",
    "fields": {
        "auto_id": 4,
        "creator": 1,
        "updater": 1,
        "date_added": "2022-08-27T08:01:01.604Z",
        "date_updated": "2022-09-05T06:33:21.804Z",
        "is_deleted": false,
        "name": "Desert",
        "image": "",
        "is_verified": true
    }
},
{
    "model": "dishes.dish",
    "pk": "0513edf2-cad0-478a-baf8-18d101c9bb43",
    "fields": {
        "auto_id": 6,
        "creator": 1,
        "updater": 1,
        "date_added": "2022-08-27T08:14:46.156Z",
        "date_updated": "2022-08-27T08:14:46.156Z",
        "is_deleted": false,
        "name": "Aloo gobi",
        "image": "Dishes/aloo_gobi.png",
        "is_verified": true,
        "cuisine": "1a7ab79d-a58a-41a6-8b3a-c644c1e97bc6",
        "dish_category": "7f5913c5-32fd-4b28-8c6e-04649bef05ab",
        "dish_timing": "Lunch",
        "dietary_type": "Veg"
    }
},
{
    "model": "dishes.dish",
    "pk": "1d850c2d-3fb3-43dd-8ac7-792f9a76c2db",
    "fields": {
        "auto_id": 8,
        "creator": 1,
        "updater": 1,
        "date_added": "2022-08-30T07:13:55.163Z",
        "date_updated": "2022-08-30T09:31:41.449Z",
        "is_deleted": false,
        "name": "Lime Juice",
        "image": "Dishes/soup_AlBZXh8.jpg",
        "is_verified": true,
        "cuisine": "1a7ab79d-a58a-41a6-8b3a-c644c1e97bc6",
        "dish_category": "c2dbca06-3d9e-4ac4-905c-3a25daacc9d0",
        "dish_timing": "Breakfast",
        "dietary_type": "Veg"
    }
},
{
    "model": "dishes.dish",
    "pk": "2e067c7c-a3cd-4aa6-b36a-831b35e64cb9",
    "fields": {
        "auto_id": 12,
        "creator": 1,
        "updater": 1,
        "date_added": "2022-09-05T09:58:45.896Z",
        "date_updated": "2022-09-05T09:58:45.896Z",
        "is_deleted": false,
        "name": "Masala Dosa",
        "image": "Dishes/masala_dosa.jpg",
        "is_verified": true,
        "cuisine": "f52417cc-5888-4fc5-9dfc-db682700de91",
        "dish_category": "8a0cb3af-8ac8-42c7-9050-dd697e3f7eb5",
        "dish_timing": "30",
        "dietary_type": "10"
    }
},
{
    "model": "dishes.dish",
    "pk": "36b6bd69-dd23-4e26-a11a-9026d4d79e0e",
    "fields": {
        "auto_id": 3,
        "creator": 1,
        "updater": 1,
        "date_added": "2022-08-27T08:09:25.867Z",
        "date_updated": "2022-08-27T08:09:25.867Z",
        "is_deleted": false,
        "name": "Juicy Beef Burger",
        "image": "Dishes/beef_burger.png",
        "is_verified": false,
        "cuisine": "685dd38a-8bcd-4307-843d-fbc934b45f1f",
        "dish_category": "8a0cb3af-8ac8-42c7-9050-dd697e3f7eb5",
        "dish_timing": "Lunch",
        "dietary_type": "Non-veg"
    }
},
{
    "model": "dishes.dish",
    "pk": "372b0da3-7fd7-442d-aa4a-e31a8b515326",
    "fields": {
        "auto_id": 17,
        "creator": 1,
        "updater": 1,
        "date_added": "2022-09-05T10:16:43.457Z",
        "date_updated": "2022-09-05T10:16:43.457Z",
        "is_deleted": false,
        "name": "Chicken Noodles",
        "image": "Dishes/cn.jpeg",
        "is_verified": true,
        "cuisine": "343131d4-0f4a-46e9-88b1-6506ea3e95de",
        "dish_category": "8a0cb3af-8ac8-42c7-9050-dd697e3f7eb5",
        "dish_timing": "50",
        "dietary_type": "20"
    }
},
{
    "model": "dishes.dish",
    "pk": "38439ea6-8344-4651-969a-17dc22a94260",
    "fields": {
        "auto_id": 7,
        "creator": 1,
        "updater": 1,
        "date_added": "2022-08-27T08:15:27.630Z",
        "date_updated": "2022-08-27T08:15:27.630Z",
        "is_deleted": false,
        "name": "Kadhi Pakoda",
        "image": "Dishes/kadhi_pakoda.png",
        "is_verified": true,
        "cuisine": "1a7ab79d-a58a-41a6-8b3a-c644c1e97bc6",
        "dish_category": "8a0cb3af-8ac8-42c7-9050-dd697e3f7eb5",
        "dish_timing": "Breakfast",
        "dietary_type": "Veg"
    }
},
{
    "model": "dishes.dish",
    "pk": "401d9acf-b50c-45ef-98d6-631ab9c6889d",
    "fields": {
        "auto_id": 11,
        "creator": 1,
        "updater": 1,
        "date_added": "2022-09-05T09:54:48.123Z",
        "date_updated": "2022-09-05T09:54:48.123Z",
        "is_deleted": false,
        "name": "Zinger Burger",
        "image": "Dishes/zinger.jpeg",
        "is_verified": true,
        "cuisine": "6a200a29-dc92-4573-9f92-9603fe6abe48",
        "dish_category": "8a0cb3af-8ac8-42c7-9050-dd697e3f7eb5",
        "dish_timing": "50",
        "dietary_type": "20"
    }
},
{
    "model": "dishes.dish",
    "pk": "409ee37c-ce1c-4b3b-b5ff-a1d9524be3f9",
    "fields": {
        "auto_id": 4,
        "creator": 1,
        "updater": 1,
        "date_added": "2022-08-27T08:13:19.812Z",
        "date_updated": "2022-08-27T08:13:19.812Z",
        "is_deleted": false,
        "name": "Mixed Salad",
        "image": "Dishes/Dal.png",
        "is_verified": true,
        "cuisine": "6a200a29-dc92-4573-9f92-9603fe6abe48",
        "dish_category": "7f5913c5-32fd-4b28-8c6e-04649bef05ab",
        "dish_timing": "Lunch",
        "dietary_type": "Veg"
    }
},
{
    "model": "dishes.dish",
    "pk": "4225454b-8ebc-4c84-b13f-f99c81504a89",
    "fields": {
        "auto_id": 21,
        "creator": 1,
        "updater": 1,
        "date_added": "2022-09-12T07:20:57.451Z",
        "date_updated": "2022-09-12T08:53:02.388Z",
        "is_deleted": false,
        "name": "Creamic",
        "image": "Dishes/bran.jpeg",
        "is_verified": true,
        "cuisine": "1a7ab79d-a58a-41a6-8b3a-c644c1e97bc6",
        "dish_category": "8a0cb3af-8ac8-42c7-9050-dd697e3f7eb5",
        "dish_timing": "30",
        "dietary_type": "10"
    }
},
{
    "model": "dishes.dish",
    "pk": "64e54abc-c0c7-4a2d-8c2a-eadfcb312785",
    "fields": {
        "auto_id": 13,
        "creator": 1,
        "updater": 1,
        "date_added": "2022-09-05T10:03:53.756Z",
        "date_updated": "2022-09-05T10:03:53.756Z",
        "is_deleted": false,
        "name": "chocolate truffle cake",
        "image": "Dishes/choclate_cake.jpeg",
        "is_verified": true,
        "cuisine": "3cd5389f-0c52-4a80-a9b7-bcce7a0b7482",
        "dish_category": "deca732d-0712-45c0-a5b8-a1e5a7a10bed",
        "dish_timing": "50",
        "dietary_type": "20"
    }
},
{
    "model": "dishes.dish",
    "pk": "66f7cde8-aa8f-45b5-b000-6f3e659fa0b0",
    "fields": {
        "auto_id": 2,
        "creator": 1,
        "updater": 1,
        "date_added": "2022-08-27T08:08:30.814Z",
        "date_updated": "2022-08-27T08:08:30.814Z",
        "is_deleted": false,
        "name": "Chicken Broast",
        "image": "Dishes/chicken_broast.png",
        "is_verified": true,
        "cuisine": "343131d4-0f4a-46e9-88b1-6506ea3e95de",
        "dish_category": "8a0cb3af-8ac8-42c7-9050-dd697e3f7eb5",
        "dish_timing": "Dinner",
        "dietary_type": "Non-veg"
    }
},
{
    "model": "dishes.dish",
    "pk": "7ea86849-925c-4b24-840b-fe06775b2247",
    "fields": {
        "auto_id": 10,
        "creator": 1,
        "updater": 1,
        "date_added": "2022-09-05T09:53:22.503Z",
        "date_updated": "2022-09-05T09:53:22.503Z",
        "is_deleted": false,
        "name": "Biriyani",
        "image": "Dishes/biriyani.jpeg",
        "is_verified": true,
        "cuisine": "652e30b4-63a8-4650-b21e-fadeeaba35a4",
        "dish_category": "8a0cb3af-8ac8-42c7-9050-dd697e3f7eb5",
        "dish_timing": "40",
        "dietary_type": "20"
    }
},
{
    "model": "dishes.dish",
    "pk": "853b7c53-45a9-4c6f-bddb-f054f18ac3dd",
    "fields": {
        "auto_id": 16,
        "creator": 1,
        "updater": 1,
        "date_added": "2022-09-05T10:13:30.628Z",
        "date_updated": "2022-09-05T10:13:30.628Z",
        "is_deleted": false,
        "name": "Mcflurry ice cream",
        "image": "Dishes/mcflurry.jpeg",
        "is_verified": true,
        "cuisine": "c166a666-a8af-46bf-9a18-7413aaa614f6",
        "dish_category": "deca732d-0712-45c0-a5b8-a1e5a7a10bed",
        "dish_timing": "50",
        "dietary_type": "20"
    }
},
{
    "model": "dishes.dish",
    "pk": "9066d002-1da1-4266-8f83-732a95bfbc14",
    "fields": {
        "auto_id": 15,
        "creator": 1,
        "updater": 1,
        "date_added": "2022-09-05T10:11:00.271Z",
        "date_updated": "2022-09-05T10:11:00.271Z",
        "is_deleted": false,
        "name": "Fries",
        "image": "Dishes/fries.jpeg",
        "is_verified": true,
        "cuisine": "3cd5389f-0c52-4a80-a9b7-bcce7a0b7482",
        "dish_category": "47de1dfd-a5b7-404c-81ee-929b29eeefdc",
        "dish_timing": "50",
        "dietary_type": "10"
    }
},
{
    "model": "dishes.dish",
    "pk": "954974d9-9635-41f0-9e68-635f6536bba3",
    "fields": {
        "auto_id": 19,
        "creator": 1,
        "updater": 1,
        "date_added": "2022-09-05T10:49:18.797Z",
        "date_updated": "2022-09-05T10:49:18.797Z",
        "is_deleted": false,
        "name": "oreo milkshake",
        "image": "Dishes/oreo.jpeg",
        "is_verified": true,
        "cuisine": "6a200a29-dc92-4573-9f92-9603fe6abe48",
        "dish_category": "c2dbca06-3d9e-4ac4-905c-3a25daacc9d0",
        "dish_timing": "30",
        "dietary_type": "20"
    }
},
{
    "model": "dishes.dish",
    "pk": "a5222c9b-00ea-4f27-accb-a2da22b923a4",
    "fields": {
        "auto_id": 18,
        "creator": 1,
        "updater": 1,
        "date_added": "2022-09-05T10:47:15.672Z",
        "date_updated": "2022-09-05T10:47:15.672Z",
        "is_deleted": false,
        "name": "Mojito",
        "image": "Dishes/mojito.jpg",
        "is_verified": true,
        "cuisine": "c166a666-a8af-46bf-9a18-7413aaa614f6",
        "dish_category": "c2dbca06-3d9e-4ac4-905c-3a25daacc9d0",
        "dish_timing": "30",
        "dietary_type": "10"
    }
},
{
    "model": "dishes.dish",
    "pk": "a797ec05-0eaa-4594-a581-bab41c4d6cf9",
    "fields": {
        "auto_id": 14,
        "creator": 1,
        "updater": 1,
        "date_added": "2022-09-05T10:07:32.508Z",
        "date_updated": "2022-09-05T10:07:32.508Z",
        "is_deleted": false,
        "name": "Best Broccoli Salad",
        "image": "Dishes/Best_Broccoli_Salad.jpeg",
        "is_verified": true,
        "cuisine": "685dd38a-8bcd-4307-843d-fbc934b45f1f",
        "dish_category": "7f5913c5-32fd-4b28-8c6e-04649bef05ab",
        "dish_timing": "50",
        "dietary_type": "10"
    }
},
{
    "model": "dishes.dish",
    "pk": "b3423a8f-1b4d-4f9e-93b4-aacbc481db20",
    "fields": {
        "auto_id": 5,
        "creator": 1,
        "updater": 1,
        "date_added": "2022-08-27T08:14:05.403Z",
        "date_updated": "2022-08-27T08:14:05.403Z",
        "is_deleted": false,
        "name": "Vegertable Jalfrezi",
        "image": "Dishes/jalfrezi.png",
        "is_verified": true,
        "cuisine": "3cd5389f-0c52-4a80-a9b7-bcce7a0b7482",
        "dish_category": "47de1dfd-a5b7-404c-81ee-929b29eeefdc",
        "dish_timing": "Lunch",
        "dietary_type": "Veg"
    }
},
{
    "model": "dishes.dish",
    "pk": "b962b9cd-6876-4285-be0d-dd3cfbf83f83",
    "fields": {
        "auto_id": 20,
        "creator": 1,
        "updater": 1,
        "date_added": "2022-09-05T10:51:37.987Z",
        "date_updated": "2022-09-05T10:51:37.987Z",
        "is_deleted": false,
        "name": "fried rice",
        "image": "Dishes/friedrice.jpeg",
        "is_verified": true,
        "cuisine": "c166a666-a8af-46bf-9a18-7413aaa614f6",
        "dish_category": "8a0cb3af-8ac8-42c7-9050-dd697e3f7eb5",
        "dish_timing": "40",
        "dietary_type": "20"
    }
},
{
    "model": "dishes.dish",
    "pk": "f1f8ca10-1498-4bec-b408-352b84ac7647",
    "fields": {
        "auto_id": 1,
        "creator": 1,
        "updater": 1,
        "date_added": "2022-08-27T08:07:33.735Z",
        "date_updated": "2022-08-27T08:07:33.735Z",
        "is_deleted": false,
        "name": "Crunchy Chicken Strips",
        "image": "Dishes/chicken_strips.png",
        "is_verified": true,
        "cuisine": "c166a666-a8af-46bf-9a18-7413aaa614f6",
        "dish_category": "47de1dfd-a5b7-404c-81ee-929b29eeefdc",
        "dish_timing": "Dinner",
        "dietary_type": "Non-veg"
    }
},
{
    "model": "dishes.dish",
    "pk": "f8c57461-53fb-4a3e-8b69-9f1e8298e9d0",
    "fields": {
        "auto_id": 9,
        "creator": 1,
        "updater": 1,
        "date_added": "2022-08-30T09:34:21.406Z",
        "date_updated": "2022-09-05T06:35:25.734Z",
        "is_deleted": false,
        "name": "chikken Shavarma",
        "image": "Dishes/c2image.jpeg",
        "is_verified": true,
        "cuisine": "652e30b4-63a8-4650-b21e-fadeeaba35a4",
        "dish_category": "8a0cb3af-8ac8-42c7-9050-dd697e3f7eb5",
        "dish_timing": "30",
        "dietary_type": "10"
    }
},
{
    "model": "general.facility",
    "pk": "13c03892-70ea-4d3b-a709-fb3690cd8b65",
    "fields": {
        "auto_id": 8,
        "creator": 1,
        "updater": 1,
        "date_added": "2022-08-27T07:35:36.228Z",
        "date_updated": "2022-08-27T07:35:36.228Z",
        "is_deleted": false,
        "title": "Catering",
        "icon": "facility/Facilities_icons-16_nS9PVrh.svg"
    }
},
{
    "model": "general.facility",
    "pk": "1dd95b46-b342-4d6c-962c-6bdedfcb0fa3",
    "fields": {
        "auto_id": 5,
        "creator": 1,
        "updater": 1,
        "date_added": "2022-08-27T07:34:40.794Z",
        "date_updated": "2022-09-06T05:03:53.618Z",
        "is_deleted": false,
        "title": "Wifi Available",
        "icon": "facility/Facilities_icons-4_JBNNmOc.svg"
    }
},
{
    "model": "general.facility",
    "pk": "294d55c6-eaf2-47ef-af3c-0c06a8d75d87",
    "fields": {
        "auto_id": 6,
        "creator": 1,
        "updater": 1,
        "date_added": "2022-08-27T07:35:03.536Z",
        "date_updated": "2022-08-27T07:35:03.536Z",
        "is_deleted": false,
        "title": "Prayer Space",
        "icon": "facility/Facilities_icons-19_G3hscv4.svg"
    }
},
{
    "model": "general.facility",
    "pk": "490318e7-30ed-4cd8-a00c-673661271c7e",
    "fields": {
        "auto_id": 9,
        "creator": 1,
        "updater": 1,
        "date_added": "2022-08-27T07:35:48.020Z",
        "date_updated": "2022-08-27T07:35:48.020Z",
        "is_deleted": false,
        "title": "Washroom",
        "icon": "facility/Facilities_icons-20_3gr9tHZ.svg"
    }
},
{
    "model": "general.facility",
    "pk": "5ece46d2-5ac9-4d49-a6ea-6148601cb84f",
    "fields": {
        "auto_id": 1,
        "creator": 1,
        "updater": 1,
        "date_added": "2022-08-27T07:32:43.433Z",
        "date_updated": "2022-08-27T07:32:43.433Z",
        "is_deleted": false,
        "title": "Home Delivery",
        "icon": "facility/Facilities_icons-8_aPoivG8.svg"
    }
},
{
    "model": "general.facility",
    "pk": "6e20601b-1014-4874-a9ce-bc07a8ee813b",
    "fields": {
        "auto_id": 2,
        "creator": 1,
        "updater": 1,
        "date_added": "2022-08-27T07:33:06.733Z",
        "date_updated": "2022-08-27T07:33:06.733Z",
        "is_deleted": false,
        "title": "Online  Delivery",
        "icon": "facility/Facilities_icons-7_syshxG8.svg"
    }
},
{
    "model": "general.facility",
    "pk": "7dc640eb-4d11-4cd4-aa63-d5a57d29e4f9",
    "fields": {
        "auto_id": 3,
        "creator": 1,
        "updater": 1,
        "date_added": "2022-08-27T07:34:03.506Z",
        "date_updated": "2022-08-27T07:34:03.506Z",
        "is_deleted": false,
        "title": "5 Star Dining",
        "icon": "facility/Facilities_icons-21_E8e1xrY.svg"
    }
},
{
    "model": "general.facility",
    "pk": "b9783283-0129-4fd1-831c-05677cc49f10",
    "fields": {
        "auto_id": 4,
        "creator": 1,
        "updater": 1,
        "date_added": "2022-08-27T07:34:17.649Z",
        "date_updated": "2022-08-27T07:34:17.649Z",
        "is_deleted": false,
        "title": "Air Condition",
        "icon": "facility/Facilities_icons-11_f307arB.svg"
    }
},
{
    "model": "general.facility",
    "pk": "fe0c2ef4-5eb0-4bdb-be23-f7d8b255c076",
    "fields": {
        "auto_id": 7,
        "creator": 1,
        "updater": 1,
        "date_added": "2022-08-27T07:35:14.995Z",
        "date_updated": "2022-08-27T07:35:14.995Z",
        "is_deleted": false,
        "title": "Ambience",
        "icon": "facility/Facilities_icons-22_RoYsGyk.svg"
    }
},
{
    "model": "general.badge",
    "pk": "48e68d9b-338d-4339-b885-f978e6996cbb",
    "fields": {
        "auto_id": 2,
        "creator": 1,
        "updater": 1,
        "date_added": "2022-08-27T07:37:09.539Z",
        "date_updated": "2022-08-27T07:37:09.539Z",
        "is_deleted": false,
        "title": "Standard",
        "icon": "badge/Component_131.svg",
        "description": "Standard Service"
    }
},
{
    "model": "general.badge",
    "pk": "6bd98151-7405-475a-81b3-2288a1fbba3b",
    "fields": {
        "auto_id": 3,
        "creator": 1,
        "updater": 1,
        "date_added": "2022-08-27T07:38:12.952Z",
        "date_updated": "2022-08-27T07:38:12.952Z",
        "is_deleted": false,
        "title": "Premium",
        "icon": "badge/Component_132.svg",
        "description": "Premium"
    }
},
{
    "model": "general.badge",
    "pk": "6d6240ea-63ab-4c4e-ae83-3cecc13ed8c6",
    "fields": {
        "auto_id": 1,
        "creator": 1,
        "updater": 1,
        "date_added": "2022-08-27T07:36:45.351Z",
        "date_updated": "2022-08-27T07:36:45.351Z",
        "is_deleted": false,
        "title": "Basic",
        "icon": "badge/Component_130.svg",
        "description": "Basic Type of service"
    }
},
{
    "model": "general.days",
    "pk": "552f03c2-440a-4adb-9f66-5cfe404a028f",
    "fields": {
        "auto_id": 7,
        "creator": 1,
        "updater": 1,
        "date_added": "2022-08-27T07:53:59.115Z",
        "date_updated": "2022-08-27T07:53:59.115Z",
        "is_deleted": false,
        "day": "Sunday"
    }
},
{
    "model": "general.days",
    "pk": "5d7854c3-dace-4115-b02f-48e5d686bb2e",
    "fields": {
        "auto_id": 3,
        "creator": 1,
        "updater": 1,
        "date_added": "2022-08-27T07:53:21.071Z",
        "date_updated": "2022-08-27T07:53:21.071Z",
        "is_deleted": false,
        "day": "Wednesday"
    }
},
{
    "model": "general.days",
    "pk": "6eab1bcb-631a-4fee-8695-3abcf766e79b",
    "fields": {
        "auto_id": 2,
        "creator": 1,
        "updater": 1,
        "date_added": "2022-08-27T07:53:01.221Z",
        "date_updated": "2022-08-27T07:53:01.221Z",
        "is_deleted": false,
        "day": "Tuesday"
    }
},
{
    "model": "general.days",
    "pk": "941ce110-52b8-42a0-81ed-b5787fec1943",
    "fields": {
        "auto_id": 5,
        "creator": 1,
        "updater": 1,
        "date_added": "2022-08-27T07:53:36.880Z",
        "date_updated": "2022-08-27T07:53:36.880Z",
        "is_deleted": false,
        "day": "Friday"
    }
},
{
    "model": "general.days",
    "pk": "e82e848e-307f-4d47-9c85-96eb8c9d974b",
    "fields": {
        "auto_id": 4,
        "creator": 1,
        "updater": 1,
        "date_added": "2022-08-27T07:53:29.246Z",
        "date_updated": "2022-08-27T07:53:29.246Z",
        "is_deleted": false,
        "day": "Thursday"
    }
},
{
    "model": "general.days",
    "pk": "ec5961fc-61d4-4bb5-826f-32d3c3b4b49c",
    "fields": {
        "auto_id": 1,
        "creator": 1,
        "updater": 1,
        "date_added": "2022-08-27T07:52:48.646Z",
        "date_updated": "2022-08-27T07:52:48.647Z",
        "is_deleted": false,
        "day": "Monday"
    }
},
{
    "model": "general.days",
    "pk": "f40176f8-4315-44fe-9ed0-c66f0daa436d",
    "fields": {
        "auto_id": 6,
        "creator": 1,
        "updater": 1,
        "date_added": "2022-08-27T07:53:44.212Z",
        "date_updated": "2022-08-27T07:53:44.212Z",
        "is_deleted": false,
        "day": "Saturday"
    }
},
{
    "model": "general.delivery",
    "pk": "1755285e-14ed-462c-946c-c0a86459edbd",
    "fields": {
        "auto_id": 1,
        "creator": 1,
        "updater": 1,
        "date_added": "2022-08-27T07:52:21.284Z",
        "date_updated": "2022-09-12T12:48:39.217Z",
        "is_deleted": false,
        "name": "Swiggy",
        "logo": "shops/2bh4km2.jpeg"
    }
},
{
    "model": "general.delivery",
    "pk": "256308f5-3abe-477d-92bc-9535d2e89f87",
    "fields": {
        "auto_id": 2,
        "creator": 1,
        "updater": 1,
        "date_added": "2022-08-27T07:52:32.024Z",
        "date_updated": "2022-09-12T12:47:07.312Z",
        "is_deleted": false,
        "name": "Zomato",
        "logo": "shops/2bhtr91.jpeg"
    }
},
{
    "model": "general.location",
    "pk": "0e4b999b-9d19-4acf-aef5-427f0b72e9c8",
    "fields": {
        "auto_id": 16,
        "creator": 1,
        "updater": null,
        "date_added": "2022-09-05T12:42:51.462Z",
        "date_updated": "2022-09-05T12:42:51.462Z",
        "is_deleted": false,
        "location": "KL45 Resto Cafe, Christ College Road, Irinjalakuda, Kerala, India",
        "short_name": "KL45 Resto Cafe",
        "latitude": "10.3539329",
        "longitude": "76.21269579999999"
    }
},
{
    "model": "general.location",
    "pk": "13fa920d-9f0a-408f-814e-92eb2b306d88",
    "fields": {
        "auto_id": 14,
        "creator": 1,
        "updater": null,
        "date_added": "2022-09-05T12:35:32.756Z",
        "date_updated": "2022-09-05T12:35:32.756Z",
        "is_deleted": false,
        "location": "Ikku Bhais Kuzhimanthi Kada, State Highway 61, Irinjalakuda, Kerala, India",
        "short_name": "Ikku Bhais Kuzhimanthi Kada",
        "latitude": "10.3428184",
        "longitude": "76.2152964"
    }
},
{
    "model": "general.location",
    "pk": "21d00d3c-867e-426c-b0d0-20c8852d0be0",
    "fields": {
        "auto_id": 21,
        "creator": 1,
        "updater": 1,
        "date_added": "2022-10-19T05:23:10.370Z",
        "date_updated": "2022-10-19T05:23:10.370Z",
        "is_deleted": true,
        "location": "City Lifestyle, Al Khor, Qatar",
        "short_name": "City Lifestyle",
        "latitude": "25.6804078",
        "longitude": "51.4968502"
    }
},
{
    "model": "general.location",
    "pk": "5a73095e-68e5-40c2-b53d-9bd430c52005",
    "fields": {
        "auto_id": 2,
        "creator": 1,
        "updater": null,
        "date_added": "2022-08-30T06:05:24.451Z",
        "date_updated": "2022-08-30T06:05:24.451Z",
        "is_deleted": false,
        "location": "Chicking Irinjalakuda, Kodungallur - Shornur Road, Irinjalakuda, Kerala, India",
        "short_name": "Chicking Irinjalakuda",
        "latitude": "10.3529858",
        "longitude": "76.21790519999999"
    }
},
{
    "model": "general.location",
    "pk": "64ecdd4d-5806-4964-a1c1-494c30fde7f9",
    "fields": {
        "auto_id": 17,
        "creator": 1,
        "updater": 1,
        "date_added": "2022-10-19T04:19:09.781Z",
        "date_updated": "2022-10-19T04:19:09.781Z",
        "is_deleted": true,
        "location": "Umm Ghuwailina, Doha, Qatar",
        "short_name": "Umm Ghuwailina",
        "latitude": "25.2765555",
        "longitude": "51.5491834"
    }
},
{
    "model": "general.location",
    "pk": "6e25acd7-8730-4b0e-8ed0-b997caaf6469",
    "fields": {
        "auto_id": 11,
        "creator": 1,
        "updater": null,
        "date_added": "2022-09-05T12:11:23.326Z",
        "date_updated": "2022-09-05T12:11:23.326Z",
        "is_deleted": false,
        "location": "Restaurant, State Highway 21, Pariyaram, Thrissur, Kerala, India",
        "short_name": "Restaurant",
        "latitude": "10.2941533",
        "longitude": "76.4771194"
    }
},
{
    "model": "general.location",
    "pk": "7651b6ef-b1c8-4cc4-8edd-bb77a88f92f9",
    "fields": {
        "auto_id": 3,
        "creator": 1,
        "updater": null,
        "date_added": "2022-08-30T06:40:42.753Z",
        "date_updated": "2022-08-30T06:40:42.753Z",
        "is_deleted": false,
        "location": "McDonald's near Irinjalakuda, Kerala, India",
        "short_name": "McDonald's near Irinjalakuda",
        "latitude": "8.8897821",
        "longitude": "76.5858082"
    }
},
{
    "model": "general.location",
    "pk": "8cb6c58f-d4ca-4503-8e0b-6e971321cdd6",
    "fields": {
        "auto_id": 19,
        "creator": 1,
        "updater": 1,
        "date_added": "2022-10-19T04:37:20.427Z",
        "date_updated": "2022-10-19T04:37:20.427Z",
        "is_deleted": true,
        "location": "Ar Rayyan, Qatar",
        "short_name": "Ar Rayyan",
        "latitude": "25.2862157",
        "longitude": "51.4204044"
    }
},
{
    "model": "general.location",
    "pk": "a167db95-a9f2-4e5f-8ba4-603faabf3270",
    "fields": {
        "auto_id": 15,
        "creator": 1,
        "updater": null,
        "date_added": "2022-09-05T12:39:50.383Z",
        "date_updated": "2022-09-05T12:39:50.383Z",
        "is_deleted": false,
        "location": "Italian Pizza Hut, Service Road, South Junction, South Chalakudy, Chalakudy, Kerala, India",
        "short_name": "Italian Pizza Hut",
        "latitude": "10.3013128",
        "longitude": "76.33726589999999"
    }
},
{
    "model": "general.location",
    "pk": "b3c97dd0-c6f2-4fd3-91f6-9db5f151fc40",
    "fields": {
        "auto_id": 12,
        "creator": 1,
        "updater": null,
        "date_added": "2022-09-05T11:24:43.305Z",
        "date_updated": "2022-09-05T11:24:43.305Z",
        "is_deleted": false,
        "location": "Club Sulaimani ULCC, Thodayadu By pass, UL CyberPark Road, KT Thazham, Kozhikode, Kerala, India",
        "short_name": "Club Sulaimani ULCC",
        "latitude": "11.2532375",
        "longitude": "75.8271589"
    }
},
{
    "model": "general.location",
    "pk": "b3d769ab-655b-4e59-84b8-2480bcf68514",
    "fields": {
        "auto_id": 1,
        "creator": 1,
        "updater": null,
        "date_added": "2022-08-27T08:26:49.227Z",
        "date_updated": "2022-08-27T08:26:49.227Z",
        "is_deleted": false,
        "location": "KFC near Irinjalakuda, Kerala, India",
        "short_name": "KFC near Irinjalakuda",
        "latitude": "10.3421927",
        "longitude": "76.2161473"
    }
},
{
    "model": "general.location",
    "pk": "bf3d388d-886d-4017-ae58-af7a7776640c",
    "fields": {
        "auto_id": 20,
        "creator": 1,
        "updater": 1,
        "date_added": "2022-10-19T04:45:52.342Z",
        "date_updated": "2022-10-19T04:45:52.342Z",
        "is_deleted": true,
        "location": "Wholesale Market Doha, Qatar",
        "short_name": "Wholesale Market Doha",
        "latitude": "25.17531220000001",
        "longitude": "51.4653572"
    }
},
{
    "model": "general.location",
    "pk": "c272ff37-e4ea-4215-9506-e5161cc6e469",
    "fields": {
        "auto_id": 4,
        "creator": 1,
        "updater": null,
        "date_added": "2022-08-31T05:43:44.948Z",
        "date_updated": "2022-08-31T05:43:44.948Z",
        "is_deleted": false,
        "location": "Irinjalakuda, Kerala, India",
        "short_name": "Irinjalakuda",
        "latitude": "10.3468925",
        "longitude": "76.2074124"
    }
},
{
    "model": "general.location",
    "pk": "df1fa721-d763-478b-be6d-21d8677ad8c7",
    "fields": {
        "auto_id": 22,
        "creator": 1,
        "updater": 1,
        "date_added": "2022-10-19T05:37:04.060Z",
        "date_updated": "2022-10-19T05:37:04.061Z",
        "is_deleted": true,
        "location": "Shagra , qatar",
        "short_name": "Shagra ",
        "latitude": "25.0060115",
        "longitude": "51.55980210000001"
    }
},
{
    "model": "general.location",
    "pk": "ec779598-aa7e-49e8-be19-e575fa7348ef",
    "fields": {
        "auto_id": 18,
        "creator": 1,
        "updater": 1,
        "date_added": "2022-10-19T04:33:50.080Z",
        "date_updated": "2022-10-19T04:33:50.080Z",
        "is_deleted": true,
        "location": "Hamad International Airport",
        "short_name": "Hamad International Airport",
        "latitude": "25.26087590000001",
        "longitude": "51.61384169999999"
    }
},
{
    "model": "general.location",
    "pk": "f48de69b-fcff-44a1-8cc8-a0da3b0c4ab8",
    "fields": {
        "auto_id": 13,
        "creator": 1,
        "updater": null,
        "date_added": "2022-09-05T10:53:42.975Z",
        "date_updated": "2022-09-05T10:53:42.975Z",
        "is_deleted": false,
        "location": "London Bakes N' Grills, ACM Aboobacker Road, near KSRTC, Valakkad, Palakkad, Kerala, India",
        "short_name": "London Bakes N' Grills",
        "latitude": "10.7674752",
        "longitude": "76.6481873"
    }
},
{
    "model": "general.spotlight",
    "pk": "054675fa-100b-4e39-8aaf-bd045968609d",
    "fields": {
        "auto_id": 10,
        "creator": 1,
        "updater": 1,
        "date_added": "2022-11-17T12:32:28.828Z",
        "date_updated": "2022-11-17T12:32:28.828Z",
        "is_deleted": true,
        "image": "Spotlight/pexels_lumn_568370__1_-tkHIoths.jpg"
    }
},
{
    "model": "general.spotlight",
    "pk": "10028fec-0c80-4db5-85d5-f10d24e7007a",
    "fields": {
        "auto_id": 17,
        "creator": 1,
        "updater": 1,
        "date_added": "2022-12-01T04:09:08.383Z",
        "date_updated": "2022-12-01T04:09:08.383Z",
        "is_deleted": true,
        "image": "Spotlight/pexels-engin-akyurt-2673353_23Ea9d7.jpg"
    }
},
{
    "model": "general.spotlight",
    "pk": "1d224764-aedb-4fef-a01e-402c129e283a",
    "fields": {
        "auto_id": 3,
        "creator": 1,
        "updater": 1,
        "date_added": "2022-11-17T10:16:30.010Z",
        "date_updated": "2022-11-17T10:16:30.010Z",
        "is_deleted": true,
        "image": "Spotlight/pexels-elevate-1267320.jpg"
    }
},
{
    "model": "general.spotlight",
    "pk": "1fc0c090-50f9-4a2b-af25-39f05959db4e",
    "fields": {
        "auto_id": 2,
        "creator": 1,
        "updater": 1,
        "date_added": "2022-11-17T10:13:04.914Z",
        "date_updated": "2022-11-17T10:13:04.914Z",
        "is_deleted": true,
        "image": "Spotlight/pexels-engin-akyurt-2673353.jpg"
    }
},
{
    "model": "general.spotlight",
    "pk": "2795f4c6-cf44-4982-96cf-62bdb3d9398f",
    "fields": {
        "auto_id": 5,
        "creator": 1,
        "updater": 1,
        "date_added": "2022-11-17T10:21:25.183Z",
        "date_updated": "2022-11-17T10:21:25.183Z",
        "is_deleted": true,
        "image": "Spotlight/pexels-eneida-nieves-905847.jpg"
    }
},
{
    "model": "general.spotlight",
    "pk": "2b06d1b3-79bf-4a5b-bf0a-4c4f11cb9e99",
    "fields": {
        "auto_id": 16,
        "creator": 1,
        "updater": 1,
        "date_added": "2022-11-18T11:50:00.570Z",
        "date_updated": "2022-11-18T11:50:00.570Z",
        "is_deleted": false,
        "image": "Spotlight/pexels-engin-akyurt-2673353-min-min.jpg"
    }
},
{
    "model": "general.spotlight",
    "pk": "5264a97c-0d38-4b45-8b77-ba02928352db",
    "fields": {
        "auto_id": 8,
        "creator": 1,
        "updater": 1,
        "date_added": "2022-11-17T12:31:56.578Z",
        "date_updated": "2022-11-17T12:31:56.578Z",
        "is_deleted": true,
        "image": "Spotlight/pexels_chan_walrus_958546-gfOIoths.jpg"
    }
},
{
    "model": "general.spotlight",
    "pk": "69a702e8-973b-442c-8bef-32b7cbcd56a5",
    "fields": {
        "auto_id": 4,
        "creator": 1,
        "updater": 1,
        "date_added": "2022-11-17T10:20:59.477Z",
        "date_updated": "2022-11-17T10:20:59.477Z",
        "is_deleted": true,
        "image": "Spotlight/pexels-lumn-568370.jpg"
    }
},
{
    "model": "general.spotlight",
    "pk": "831cfc59-518d-45b1-98e7-3ff11f5e4e28",
    "fields": {
        "auto_id": 12,
        "creator": 1,
        "updater": 1,
        "date_added": "2022-11-18T05:00:30.928Z",
        "date_updated": "2022-11-18T05:00:30.928Z",
        "is_deleted": true,
        "image": "Spotlight/pexels-lumn-568370-min.jpg"
    }
},
{
    "model": "general.spotlight",
    "pk": "99937f4b-01a0-4f78-9089-ef83cde7199e",
    "fields": {
        "auto_id": 7,
        "creator": 1,
        "updater": 1,
        "date_added": "2022-11-17T10:32:49.086Z",
        "date_updated": "2022-11-17T10:32:49.086Z",
        "is_deleted": true,
        "image": "Spotlight/pexels-team-picsfast-8753672.jpg"
    }
},
{
    "model": "general.spotlight",
    "pk": "a72c7571-ba06-45ef-84b6-d4ecc8a65baf",
    "fields": {
        "auto_id": 6,
        "creator": 1,
        "updater": 1,
        "date_added": "2022-11-17T10:31:07.031Z",
        "date_updated": "2022-11-17T10:31:07.031Z",
        "is_deleted": true,
        "image": "Spotlight/pexels-engin-akyurt-1460873.jpg"
    }
},
{
    "model": "general.spotlight",
    "pk": "b249e270-131b-4be3-83c7-9f78065648a0",
    "fields": {
        "auto_id": 11,
        "creator": 1,
        "updater": 1,
        "date_added": "2022-11-18T05:00:07.546Z",
        "date_updated": "2022-11-18T05:00:07.546Z",
        "is_deleted": true,
        "image": "Spotlight/pexels-engin-akyurt-2673353-min.jpg"
    }
},
{
    "model": "general.spotlight",
    "pk": "bd5a5d1c-9758-4708-847a-2dc955567f95",
    "fields": {
        "auto_id": 13,
        "creator": 1,
        "updater": 1,
        "date_added": "2022-11-18T05:00:50.132Z",
        "date_updated": "2022-11-18T05:00:50.132Z",
        "is_deleted": true,
        "image": "Spotlight/pexels-robin-stickel-70497-min.jpg"
    }
},
{
    "model": "general.spotlight",
    "pk": "bf3ca85f-9828-41e9-91e0-24e7732a72bf",
    "fields": {
        "auto_id": 18,
        "creator": 1,
        "updater": 1,
        "date_added": "2022-12-01T04:09:48.437Z",
        "date_updated": "2022-12-01T04:09:48.437Z",
        "is_deleted": true,
        "image": "Spotlight/pexels-robin-stickel-70497.jpg"
    }
},
{
    "model": "general.spotlight",
    "pk": "ccbfeda3-c889-4fd3-84d7-fc2530a16fbe",
    "fields": {
        "auto_id": 15,
        "creator": 1,
        "updater": 1,
        "date_added": "2022-11-18T11:49:26.699Z",
        "date_updated": "2022-11-18T11:49:26.699Z",
        "is_deleted": false,
        "image": "Spotlight/pexels-lumn-568370-min-min.jpg"
    }
},
{
    "model": "general.spotlight",
    "pk": "d20daa77-5839-4fe2-bf22-743d34921a0a",
    "fields": {
        "auto_id": 9,
        "creator": 1,
        "updater": 1,
        "date_added": "2022-11-17T12:32:14.452Z",
        "date_updated": "2022-11-17T12:32:14.452Z",
        "is_deleted": true,
        "image": "Spotlight/pexels_engin_akyurt_2673353__1_-9GRIoths.jpg"
    }
},
{
    "model": "general.spotlight",
    "pk": "d6bfafa1-c211-4c43-90c7-4c8035168dad",
    "fields": {
        "auto_id": 14,
        "creator": 1,
        "updater": 1,
        "date_added": "2022-11-18T11:48:30.828Z",
        "date_updated": "2022-11-18T11:48:30.828Z",
        "is_deleted": false,
        "image": "Spotlight/pexels-robin-stickel-70497-min-min.jpg"
    }
},
{
    "model": "general.spotlight",
    "pk": "df95b61e-dac8-4a8e-968f-25f8641a13a8",
    "fields": {
        "auto_id": 1,
        "creator": 1,
        "updater": 1,
        "date_added": "2022-08-27T07:55:08.944Z",
        "date_updated": "2022-08-27T07:55:08.944Z",
        "is_deleted": true,
        "image": "Spotlight/spotlight.png"
    }
},
{
    "model": "general.spotlight",
    "pk": "f5021f51-3dd9-4496-92bd-40aae940da42",
    "fields": {
        "auto_id": 19,
        "creator": 1,
        "updater": 1,
        "date_added": "2022-12-01T04:10:01.738Z",
        "date_updated": "2022-12-01T04:10:01.738Z",
        "is_deleted": true,
        "image": "Spotlight/pexels-lumn-568370_pwGtpor.jpg"
    }
},
{
    "model": "general.recentsearches",
    "pk": "0869e89a-1698-4273-b584-cc028e245946",
    "fields": {
        "auto_id": 5,
        "creator": 16,
        "updater": null,
        "date_added": "2022-09-19T10:13:50.388Z",
        "date_updated": "2022-09-19T10:13:50.388Z",
        "is_deleted": false,
        "customer": "cfbf07f3-8276-489c-9350-928e6ef81c50",
        "keys": "P"
    }
},
{
    "model": "general.recentsearches",
    "pk": "12a23476-6110-4cb3-bf8b-44dcffb20be6",
    "fields": {
        "auto_id": 14,
        "creator": 15,
        "updater": null,
        "date_added": "2022-09-21T10:04:15.057Z",
        "date_updated": "2022-09-21T10:04:15.057Z",
        "is_deleted": false,
        "customer": "2ab9874b-14bc-4193-934d-bf5a42ecaeac",
        "keys": "Mand"
    }
},
{
    "model": "general.recentsearches",
    "pk": "18b07c7b-fecf-4296-9641-81304dec28f4",
    "fields": {
        "auto_id": 17,
        "creator": 6,
        "updater": null,
        "date_added": "2022-09-29T11:36:03.868Z",
        "date_updated": "2022-09-29T11:36:31.916Z",
        "is_deleted": false,
        "customer": "6d720bcc-2b8b-40e8-b12b-fd08ec8afa5e",
        "keys": "Rrr"
    }
},
{
    "model": "general.recentsearches",
    "pk": "440a06aa-b368-49c6-810e-3df2aa318a50",
    "fields": {
        "auto_id": 3,
        "creator": 6,
        "updater": null,
        "date_added": "2022-09-19T09:14:18.894Z",
        "date_updated": "2022-09-19T09:14:18.894Z",
        "is_deleted": false,
        "customer": "6d720bcc-2b8b-40e8-b12b-fd08ec8afa5e",
        "keys": "Hai"
    }
},
{
    "model": "general.recentsearches",
    "pk": "4f810511-e1de-4862-8397-cab70df2e823",
    "fields": {
        "auto_id": 10,
        "creator": 15,
        "updater": null,
        "date_added": "2022-09-20T09:58:12.112Z",
        "date_updated": "2022-09-21T04:36:42.412Z",
        "is_deleted": false,
        "customer": "2ab9874b-14bc-4193-934d-bf5a42ecaeac",
        "keys": "Hi"
    }
},
{
    "model": "general.recentsearches",
    "pk": "51a5e71e-a3b4-4c8c-a489-88f87c619101",
    "fields": {
        "auto_id": 8,
        "creator": 16,
        "updater": null,
        "date_added": "2022-09-20T04:26:36.680Z",
        "date_updated": "2022-09-20T04:26:36.680Z",
        "is_deleted": false,
        "customer": "cfbf07f3-8276-489c-9350-928e6ef81c50",
        "keys": "L"
    }
},
{
    "model": "general.recentsearches",
    "pk": "60776dce-9c6b-41a6-9028-0e622af4b89b",
    "fields": {
        "auto_id": 11,
        "creator": 15,
        "updater": null,
        "date_added": "2022-09-20T10:29:50.447Z",
        "date_updated": "2022-09-20T10:29:50.447Z",
        "is_deleted": false,
        "customer": "2ab9874b-14bc-4193-934d-bf5a42ecaeac",
        "keys": "Di"
    }
},
{
    "model": "general.recentsearches",
    "pk": "658dbe79-829a-4751-99ff-4cb53b0808a7",
    "fields": {
        "auto_id": 18,
        "creator": 6,
        "updater": null,
        "date_added": "2022-09-30T09:58:10.579Z",
        "date_updated": "2022-09-30T09:58:10.579Z",
        "is_deleted": false,
        "customer": "6d720bcc-2b8b-40e8-b12b-fd08ec8afa5e",
        "keys": "J"
    }
},
{
    "model": "general.recentsearches",
    "pk": "6c94ad8f-108d-4cd1-901d-d7ea5e01db9c",
    "fields": {
        "auto_id": 13,
        "creator": 15,
        "updater": null,
        "date_added": "2022-09-21T09:41:57.360Z",
        "date_updated": "2022-09-21T09:41:57.360Z",
        "is_deleted": false,
        "customer": "2ab9874b-14bc-4193-934d-bf5a42ecaeac",
        "keys": "Do"
    }
},
{
    "model": "general.recentsearches",
    "pk": "6d0024f6-56f9-47a7-889e-398be0ec36b6",
    "fields": {
        "auto_id": 16,
        "creator": 25,
        "updater": null,
        "date_added": "2022-09-29T10:54:05.818Z",
        "date_updated": "2022-09-29T10:54:05.818Z",
        "is_deleted": false,
        "customer": "ed5834a4-e2bd-488a-9ba3-4a8636a25dc4",
        "keys": "Hi"
    }
},
{
    "model": "general.recentsearches",
    "pk": "76b6a4ad-00c4-4cbf-9bb5-99d3e38ac38a",
    "fields": {
        "auto_id": 2,
        "creator": 6,
        "updater": null,
        "date_added": "2022-09-19T09:13:41.923Z",
        "date_updated": "2022-09-19T09:13:41.923Z",
        "is_deleted": false,
        "customer": "6d720bcc-2b8b-40e8-b12b-fd08ec8afa5e",
        "keys": "ddd"
    }
},
{
    "model": "general.recentsearches",
    "pk": "829391e1-74e5-403d-abff-3d081563fedf",
    "fields": {
        "auto_id": 9,
        "creator": 15,
        "updater": null,
        "date_added": "2022-09-20T09:43:25.914Z",
        "date_updated": "2022-09-20T09:43:25.914Z",
        "is_deleted": false,
        "customer": "2ab9874b-14bc-4193-934d-bf5a42ecaeac",
        "keys": "Broast"
    }
},
{
    "model": "general.recentsearches",
    "pk": "868b3057-644e-46bc-a9b3-100f1a8e3758",
    "fields": {
        "auto_id": 6,
        "creator": 16,
        "updater": null,
        "date_added": "2022-09-19T10:55:02.314Z",
        "date_updated": "2022-09-19T10:55:02.314Z",
        "is_deleted": false,
        "customer": "cfbf07f3-8276-489c-9350-928e6ef81c50",
        "keys": "Oo"
    }
},
{
    "model": "general.recentsearches",
    "pk": "9e5500cc-438a-4d52-9121-cdad999de8fb",
    "fields": {
        "auto_id": 12,
        "creator": 15,
        "updater": null,
        "date_added": "2022-09-21T04:39:45.988Z",
        "date_updated": "2022-09-21T04:39:45.988Z",
        "is_deleted": false,
        "customer": "2ab9874b-14bc-4193-934d-bf5a42ecaeac",
        "keys": "Ji"
    }
},
{
    "model": "general.recentsearches",
    "pk": "9e59cb51-2f26-4060-aba9-4d1520c73f7d",
    "fields": {
        "auto_id": 4,
        "creator": 15,
        "updater": null,
        "date_added": "2022-09-19T09:35:37.032Z",
        "date_updated": "2022-09-19T09:50:05.625Z",
        "is_deleted": false,
        "customer": "2ab9874b-14bc-4193-934d-bf5a42ecaeac",
        "keys": "Hai"
    }
},
{
    "model": "general.recentsearches",
    "pk": "ae79ed20-e7ba-4427-99e4-855d00d02dcd",
    "fields": {
        "auto_id": 15,
        "creator": 6,
        "updater": null,
        "date_added": "2022-09-29T10:52:03.035Z",
        "date_updated": "2022-09-29T10:52:05.159Z",
        "is_deleted": false,
        "customer": "6d720bcc-2b8b-40e8-b12b-fd08ec8afa5e",
        "keys": "Xh"
    }
},
{
    "model": "general.recentsearches",
    "pk": "aedec670-5f11-407c-be77-e82069b82099",
    "fields": {
        "auto_id": 1,
        "creator": 6,
        "updater": null,
        "date_added": "2022-09-19T06:38:45.560Z",
        "date_updated": "2022-09-19T09:55:22.068Z",
        "is_deleted": false,
        "customer": "6d720bcc-2b8b-40e8-b12b-fd08ec8afa5e",
        "keys": "hai"
    }
},
{
    "model": "general.recentsearches",
    "pk": "f81486fd-439d-4645-b857-275a517205f2",
    "fields": {
        "auto_id": 7,
        "creator": 16,
        "updater": null,
        "date_added": "2022-09-20T04:26:29.783Z",
        "date_updated": "2022-09-20T04:26:29.783Z",
        "is_deleted": false,
        "customer": "cfbf07f3-8276-489c-9350-928e6ef81c50",
        "keys": "I"
    }
},
{
    "model": "general.recentlocation",
    "pk": "013d5232-5c3d-40f2-b631-9a75118d7f3b",
    "fields": {
        "auto_id": 20,
        "creator": 31,
        "updater": null,
        "date_added": "2022-11-24T10:14:34.962Z",
        "date_updated": "2022-11-24T10:14:34.962Z",
        "is_deleted": false,
        "customer": "7c49f266-ea6c-4e62-9eb1-70e0638745a9",
        "short_name": "Kanhirode",
        "latitude": "11.9155522",
        "longitude": "75.4613617"
    }
},
{
    "model": "general.recentlocation",
    "pk": "078623eb-650c-4fac-bce5-4f99f143c0ee",
    "fields": {
        "auto_id": 4,
        "creator": 16,
        "updater": null,
        "date_added": "2022-09-20T05:46:25.205Z",
        "date_updated": "2022-09-20T05:46:25.205Z",
        "is_deleted": false,
        "customer": "cfbf07f3-8276-489c-9350-928e6ef81c50",
        "short_name": "Cossipore",
        "latitude": "22.5726418",
        "longitude": "88.363899"
    }
},
{
    "model": "general.recentlocation",
    "pk": "12aa2840-2d3a-4feb-a01c-07650ef9f125",
    "fields": {
        "auto_id": 16,
        "creator": 38,
        "updater": null,
        "date_added": "2022-11-17T09:42:55.121Z",
        "date_updated": "2022-11-17T09:49:31.781Z",
        "is_deleted": false,
        "customer": "ac1c9402-b0cc-4301-b562-515f438ab923",
        "short_name": "Kizhakkethala",
        "latitude": "11.0509762",
        "longitude": "76.0710967"
    }
},
{
    "model": "general.recentlocation",
    "pk": "1999eb50-2bd7-4da6-9815-42b7dc4df9c6",
    "fields": {
        "auto_id": 25,
        "creator": 12,
        "updater": null,
        "date_added": "2022-12-04T07:00:59.456Z",
        "date_updated": "2022-12-04T07:01:40.392Z",
        "is_deleted": false,
        "customer": "9584d174-9108-4753-81f3-d6a52c3b7419",
        "short_name": "null",
        "latitude": "10.9899132",
        "longitude": "75.9931687"
    }
},
{
    "model": "general.recentlocation",
    "pk": "27ad7bc8-69dd-4565-94e0-9c5956172dc6",
    "fields": {
        "auto_id": 19,
        "creator": 12,
        "updater": null,
        "date_added": "2022-11-23T13:53:37.980Z",
        "date_updated": "2022-11-23T13:53:37.980Z",
        "is_deleted": false,
        "customer": "9584d174-9108-4753-81f3-d6a52c3b7419",
        "short_name": "Malappuram",
        "latitude": "11.1418735",
        "longitude": "75.9739728"
    }
},
{
    "model": "general.recentlocation",
    "pk": "4c8715c9-78f7-4f12-bcca-a8f15643ade9",
    "fields": {
        "auto_id": 17,
        "creator": 12,
        "updater": null,
        "date_added": "2022-11-20T06:23:46.731Z",
        "date_updated": "2022-11-20T06:23:46.731Z",
        "is_deleted": false,
        "customer": "9584d174-9108-4753-81f3-d6a52c3b7419",
        "short_name": "Potta",
        "latitude": "10.6597041",
        "longitude": "76.4275651"
    }
},
{
    "model": "general.recentlocation",
    "pk": "6a72466d-b014-4f02-993c-6c8e3a128fd9",
    "fields": {
        "auto_id": 6,
        "creator": 16,
        "updater": null,
        "date_added": "2022-09-20T06:13:52.912Z",
        "date_updated": "2022-09-20T06:13:52.912Z",
        "is_deleted": false,
        "customer": "cfbf07f3-8276-489c-9350-928e6ef81c50",
        "short_name": "Kanhirode",
        "latitude": "11.9156572",
        "longitude": "75.4613155"
    }
},
{
    "model": "general.recentlocation",
    "pk": "7028a1c4-9d40-4e17-9e64-59805523b069",
    "fields": {
        "auto_id": 5,
        "creator": 16,
        "updater": null,
        "date_added": "2022-09-20T05:55:41.551Z",
        "date_updated": "2022-09-20T05:55:41.551Z",
        "is_deleted": false,
        "customer": "cfbf07f3-8276-489c-9350-928e6ef81c50",
        "short_name": "Tithebarn St",
        "latitude": "53.4086983",
        "longitude": "-2.9917107"
    }
},
{
    "model": "general.recentlocation",
    "pk": "7909f17a-0fe6-4445-b2aa-654590f519b5",
    "fields": {
        "auto_id": 12,
        "creator": 12,
        "updater": null,
        "date_added": "2022-10-03T09:09:50.352Z",
        "date_updated": "2022-10-03T09:09:50.352Z",
        "is_deleted": false,
        "customer": "9584d174-9108-4753-81f3-d6a52c3b7419",
        "short_name": "Kalyan Railway Station Rd",
        "latitude": "19.235008",
        "longitude": "73.1308146"
    }
},
{
    "model": "general.recentlocation",
    "pk": "7970c746-f54a-4e80-affd-9bbcc9b4b338",
    "fields": {
        "auto_id": 18,
        "creator": 12,
        "updater": null,
        "date_added": "2022-11-23T13:50:55.134Z",
        "date_updated": "2022-11-23T13:51:09.939Z",
        "is_deleted": false,
        "customer": "9584d174-9108-4753-81f3-d6a52c3b7419",
        "short_name": "null",
        "latitude": "11.1418734",
        "longitude": "75.9739782"
    }
},
{
    "model": "general.recentlocation",
    "pk": "79a815ae-b5f4-46a5-ae8d-cea358c69108",
    "fields": {
        "auto_id": 1,
        "creator": 6,
        "updater": null,
        "date_added": "2022-09-19T09:57:23.620Z",
        "date_updated": "2022-09-19T09:57:23.620Z",
        "is_deleted": false,
        "customer": "6d720bcc-2b8b-40e8-b12b-fd08ec8afa5e",
        "short_name": null,
        "latitude": "1",
        "longitude": "1"
    }
},
{
    "model": "general.recentlocation",
    "pk": "932de2a8-4ee4-46fe-abc2-5f3bfd92bd6f",
    "fields": {
        "auto_id": 15,
        "creator": 12,
        "updater": null,
        "date_added": "2022-10-21T12:58:04.432Z",
        "date_updated": "2022-11-23T13:51:22.770Z",
        "is_deleted": false,
        "customer": "9584d174-9108-4753-81f3-d6a52c3b7419",
        "short_name": "Kondotty",
        "latitude": "11.1456992",
        "longitude": "75.9642624"
    }
},
{
    "model": "general.recentlocation",
    "pk": "95c4682c-3c42-4251-8da2-698e8e858ef8",
    "fields": {
        "auto_id": 3,
        "creator": 16,
        "updater": null,
        "date_added": "2022-09-20T05:46:17.170Z",
        "date_updated": "2022-09-20T05:46:17.170Z",
        "is_deleted": false,
        "customer": "cfbf07f3-8276-489c-9350-928e6ef81c50",
        "short_name": "Calle Sta. Mara",
        "latitude": "36.7212015",
        "longitude": "-4.421276499999999"
    }
},
{
    "model": "general.recentlocation",
    "pk": "aa71f8f2-369f-4009-bfed-1dd0c1ccc473",
    "fields": {
        "auto_id": 21,
        "creator": 31,
        "updater": null,
        "date_added": "2022-11-24T10:15:03.131Z",
        "date_updated": "2022-11-24T10:15:44.227Z",
        "is_deleted": false,
        "customer": "7c49f266-ea6c-4e62-9eb1-70e0638745a9",
        "short_name": "Palissery",
        "latitude": "11.7491424",
        "longitude": "75.4890346"
    }
},
{
    "model": "general.recentlocation",
    "pk": "ab1bfdb8-e3ad-4d23-93ce-57df5ebb7e86",
    "fields": {
        "auto_id": 23,
        "creator": 12,
        "updater": null,
        "date_added": "2022-11-25T14:28:39.235Z",
        "date_updated": "2022-11-25T14:40:46.922Z",
        "is_deleted": false,
        "customer": "9584d174-9108-4753-81f3-d6a52c3b7419",
        "short_name": "Kondotty",
        "latitude": "11.1433861",
        "longitude": "75.9704535"
    }
},
{
    "model": "general.recentlocation",
    "pk": "b9ca5c09-9e54-4de5-9b83-2959662a5a32",
    "fields": {
        "auto_id": 22,
        "creator": 12,
        "updater": null,
        "date_added": "2022-11-25T14:27:15.300Z",
        "date_updated": "2022-11-25T14:27:15.300Z",
        "is_deleted": false,
        "customer": "9584d174-9108-4753-81f3-d6a52c3b7419",
        "short_name": "null",
        "latitude": "11.1451296",
        "longitude": "75.9708164"
    }
},
{
    "model": "general.recentlocation",
    "pk": "cc7a9526-e32e-4849-b007-fe6c87ace37a",
    "fields": {
        "auto_id": 11,
        "creator": 6,
        "updater": null,
        "date_added": "2022-09-29T10:45:20.127Z",
        "date_updated": "2022-10-10T06:41:59.363Z",
        "is_deleted": false,
        "customer": "6d720bcc-2b8b-40e8-b12b-fd08ec8afa5e",
        "short_name": "SP Office Rd",
        "latitude": "11.874144",
        "longitude": "75.3710014"
    }
},
{
    "model": "general.recentlocation",
    "pk": "cf54a72c-bb8c-4c24-9e14-ded84568a4f9",
    "fields": {
        "auto_id": 24,
        "creator": 12,
        "updater": null,
        "date_added": "2022-11-30T09:09:43.968Z",
        "date_updated": "2022-11-30T09:09:43.968Z",
        "is_deleted": false,
        "customer": "9584d174-9108-4753-81f3-d6a52c3b7419",
        "short_name": "Malappuram",
        "latitude": "11.1418176",
        "longitude": "75.9739998"
    }
},
{
    "model": "general.recentlocation",
    "pk": "d6433f14-4fcb-41ae-82c0-e8cdf8382299",
    "fields": {
        "auto_id": 7,
        "creator": 15,
        "updater": null,
        "date_added": "2022-09-20T09:49:14.137Z",
        "date_updated": "2022-09-20T09:49:14.137Z",
        "is_deleted": false,
        "customer": "2ab9874b-14bc-4193-934d-bf5a42ecaeac",
        "short_name": "Kanhirode",
        "latitude": "11.9156559",
        "longitude": "75.4613146"
    }
},
{
    "model": "general.recentlocation",
    "pk": "e05e8860-893b-4634-a0e8-38effc181f9a",
    "fields": {
        "auto_id": 8,
        "creator": 15,
        "updater": null,
        "date_added": "2022-09-20T09:58:22.684Z",
        "date_updated": "2022-09-20T09:58:22.684Z",
        "is_deleted": false,
        "customer": "2ab9874b-14bc-4193-934d-bf5a42ecaeac",
        "short_name": "Kizhakkethala",
        "latitude": "11.0509762",
        "longitude": "76.0710967"
    }
},
{
    "model": "general.recentlocation",
    "pk": "e71964dd-f583-47bb-9b0a-5b9f9776b34c",
    "fields": {
        "auto_id": 14,
        "creator": 6,
        "updater": null,
        "date_added": "2022-10-10T06:46:40.421Z",
        "date_updated": "2022-10-10T06:47:38.201Z",
        "is_deleted": false,
        "customer": "6d720bcc-2b8b-40e8-b12b-fd08ec8afa5e",
        "short_name": "Koodali",
        "latitude": "11.9203445",
        "longitude": "75.4736153"
    }
},
{
    "model": "general.recentlocation",
    "pk": "e7e95015-0cc5-434a-8df8-762dff058d8f",
    "fields": {
        "auto_id": 2,
        "creator": 16,
        "updater": null,
        "date_added": "2022-09-20T05:41:44.124Z",
        "date_updated": "2022-09-20T06:13:35.624Z",
        "is_deleted": false,
        "customer": "cfbf07f3-8276-489c-9350-928e6ef81c50",
        "short_name": "Kizhakkethala",
        "latitude": "11.0509762",
        "longitude": "76.0710967"
    }
},
{
    "model": "general.recentlocation",
    "pk": "f6d49238-b9b3-4f0c-acca-8bdb902c5419",
    "fields": {
        "auto_id": 13,
        "creator": 6,
        "updater": null,
        "date_added": "2022-10-10T06:38:29.577Z",
        "date_updated": "2022-10-10T06:47:33.234Z",
        "is_deleted": false,
        "customer": "6d720bcc-2b8b-40e8-b12b-fd08ec8afa5e",
        "short_name": "AR Nagar - Chendappuraya Rd",
        "latitude": "11.0683661",
        "longitude": "75.938079"
    }
},
{
    "model": "general.recentlocation",
    "pk": "f7cf71b7-dc64-4b19-9938-f7fe474d31de",
    "fields": {
        "auto_id": 10,
        "creator": 15,
        "updater": null,
        "date_added": "2022-09-26T05:37:55.056Z",
        "date_updated": "2022-09-26T05:38:10.320Z",
        "is_deleted": false,
        "customer": "2ab9874b-14bc-4193-934d-bf5a42ecaeac",
        "short_name": "Mattathur",
        "latitude": "11.0564843",
        "longitude": "76.0379216"
    }
},
{
    "model": "general.recentlocation",
    "pk": "fe5cd7c1-4688-4f54-bfc6-8e9c4916aa34",
    "fields": {
        "auto_id": 9,
        "creator": 15,
        "updater": null,
        "date_added": "2022-09-26T05:37:51.741Z",
        "date_updated": "2022-09-26T05:37:51.741Z",
        "is_deleted": false,
        "customer": "2ab9874b-14bc-4193-934d-bf5a42ecaeac",
        "short_name": "null",
        "latitude": "null",
        "longitude": "null"
    }
},
{
    "model": "general.useractivity",
    "pk": 1,
    "fields": {
        "user": 1,
        "time": "2022-09-28T04:42:52.270Z",
        "activity_type": "Create",
        "app": "Shop",
        "title": "Created an Staff",
        "instance": "aryan",
        "is_deleted": false
    }
},
{
    "model": "general.useractivity",
    "pk": 2,
    "fields": {
        "user": 1,
        "time": "2022-09-28T11:05:21.990Z",
        "activity_type": "Update",
        "app": "Shop",
        "title": "Updated an Shop Offer",
        "instance": "50% above 400 Purchase",
        "is_deleted": false
    }
},
{
    "model": "general.useractivity",
    "pk": 3,
    "fields": {
        "user": 1,
        "time": "2022-09-28T11:05:54.042Z",
        "activity_type": "Update",
        "app": "Shop",
        "title": "Updated an Shop Offer",
        "instance": "70% Upto Offer",
        "is_deleted": false
    }
},
{
    "model": "general.useractivity",
    "pk": 4,
    "fields": {
        "user": 1,
        "time": "2022-09-28T11:19:59.296Z",
        "activity_type": "Update",
        "app": "Shop",
        "title": "Updated an Shop Offer",
        "instance": "Upto 30% offer",
        "is_deleted": false
    }
},
{
    "model": "general.useractivity",
    "pk": 5,
    "fields": {
        "user": 1,
        "time": "2022-09-28T11:20:31.976Z",
        "activity_type": "Update",
        "app": "Shop",
        "title": "Updated an Shop Offer",
        "instance": "Upto 30% offer",
        "is_deleted": false
    }
},
{
    "model": "general.useractivity",
    "pk": 6,
    "fields": {
        "user": 1,
        "time": "2022-09-28T11:23:21.331Z",
        "activity_type": "Update",
        "app": "Shop",
        "title": "Updated an Brand Offer",
        "instance": "30% Offer",
        "is_deleted": false
    }
},
{
    "model": "general.useractivity",
    "pk": 7,
    "fields": {
        "user": 1,
        "time": "2022-09-28T11:23:47.627Z",
        "activity_type": "Update",
        "app": "Shop",
        "title": "Updated an Brand Offer",
        "instance": "30% Offer",
        "is_deleted": false
    }
},
{
    "model": "general.useractivity",
    "pk": 8,
    "fields": {
        "user": 1,
        "time": "2022-09-28T11:24:55.647Z",
        "activity_type": "Update",
        "app": "Shop",
        "title": "Updated an Brand Offer",
        "instance": "30% Offer",
        "is_deleted": false
    }
},
{
    "model": "general.useractivity",
    "pk": 9,
    "fields": {
        "user": 1,
        "time": "2022-10-11T04:33:17.289Z",
        "activity_type": "Update",
        "app": "Shop",
        "title": "Updated an Shop Offer",
        "instance": "Upto 30% offer",
        "is_deleted": false
    }
},
{
    "model": "general.useractivity",
    "pk": 10,
    "fields": {
        "user": 1,
        "time": "2022-10-11T04:41:23.762Z",
        "activity_type": "Update",
        "app": "Shop",
        "title": "Updated an Brand Offer",
        "instance": "30% Offer",
        "is_deleted": false
    }
},
{
    "model": "general.useractivity",
    "pk": 11,
    "fields": {
        "user": 1,
        "time": "2022-10-11T04:43:03.174Z",
        "activity_type": "Update",
        "app": "Shop",
        "title": "Updated an Shop Offer",
        "instance": "10% 0ffer",
        "is_deleted": false
    }
},
{
    "model": "general.useractivity",
    "pk": 12,
    "fields": {
        "user": 1,
        "time": "2022-10-11T04:44:04.086Z",
        "activity_type": "Update",
        "app": "Shop",
        "title": "Updated an Shop Offer",
        "instance": "10% 0ffer",
        "is_deleted": false
    }
},
{
    "model": "general.useractivity",
    "pk": 13,
    "fields": {
        "user": 1,
        "time": "2022-10-11T04:44:50.842Z",
        "activity_type": "Update",
        "app": "Shop",
        "title": "Updated an Shop Offer",
        "instance": "10% 0ffer",
        "is_deleted": false
    }
},
{
    "model": "general.useractivity",
    "pk": 14,
    "fields": {
        "user": 1,
        "time": "2022-10-11T04:49:50.656Z",
        "activity_type": "Update",
        "app": "Shop",
        "title": "Updated an Shop Offer",
        "instance": "10% 0ffer",
        "is_deleted": false
    }
},
{
    "model": "general.useractivity",
    "pk": 15,
    "fields": {
        "user": 1,
        "time": "2022-10-11T09:22:18.794Z",
        "activity_type": "Create",
        "app": "Shop",
        "title": "Created an Gallery",
        "instance": "20",
        "is_deleted": false
    }
},
{
    "model": "general.useractivity",
    "pk": 16,
    "fields": {
        "user": 1,
        "time": "2022-10-13T04:53:38.195Z",
        "activity_type": "Create",
        "app": "Shop",
        "title": "Created an Gallery",
        "instance": "10",
        "is_deleted": false
    }
},
{
    "model": "general.useractivity",
    "pk": 17,
    "fields": {
        "user": 1,
        "time": "2022-11-07T06:50:35.765Z",
        "activity_type": "Update",
        "app": "Shop",
        "title": "Updated an Dish Offer",
        "instance": "15%",
        "is_deleted": false
    }
},
{
    "model": "general.useractivity",
    "pk": 18,
    "fields": {
        "user": 1,
        "time": "2022-11-07T06:57:52.743Z",
        "activity_type": "Update",
        "app": "Shop",
        "title": "Updated an Dish Offer",
        "instance": "sunday offer",
        "is_deleted": false
    }
},
{
    "model": "general.useractivity",
    "pk": 19,
    "fields": {
        "user": 1,
        "time": "2022-11-07T06:59:12.917Z",
        "activity_type": "Create",
        "app": "Shop",
        "title": "Created an Shop Offer",
        "instance": "60%",
        "is_deleted": false
    }
},
{
    "model": "general.useractivity",
    "pk": 20,
    "fields": {
        "user": 1,
        "time": "2022-11-08T06:11:52.426Z",
        "activity_type": "Create",
        "app": "Shop",
        "title": "Created an Offer",
        "instance": "Special Offer",
        "is_deleted": false
    }
},
{
    "model": "general.useractivity",
    "pk": 21,
    "fields": {
        "user": 1,
        "time": "2022-11-08T06:12:25.839Z",
        "activity_type": "Update",
        "app": "Shop",
        "title": "Updated an Dish Offer",
        "instance": "Special Offer",
        "is_deleted": false
    }
},
{
    "model": "general.useractivity",
    "pk": 22,
    "fields": {
        "user": 1,
        "time": "2022-11-08T06:13:56.546Z",
        "activity_type": "Create",
        "app": "Shop",
        "title": "Created an Dish in Shop",
        "instance": "Crunchy Chicken Strips",
        "is_deleted": false
    }
},
{
    "model": "general.useractivity",
    "pk": 23,
    "fields": {
        "user": 1,
        "time": "2022-11-08T10:02:48.992Z",
        "activity_type": "Create",
        "app": "Shop",
        "title": "Created an Dish Offer",
        "instance": "20%",
        "is_deleted": false
    }
},
{
    "model": "general.useractivity",
    "pk": 24,
    "fields": {
        "user": 1,
        "time": "2022-11-08T10:03:24.939Z",
        "activity_type": "Update",
        "app": "Shop",
        "title": "Updated an Dish Offer",
        "instance": "12%",
        "is_deleted": false
    }
},
{
    "model": "general.useractivity",
    "pk": 25,
    "fields": {
        "user": 1,
        "time": "2022-11-08T10:05:35.556Z",
        "activity_type": "Create",
        "app": "Shop",
        "title": "Created an Dish Offer",
        "instance": "99",
        "is_deleted": false
    }
},
{
    "model": "general.useractivity",
    "pk": 26,
    "fields": {
        "user": 1,
        "time": "2022-11-17T10:13:04.917Z",
        "activity_type": "Create",
        "app": "General",
        "title": "Created an Spotlight",
        "instance": "Image",
        "is_deleted": false
    }
},
{
    "model": "general.useractivity",
    "pk": 27,
    "fields": {
        "user": 1,
        "time": "2022-11-17T10:16:30.014Z",
        "activity_type": "Create",
        "app": "General",
        "title": "Created an Spotlight",
        "instance": "Image",
        "is_deleted": false
    }
},
{
    "model": "general.useractivity",
    "pk": 28,
    "fields": {
        "user": 1,
        "time": "2022-11-17T10:20:59.481Z",
        "activity_type": "Create",
        "app": "General",
        "title": "Created an Spotlight",
        "instance": "Image",
        "is_deleted": false
    }
},
{
    "model": "general.useractivity",
    "pk": 29,
    "fields": {
        "user": 1,
        "time": "2022-11-17T10:21:25.186Z",
        "activity_type": "Create",
        "app": "General",
        "title": "Created an Spotlight",
        "instance": "Image",
        "is_deleted": false
    }
},
{
    "model": "general.useractivity",
    "pk": 30,
    "fields": {
        "user": 1,
        "time": "2022-11-17T10:31:07.035Z",
        "activity_type": "Create",
        "app": "General",
        "title": "Created an Spotlight",
        "instance": "Image",
        "is_deleted": false
    }
},
{
    "model": "general.useractivity",
    "pk": 31,
    "fields": {
        "user": 1,
        "time": "2022-11-17T10:32:49.089Z",
        "activity_type": "Create",
        "app": "General",
        "title": "Created an Spotlight",
        "instance": "Image",
        "is_deleted": false
    }
},
{
    "model": "general.useractivity",
    "pk": 32,
    "fields": {
        "user": 1,
        "time": "2022-11-17T11:21:29.686Z",
        "activity_type": "Update",
        "app": "Dishes",
        "title": "Updated an Cuisine",
        "instance": "South Indian",
        "is_deleted": false
    }
},
{
    "model": "general.useractivity",
    "pk": 33,
    "fields": {
        "user": 1,
        "time": "2022-11-17T11:23:46.515Z",
        "activity_type": "Update",
        "app": "Dishes",
        "title": "Updated an Cuisine",
        "instance": "South Indian",
        "is_deleted": false
    }
},
{
    "model": "general.useractivity",
    "pk": 34,
    "fields": {
        "user": 1,
        "time": "2022-11-17T11:24:20.240Z",
        "activity_type": "Update",
        "app": "Dishes",
        "title": "Updated an Cuisine",
        "instance": "South Indian",
        "is_deleted": false
    }
},
{
    "model": "general.useractivity",
    "pk": 35,
    "fields": {
        "user": 1,
        "time": "2022-11-17T11:24:45.568Z",
        "activity_type": "Update",
        "app": "Dishes",
        "title": "Updated an Cuisine",
        "instance": "Kashmiri",
        "is_deleted": false
    }
},
{
    "model": "general.useractivity",
    "pk": 36,
    "fields": {
        "user": 1,
        "time": "2022-11-17T12:31:56.587Z",
        "activity_type": "Create",
        "app": "General",
        "title": "Created an Spotlight",
        "instance": "Image",
        "is_deleted": false
    }
},
{
    "model": "general.useractivity",
    "pk": 37,
    "fields": {
        "user": 1,
        "time": "2022-11-17T12:32:14.458Z",
        "activity_type": "Create",
        "app": "General",
        "title": "Created an Spotlight",
        "instance": "Image",
        "is_deleted": false
    }
},
{
    "model": "general.useractivity",
    "pk": 38,
    "fields": {
        "user": 1,
        "time": "2022-11-17T12:32:28.832Z",
        "activity_type": "Create",
        "app": "General",
        "title": "Created an Spotlight",
        "instance": "Image",
        "is_deleted": false
    }
},
{
    "model": "general.useractivity",
    "pk": 39,
    "fields": {
        "user": 1,
        "time": "2022-11-18T05:00:07.550Z",
        "activity_type": "Create",
        "app": "General",
        "title": "Created an Spotlight",
        "instance": "Image",
        "is_deleted": false
    }
},
{
    "model": "general.useractivity",
    "pk": 40,
    "fields": {
        "user": 1,
        "time": "2022-11-18T05:00:30.934Z",
        "activity_type": "Create",
        "app": "General",
        "title": "Created an Spotlight",
        "instance": "Image",
        "is_deleted": false
    }
},
{
    "model": "general.useractivity",
    "pk": 41,
    "fields": {
        "user": 1,
        "time": "2022-11-18T05:00:50.135Z",
        "activity_type": "Create",
        "app": "General",
        "title": "Created an Spotlight",
        "instance": "Image",
        "is_deleted": false
    }
},
{
    "model": "general.useractivity",
    "pk": 42,
    "fields": {
        "user": 1,
        "time": "2022-11-18T11:48:30.835Z",
        "activity_type": "Create",
        "app": "General",
        "title": "Created an Spotlight",
        "instance": "Image",
        "is_deleted": false
    }
},
{
    "model": "general.useractivity",
    "pk": 43,
    "fields": {
        "user": 1,
        "time": "2022-11-18T11:49:26.707Z",
        "activity_type": "Create",
        "app": "General",
        "title": "Created an Spotlight",
        "instance": "Image",
        "is_deleted": false
    }
},
{
    "model": "general.useractivity",
    "pk": 44,
    "fields": {
        "user": 1,
        "time": "2022-11-18T11:50:00.573Z",
        "activity_type": "Create",
        "app": "General",
        "title": "Created an Spotlight",
        "instance": "Image",
        "is_deleted": false
    }
},
{
    "model": "general.useractivity",
    "pk": 45,
    "fields": {
        "user": 1,
        "time": "2022-11-22T06:59:03.089Z",
        "activity_type": "Update",
        "app": "Dishes",
        "title": "Updated an Cuisine",
        "instance": "PUnjabi",
        "is_deleted": false
    }
},
{
    "model": "general.useractivity",
    "pk": 46,
    "fields": {
        "user": 1,
        "time": "2022-11-22T06:59:18.172Z",
        "activity_type": "Update",
        "app": "Dishes",
        "title": "Updated an Cuisine",
        "instance": "PUnjabi",
        "is_deleted": false
    }
},
{
    "model": "general.useractivity",
    "pk": 47,
    "fields": {
        "user": 1,
        "time": "2022-11-22T06:59:29.844Z",
        "activity_type": "Update",
        "app": "Dishes",
        "title": "Updated an Cuisine",
        "instance": "Arabian",
        "is_deleted": false
    }
},
{
    "model": "general.useractivity",
    "pk": 48,
    "fields": {
        "user": 1,
        "time": "2022-11-22T06:59:53.009Z",
        "activity_type": "Update",
        "app": "Dishes",
        "title": "Updated an Cuisine",
        "instance": "Spanish",
        "is_deleted": false
    }
},
{
    "model": "general.useractivity",
    "pk": 49,
    "fields": {
        "user": 1,
        "time": "2022-11-22T07:09:48.308Z",
        "activity_type": "Update",
        "app": "Dishes",
        "title": "Updated an Cuisine",
        "instance": "Arabian",
        "is_deleted": false
    }
},
{
    "model": "general.useractivity",
    "pk": 50,
    "fields": {
        "user": 1,
        "time": "2022-11-22T09:54:46.430Z",
        "activity_type": "Create",
        "app": "Shop",
        "title": "Created an Gallery",
        "instance": "10",
        "is_deleted": false
    }
},
{
    "model": "general.useractivity",
    "pk": 51,
    "fields": {
        "user": 1,
        "time": "2022-11-22T09:55:23.687Z",
        "activity_type": "Create",
        "app": "Shop",
        "title": "Created an Precaution",
        "instance": "Prevention Actions to Use at All COVID-19",
        "is_deleted": false
    }
},
{
    "model": "general.useractivity",
    "pk": 52,
    "fields": {
        "user": 1,
        "time": "2022-11-22T09:55:23.691Z",
        "activity_type": "Create",
        "app": "Shop",
        "title": "Created an Precaution",
        "instance": "COVID-19 Community Levels",
        "is_deleted": false
    }
},
{
    "model": "general.useractivity",
    "pk": 53,
    "fields": {
        "user": 1,
        "time": "2022-11-22T09:55:23.695Z",
        "activity_type": "Create",
        "app": "Shop",
        "title": "Created an Precaution",
        "instance": "CDC recommends some prevention actions at all COVID-19",
        "is_deleted": false
    }
},
{
    "model": "general.useractivity",
    "pk": 54,
    "fields": {
        "user": 1,
        "time": "2022-11-24T04:26:11.485Z",
        "activity_type": "Create",
        "app": "Shop",
        "title": "Created an Gallery",
        "instance": "20",
        "is_deleted": false
    }
},
{
    "model": "general.useractivity",
    "pk": 55,
    "fields": {
        "user": 1,
        "time": "2022-11-24T06:36:04.146Z",
        "activity_type": "Create",
        "app": "Shop",
        "title": "Created an Dish Offer",
        "instance": "30%",
        "is_deleted": false
    }
},
{
    "model": "general.useractivity",
    "pk": 56,
    "fields": {
        "user": 1,
        "time": "2022-12-01T04:09:08.388Z",
        "activity_type": "Create",
        "app": "General",
        "title": "Created an Spotlight",
        "instance": "Image",
        "is_deleted": false
    }
},
{
    "model": "general.useractivity",
    "pk": 57,
    "fields": {
        "user": 1,
        "time": "2022-12-01T04:09:48.441Z",
        "activity_type": "Create",
        "app": "General",
        "title": "Created an Spotlight",
        "instance": "Image",
        "is_deleted": false
    }
},
{
    "model": "general.useractivity",
    "pk": 58,
    "fields": {
        "user": 1,
        "time": "2022-12-01T04:10:01.745Z",
        "activity_type": "Create",
        "app": "General",
        "title": "Created an Spotlight",
        "instance": "Image",
        "is_deleted": false
    }
},
{
    "model": "shops.shoptype",
    "pk": "0555b3dc-5f94-41be-88e5-5a255b17d5a8",
    "fields": {
        "auto_id": 4,
        "creator": 1,
        "updater": 1,
        "date_added": "2022-08-27T08:19:47.097Z",
        "date_updated": "2022-08-27T08:19:47.097Z",
        "is_deleted": false,
        "name": "Coffee & Tea",
        "is_featured": false,
        "image": "",
        "icon": ""
    }
},
{
    "model": "shops.shoptype",
    "pk": "06fd20e7-49c4-48ec-aad1-8ddde23c4e61",
    "fields": {
        "auto_id": 2,
        "creator": 1,
        "updater": 1,
        "date_added": "2022-08-27T08:18:16.582Z",
        "date_updated": "2022-08-27T08:18:16.582Z",
        "is_deleted": false,
        "name": "Food Spot",
        "is_featured": false,
        "image": "",
        "icon": ""
    }
},
{
    "model": "shops.shoptype",
    "pk": "0ce0a9ba-4476-41d2-9942-c65b561f8e8e",
    "fields": {
        "auto_id": 3,
        "creator": 1,
        "updater": 1,
        "date_added": "2022-08-27T08:18:35.503Z",
        "date_updated": "2022-08-27T08:18:35.503Z",
        "is_deleted": false,
        "name": "Home Baker",
        "is_featured": false,
        "image": "",
        "icon": ""
    }
},
{
    "model": "shops.shoptype",
    "pk": "6ba7af5a-b64c-4b12-8c56-2e2ed851cc63",
    "fields": {
        "auto_id": 1,
        "creator": 1,
        "updater": 1,
        "date_added": "2022-08-27T08:18:00.723Z",
        "date_updated": "2022-08-27T08:18:00.723Z",
        "is_deleted": false,
        "name": "Restaurant",
        "is_featured": false,
        "image": "",
        "icon": ""
    }
},
{
    "model": "shops.zone",
    "pk": "36e40991-081a-4d72-9fb1-2c30df5303be",
    "fields": {
        "auto_id": 7,
        "creator": 1,
        "updater": 1,
        "date_added": "2022-08-27T08:21:13.025Z",
        "date_updated": "2022-08-27T08:21:13.025Z",
        "is_deleted": false,
        "zone": "Thrissur"
    }
},
{
    "model": "shops.zone",
    "pk": "647b4b5e-3bd6-4406-be7d-149a3b8eb124",
    "fields": {
        "auto_id": 1,
        "creator": 1,
        "updater": 1,
        "date_added": "2022-08-27T08:20:19.511Z",
        "date_updated": "2022-08-27T08:20:19.511Z",
        "is_deleted": false,
        "zone": "Kasaragod"
    }
},
{
    "model": "shops.zone",
    "pk": "87599071-f91a-4777-96df-134053f5bfb6",
    "fields": {
        "auto_id": 3,
        "creator": 1,
        "updater": 1,
        "date_added": "2022-08-27T08:20:40.542Z",
        "date_updated": "2022-08-27T08:20:40.542Z",
        "is_deleted": false,
        "zone": "Wayanad"
    }
},
{
    "model": "shops.zone",
    "pk": "909316a3-0f10-48d4-b888-240421369c2a",
    "fields": {
        "auto_id": 4,
        "creator": 1,
        "updater": 1,
        "date_added": "2022-08-27T08:20:50.020Z",
        "date_updated": "2022-08-27T08:20:50.020Z",
        "is_deleted": false,
        "zone": "Kozhikkode"
    }
},
{
    "model": "shops.zone",
    "pk": "b8414b1e-9abe-4244-863a-d43fd76458e5",
    "fields": {
        "auto_id": 6,
        "creator": 1,
        "updater": 1,
        "date_added": "2022-08-27T08:21:06.151Z",
        "date_updated": "2022-08-27T08:21:06.151Z",
        "is_deleted": false,
        "zone": "Palakkad"
    }
},
{
    "model": "shops.zone",
    "pk": "c2554209-4c63-4758-82ba-4cd9df48293d",
    "fields": {
        "auto_id": 8,
        "creator": 1,
        "updater": 1,
        "date_added": "2022-09-05T11:45:01.435Z",
        "date_updated": "2022-09-05T11:45:01.435Z",
        "is_deleted": false,
        "zone": "eranakulam"
    }
},
{
    "model": "shops.zone",
    "pk": "e0a0d17b-47c5-4ce8-9e5a-486314de8718",
    "fields": {
        "auto_id": 2,
        "creator": 1,
        "updater": 1,
        "date_added": "2022-08-27T08:20:29.534Z",
        "date_updated": "2022-08-27T08:20:29.534Z",
        "is_deleted": false,
        "zone": "Kannur"
    }
},
{
    "model": "shops.zone",
    "pk": "e3278788-0763-412a-9964-97f687f253bf",
    "fields": {
        "auto_id": 5,
        "creator": 1,
        "updater": 1,
        "date_added": "2022-08-27T08:20:57.395Z",
        "date_updated": "2022-08-27T08:20:57.395Z",
        "is_deleted": false,
        "zone": "Malappuram"
    }
},
{
    "model": "shops.subzone",
    "pk": "4b7c4bae-2aec-4f2f-8a27-7dc14c1020bc",
    "fields": {
        "auto_id": 4,
        "creator": 1,
        "updater": 1,
        "date_added": "2022-08-27T08:22:22.407Z",
        "date_updated": "2022-08-27T08:22:22.407Z",
        "is_deleted": false,
        "name": "South Malappuram",
        "zone": "e3278788-0763-412a-9964-97f687f253bf"
    }
},
{
    "model": "shops.subzone",
    "pk": "b635a554-e9f5-4480-9fba-20793337542a",
    "fields": {
        "auto_id": 1,
        "creator": 1,
        "updater": 1,
        "date_added": "2022-08-27T08:21:37.478Z",
        "date_updated": "2022-08-27T08:21:37.478Z",
        "is_deleted": false,
        "name": "West Thrissur",
        "zone": "36e40991-081a-4d72-9fb1-2c30df5303be"
    }
},
{
    "model": "shops.subzone",
    "pk": "e038e283-eafb-40b7-a749-1d023e123bf9",
    "fields": {
        "auto_id": 3,
        "creator": 1,
        "updater": 1,
        "date_added": "2022-08-27T08:22:05.529Z",
        "date_updated": "2022-08-27T08:22:05.529Z",
        "is_deleted": false,
        "name": "South Palakkad",
        "zone": "b8414b1e-9abe-4244-863a-d43fd76458e5"
    }
},
{
    "model": "shops.subzone",
    "pk": "f09e5d62-914b-4e90-b2b2-ebcffdcd8f15",
    "fields": {
        "auto_id": 5,
        "creator": 1,
        "updater": 1,
        "date_added": "2022-09-05T11:45:28.635Z",
        "date_updated": "2022-09-05T11:45:28.635Z",
        "is_deleted": false,
        "name": "eranakulam  south",
        "zone": "c2554209-4c63-4758-82ba-4cd9df48293d"
    }
},
{
    "model": "shops.subzone",
    "pk": "febe1640-8859-48e2-ae70-a7eb254a37eb",
    "fields": {
        "auto_id": 2,
        "creator": 1,
        "updater": 1,
        "date_added": "2022-08-27T08:21:49.959Z",
        "date_updated": "2022-08-27T08:21:49.959Z",
        "is_deleted": false,
        "name": "West Malappuram",
        "zone": "e3278788-0763-412a-9964-97f687f253bf"
    }
},
{
    "model": "shops.shop",
    "pk": "41f5f4ad-8b60-4d83-bdd3-5b241ac39543",
    "fields": {
        "auto_id": 6,
        "creator": 1,
        "updater": 1,
        "date_added": "2022-09-05T11:24:43.321Z",
        "date_updated": "2022-09-12T12:08:44.294Z",
        "is_deleted": false,
        "name": "Club Sulaimani",
        "image": "shops/club-sulaimani.jpg",
        "phone": "7034808456",
        "logo": "shops/organic-food-restaurant-logo-vector-17131380.jpeg",
        "address": "Thondayad Bypass, Kozhikode",
        "location": "b3c97dd0-c6f2-4fd3-91f6-9db5f151fc40",
        "email": "clubsulaimani@gmail.com",
        "rating": 5,
        "brand": null,
        "badge": null,
        "is_guester_assured": true,
        "average_cost_for_two": "300",
        "website_link": "http://www.clubsulaimani.com/",
        "shop_type": "0555b3dc-5f94-41be-88e5-5a255b17d5a8",
        "is_verified": true,
        "owner_name": null,
        "manager_name": null,
        "contact_number": "7034808456",
        "is_updated": true,
        "is_rejected": false,
        "rejected_reason": null,
        "zone": "909316a3-0f10-48d4-b888-240421369c2a",
        "sub_zone": null,
        "located": "SRID=4326;POINT (75.8271589 11.2532375)",
        "shop_timing": []
    }
},
{
    "model": "shops.shop",
    "pk": "5600daf9-d87c-4fb1-8a37-96a2866d7484",
    "fields": {
        "auto_id": 5,
        "creator": 1,
        "updater": 1,
        "date_added": "2022-09-05T10:53:42.997Z",
        "date_updated": "2022-09-12T12:09:31.972Z",
        "is_deleted": false,
        "name": "London Bakes N' Grills",
        "image": "shops/londonbakes.webp",
        "phone": "9633700500",
        "logo": "shops/51618_7323624_1442230_c91dc92a_image.jpeg",
        "address": "Puthur Link Road Jn Calicut Bypass Road, Palakkad 687001 India",
        "location": "f48de69b-fcff-44a1-8cc8-a0da3b0c4ab8",
        "email": "londonbng@gmail.com",
        "rating": 5,
        "brand": null,
        "badge": null,
        "is_guester_assured": true,
        "average_cost_for_two": "300",
        "website_link": "http://londonbakesngrills.com/",
        "shop_type": "6ba7af5a-b64c-4b12-8c56-2e2ed851cc63",
        "is_verified": true,
        "owner_name": null,
        "manager_name": null,
        "contact_number": null,
        "is_updated": true,
        "is_rejected": false,
        "rejected_reason": null,
        "zone": "b8414b1e-9abe-4244-863a-d43fd76458e5",
        "sub_zone": "e038e283-eafb-40b7-a749-1d023e123bf9",
        "located": "SRID=4326;POINT (76.6481873 10.7674752)",
        "shop_timing": []
    }
},
{
    "model": "shops.shop",
    "pk": "5620d27a-c16f-4792-8cb4-f221128e8696",
    "fields": {
        "auto_id": 3,
        "creator": 1,
        "updater": 1,
        "date_added": "2022-08-30T06:40:42.769Z",
        "date_updated": "2022-09-12T12:11:53.746Z",
        "is_deleted": false,
        "name": "Mc donalds",
        "image": "shops/kfc_kK5E7nV.png",
        "phone": "86064360002",
        "logo": "shops/51618_7323624_1442230_c91dc92a_image_miOuPRF.jpeg",
        "address": "mc donalds irinjalakkuda",
        "location": "7651b6ef-b1c8-4cc4-8edd-bb77a88f92f9",
        "email": "test1@example.com",
        "rating": 5,
        "brand": "93ed8291-bacd-40b4-903d-6d66c8cf4146",
        "badge": "48e68d9b-338d-4339-b885-f978e6996cbb",
        "is_guester_assured": true,
        "average_cost_for_two": "200",
        "website_link": "www.example1.com",
        "shop_type": "06fd20e7-49c4-48ec-aad1-8ddde23c4e61",
        "is_verified": true,
        "owner_name": "Tester 1",
        "manager_name": "Manager 1",
        "contact_number": "9898989986",
        "is_updated": true,
        "is_rejected": false,
        "rejected_reason": null,
        "zone": "36e40991-081a-4d72-9fb1-2c30df5303be",
        "sub_zone": "b635a554-e9f5-4480-9fba-20793337542a",
        "located": "SRID=4326;POINT (76.5858082 8.8897821)",
        "shop_timing": []
    }
},
{
    "model": "shops.shop",
    "pk": "5a4954b1-70de-430e-a661-3b25e512f6d1",
    "fields": {
        "auto_id": 10,
        "creator": 1,
        "updater": 1,
        "date_added": "2022-09-05T12:42:51.479Z",
        "date_updated": "2022-09-12T12:05:32.962Z",
        "is_deleted": false,
        "name": "Kl45 Resto Cafe",
        "image": "shops/bm_hZtH1mH.png",
        "phone": "7592081375",
        "logo": "shops/ood.jpeg",
        "address": null,
        "location": "0e4b999b-9d19-4acf-aef5-427f0b72e9c8",
        "email": "italianpizza@example.com",
        "rating": 5,
        "brand": null,
        "badge": null,
        "is_guester_assured": true,
        "average_cost_for_two": "300",
        "website_link": "http://londonbakesngrills.com/",
        "shop_type": "6ba7af5a-b64c-4b12-8c56-2e2ed851cc63",
        "is_verified": true,
        "owner_name": null,
        "manager_name": null,
        "contact_number": "7034808456",
        "is_updated": true,
        "is_rejected": false,
        "rejected_reason": null,
        "zone": "36e40991-081a-4d72-9fb1-2c30df5303be",
        "sub_zone": "b635a554-e9f5-4480-9fba-20793337542a",
        "located": "SRID=4326;POINT (76.21269579999999 10.3539329)",
        "shop_timing": []
    }
},
{
    "model": "shops.shop",
    "pk": "7dd6b4ab-c880-493e-927c-70800f47c205",
    "fields": {
        "auto_id": 9,
        "creator": 1,
        "updater": 1,
        "date_added": "2022-09-05T12:39:50.401Z",
        "date_updated": "2022-09-12T12:06:14.187Z",
        "is_deleted": false,
        "name": "Italian Pizza Hut",
        "image": "shops/kfc_kn5URVb.png",
        "phone": "7592081375",
        "logo": "shops/yyyh.jpeg",
        "address": null,
        "location": "a167db95-a9f2-4e5f-8ba4-603faabf3270",
        "email": "italianpizza@example.com",
        "rating": 5,
        "brand": null,
        "badge": null,
        "is_guester_assured": true,
        "average_cost_for_two": "300",
        "website_link": "http://londonbakesngrills.com/",
        "shop_type": "6ba7af5a-b64c-4b12-8c56-2e2ed851cc63",
        "is_verified": true,
        "owner_name": null,
        "manager_name": null,
        "contact_number": null,
        "is_updated": true,
        "is_rejected": false,
        "rejected_reason": null,
        "zone": "36e40991-081a-4d72-9fb1-2c30df5303be",
        "sub_zone": "b635a554-e9f5-4480-9fba-20793337542a",
        "located": "SRID=4326;POINT (76.33726589999999 10.3013128)",
        "shop_timing": []
    }
},
{
    "model": "shops.shop",
    "pk": "86dfe25a-5395-4280-8891-2c82b997a8aa",
    "fields": {
        "auto_id": 8,
        "creator": 1,
        "updater": 1,
        "date_added": "2022-09-05T12:35:32.778Z",
        "date_updated": "2022-09-12T12:06:38.011Z",
        "is_deleted": false,
        "name": "Ikku Bhais Kuzhimanthi Kada",
        "image": "shops/bm.png",
        "phone": "9633700500",
        "logo": "shops/io_h999VAx.jpeg",
        "address": "Ikku Bhais Kuzhimanthi Kada,irinjalakuda",
        "location": "13fa920d-9f0a-408f-814e-92eb2b306d88",
        "email": "haseeb@talrop.com",
        "rating": 5,
        "brand": null,
        "badge": null,
        "is_guester_assured": true,
        "average_cost_for_two": "300",
        "website_link": "http://londonbakesngrills.com/",
        "shop_type": "6ba7af5a-b64c-4b12-8c56-2e2ed851cc63",
        "is_verified": true,
        "owner_name": "joe",
        "manager_name": null,
        "contact_number": "9633700500",
        "is_updated": true,
        "is_rejected": false,
        "rejected_reason": null,
        "zone": "36e40991-081a-4d72-9fb1-2c30df5303be",
        "sub_zone": "b635a554-e9f5-4480-9fba-20793337542a",
        "located": "SRID=4326;POINT (76.2152964 10.3428184)",
        "shop_timing": []
    }
},
{
    "model": "shops.shop",
    "pk": "98387e4a-c061-4437-a623-3d0fbdf033be",
    "fields": {
        "auto_id": 4,
        "creator": 1,
        "updater": 1,
        "date_added": "2022-08-31T05:43:44.962Z",
        "date_updated": "2022-08-31T05:43:44.962Z",
        "is_deleted": false,
        "name": "Arabian mandhi",
        "image": "shops/arabian_mandhi.jpg",
        "phone": "8756324110",
        "logo": "shops/arabian_mandhi_jeuvJtS.jpg",
        "address": null,
        "location": "c272ff37-e4ea-4215-9506-e5161cc6e469",
        "email": "am@g.com",
        "rating": 5,
        "brand": null,
        "badge": "48e68d9b-338d-4339-b885-f978e6996cbb",
        "is_guester_assured": true,
        "average_cost_for_two": "300",
        "website_link": "arabicmandhi.com",
        "shop_type": "6ba7af5a-b64c-4b12-8c56-2e2ed851cc63",
        "is_verified": true,
        "owner_name": "Majeed",
        "manager_name": "muhammed",
        "contact_number": "9632147585",
        "is_updated": true,
        "is_rejected": false,
        "rejected_reason": null,
        "zone": "36e40991-081a-4d72-9fb1-2c30df5303be",
        "sub_zone": "b635a554-e9f5-4480-9fba-20793337542a",
        "located": "SRID=4326;POINT (76.2074124 10.3468925)",
        "shop_timing": []
    }
},
{
    "model": "shops.shop",
    "pk": "ace47b2a-df92-4795-935a-06d2745d4717",
    "fields": {
        "auto_id": 1,
        "creator": 1,
        "updater": 1,
        "date_added": "2022-08-27T08:26:49.310Z",
        "date_updated": "2022-09-12T12:04:09.343Z",
        "is_deleted": false,
        "name": "KFC",
        "image": "shops/kfc.png",
        "phone": "8592057337",
        "logo": "shops/bran.jpeg",
        "address": "irinjalakkuda",
        "location": "b3d769ab-655b-4e59-84b8-2480bcf68514",
        "email": "kfc@test.com",
        "rating": 5,
        "brand": "0cb49867-7cce-407b-a3d1-4774641e7e06",
        "badge": "6bd98151-7405-475a-81b3-2288a1fbba3b",
        "is_guester_assured": true,
        "average_cost_for_two": "350",
        "website_link": "kfcirinjalakkuda.com",
        "shop_type": "6ba7af5a-b64c-4b12-8c56-2e2ed851cc63",
        "is_verified": true,
        "owner_name": "Josy",
        "manager_name": "Anusha",
        "contact_number": "8592057338",
        "is_updated": true,
        "is_rejected": false,
        "rejected_reason": null,
        "zone": "36e40991-081a-4d72-9fb1-2c30df5303be",
        "sub_zone": "b635a554-e9f5-4480-9fba-20793337542a",
        "located": "SRID=4326;POINT (76.2161473 10.3421927)",
        "shop_timing": []
    }
},
{
    "model": "shops.shop",
    "pk": "b3196079-4664-424c-8a57-65c02a5da414",
    "fields": {
        "auto_id": 7,
        "creator": 1,
        "updater": 1,
        "date_added": "2022-09-05T12:11:23.343Z",
        "date_updated": "2022-09-12T12:07:14.877Z",
        "is_deleted": false,
        "name": "Noorjehan's Hotpan Restaurant",
        "image": "shops/NoorjehanHotpan.jpg",
        "phone": "487244417",
        "logo": "shops/8_big33.png",
        "address": "Jawaharlal Nehru Stadium, Kaloor",
        "location": "6e25acd7-8730-4b0e-8ed0-b997caaf6469",
        "email": "info@hotpan.co.in",
        "rating": 5,
        "brand": null,
        "badge": null,
        "is_guester_assured": true,
        "average_cost_for_two": "300",
        "website_link": "http://www.hotpan.co.in/",
        "shop_type": "6ba7af5a-b64c-4b12-8c56-2e2ed851cc63",
        "is_verified": true,
        "owner_name": null,
        "manager_name": null,
        "contact_number": null,
        "is_updated": true,
        "is_rejected": false,
        "rejected_reason": null,
        "zone": "36e40991-081a-4d72-9fb1-2c30df5303be",
        "sub_zone": "b635a554-e9f5-4480-9fba-20793337542a",
        "located": "SRID=4326;POINT (76.47711940000001 10.2941533)",
        "shop_timing": []
    }
},
{
    "model": "shops.shop",
    "pk": "d4663394-c94c-4465-8779-1b9cfcb00e61",
    "fields": {
        "auto_id": 2,
        "creator": 1,
        "updater": 1,
        "date_added": "2022-08-30T06:05:24.468Z",
        "date_updated": "2022-09-12T12:11:14.227Z",
        "is_deleted": false,
        "name": "Chicking",
        "image": "shops/ck_ki2P3jN.png",
        "phone": "99900009000",
        "logo": "shops/images.jpeg",
        "address": "irinjalakkuda",
        "location": "5a73095e-68e5-40c2-b53d-9bd430c52005",
        "email": "test@example.com",
        "rating": 5,
        "brand": "dbeb670a-951a-4829-8c9f-cb0cd037be2e",
        "badge": "6bd98151-7405-475a-81b3-2288a1fbba3b",
        "is_guester_assured": true,
        "average_cost_for_two": "150",
        "website_link": "www.example.com",
        "shop_type": "06fd20e7-49c4-48ec-aad1-8ddde23c4e61",
        "is_verified": true,
        "owner_name": "Tester",
        "manager_name": "Ameen",
        "contact_number": "8606543343",
        "is_updated": true,
        "is_rejected": false,
        "rejected_reason": null,
        "zone": "36e40991-081a-4d72-9fb1-2c30df5303be",
        "sub_zone": "b635a554-e9f5-4480-9fba-20793337542a",
        "located": "SRID=4326;POINT (76.21790519999999 10.3529858)",
        "shop_timing": []
    }
},
{
    "model": "shops.shopworkingday",
    "pk": "0e00d46a-3f3b-4114-9337-89bef17f5e48",
    "fields": {
        "auto_id": 1,
        "creator": 1,
        "updater": 1,
        "date_added": "2022-09-12T12:37:26.468Z",
        "date_updated": "2022-09-12T12:37:26.468Z",
        "is_deleted": false,
        "shop": "ace47b2a-df92-4795-935a-06d2745d4717",
        "day": "ec5961fc-61d4-4bb5-826f-32d3c3b4b49c",
        "start_time": "07:05:00",
        "end_time": "21:05:00"
    }
},
{
    "model": "shops.shopworkingday",
    "pk": "2c3c4b2e-240a-4747-b544-564d49cdb69b",
    "fields": {
        "auto_id": 9,
        "creator": 1,
        "updater": 1,
        "date_added": "2022-09-20T10:57:49.246Z",
        "date_updated": "2022-09-20T10:57:49.246Z",
        "is_deleted": false,
        "shop": "d4663394-c94c-4465-8779-1b9cfcb00e61",
        "day": "6eab1bcb-631a-4fee-8695-3abcf766e79b",
        "start_time": "04:25:00",
        "end_time": "16:25:00"
    }
},
{
    "model": "shops.shopworkingday",
    "pk": "2d31206e-9f0a-4419-9022-e5e26d3a92a0",
    "fields": {
        "auto_id": 8,
        "creator": 1,
        "updater": 1,
        "date_added": "2022-09-20T10:57:49.242Z",
        "date_updated": "2022-09-20T10:57:49.242Z",
        "is_deleted": false,
        "shop": "d4663394-c94c-4465-8779-1b9cfcb00e61",
        "day": "ec5961fc-61d4-4bb5-826f-32d3c3b4b49c",
        "start_time": "04:25:00",
        "end_time": "16:25:00"
    }
},
{
    "model": "shops.shopworkingday",
    "pk": "32c09470-2f71-4d1c-9e30-80a9805e44a3",
    "fields": {
        "auto_id": 13,
        "creator": 1,
        "updater": 1,
        "date_added": "2022-09-20T10:57:49.255Z",
        "date_updated": "2022-09-20T10:57:49.255Z",
        "is_deleted": false,
        "shop": "d4663394-c94c-4465-8779-1b9cfcb00e61",
        "day": "f40176f8-4315-44fe-9ed0-c66f0daa436d",
        "start_time": "04:25:00",
        "end_time": "16:26:00"
    }
},
{
    "model": "shops.shopworkingday",
    "pk": "5b81189f-a402-4227-b983-44effa1c459c",
    "fields": {
        "auto_id": 4,
        "creator": 1,
        "updater": 1,
        "date_added": "2022-09-12T12:37:26.480Z",
        "date_updated": "2022-09-12T12:37:26.480Z",
        "is_deleted": false,
        "shop": "ace47b2a-df92-4795-935a-06d2745d4717",
        "day": "e82e848e-307f-4d47-9c85-96eb8c9d974b",
        "start_time": "06:07:00",
        "end_time": "21:06:00"
    }
},
{
    "model": "shops.shopworkingday",
    "pk": "67cb97e1-b8c1-4723-a299-be7e8d61b18e",
    "fields": {
        "auto_id": 10,
        "creator": 1,
        "updater": 1,
        "date_added": "2022-09-20T10:57:49.248Z",
        "date_updated": "2022-09-20T10:57:49.248Z",
        "is_deleted": false,
        "shop": "d4663394-c94c-4465-8779-1b9cfcb00e61",
        "day": "e82e848e-307f-4d47-9c85-96eb8c9d974b",
        "start_time": "04:25:00",
        "end_time": "16:25:00"
    }
},
{
    "model": "shops.shopworkingday",
    "pk": "6d56cb17-3142-4fe2-b24e-b85a9315ae8b",
    "fields": {
        "auto_id": 12,
        "creator": 1,
        "updater": 1,
        "date_added": "2022-09-20T10:57:49.253Z",
        "date_updated": "2022-09-20T10:57:49.253Z",
        "is_deleted": false,
        "shop": "d4663394-c94c-4465-8779-1b9cfcb00e61",
        "day": "941ce110-52b8-42a0-81ed-b5787fec1943",
        "start_time": "04:25:00",
        "end_time": "16:26:00"
    }
},
{
    "model": "shops.shopworkingday",
    "pk": "7df2a167-3c21-43af-9153-f7c5b38259a2",
    "fields": {
        "auto_id": 14,
        "creator": 1,
        "updater": 1,
        "date_added": "2022-09-20T10:57:49.257Z",
        "date_updated": "2022-09-20T10:57:49.257Z",
        "is_deleted": false,
        "shop": "d4663394-c94c-4465-8779-1b9cfcb00e61",
        "day": "552f03c2-440a-4adb-9f66-5cfe404a028f",
        "start_time": "04:25:00",
        "end_time": "16:26:00"
    }
},
{
    "model": "shops.shopworkingday",
    "pk": "89e8427e-75c6-4706-888c-cbc868bdaad7",
    "fields": {
        "auto_id": 5,
        "creator": 1,
        "updater": 1,
        "date_added": "2022-09-12T12:37:26.483Z",
        "date_updated": "2022-09-12T12:37:26.483Z",
        "is_deleted": false,
        "shop": "ace47b2a-df92-4795-935a-06d2745d4717",
        "day": "941ce110-52b8-42a0-81ed-b5787fec1943",
        "start_time": "06:06:00",
        "end_time": "22:06:00"
    }
},
{
    "model": "shops.shopworkingday",
    "pk": "b430e751-9ca0-4916-a935-b4d0e64eec53",
    "fields": {
        "auto_id": 3,
        "creator": 1,
        "updater": 1,
        "date_added": "2022-09-12T12:37:26.477Z",
        "date_updated": "2022-09-12T12:37:26.477Z",
        "is_deleted": false,
        "shop": "ace47b2a-df92-4795-935a-06d2745d4717",
        "day": "5d7854c3-dace-4115-b02f-48e5d686bb2e",
        "start_time": "06:07:00",
        "end_time": "22:06:00"
    }
},
{
    "model": "shops.shopworkingday",
    "pk": "b9436520-a60c-46bf-a448-1670dc1a2a93",
    "fields": {
        "auto_id": 11,
        "creator": 1,
        "updater": 1,
        "date_added": "2022-09-20T10:57:49.250Z",
        "date_updated": "2022-09-20T10:57:49.250Z",
        "is_deleted": false,
        "shop": "d4663394-c94c-4465-8779-1b9cfcb00e61",
        "day": "5d7854c3-dace-4115-b02f-48e5d686bb2e",
        "start_time": "04:25:00",
        "end_time": "16:25:00"
    }
},
{
    "model": "shops.shopworkingday",
    "pk": "bc2f35f4-5f47-4884-bd34-deecfe99d7ea",
    "fields": {
        "auto_id": 7,
        "creator": 1,
        "updater": 1,
        "date_added": "2022-09-12T12:37:26.489Z",
        "date_updated": "2022-09-12T12:37:26.489Z",
        "is_deleted": false,
        "shop": "ace47b2a-df92-4795-935a-06d2745d4717",
        "day": "552f03c2-440a-4adb-9f66-5cfe404a028f",
        "start_time": "06:07:00",
        "end_time": "23:07:00"
    }
},
{
    "model": "shops.shopworkingday",
    "pk": "c7d507b5-6559-4d6a-9e01-c1c507f6214c",
    "fields": {
        "auto_id": 2,
        "creator": 1,
        "updater": 1,
        "date_added": "2022-09-12T12:37:26.473Z",
        "date_updated": "2022-09-12T12:37:26.473Z",
        "is_deleted": false,
        "shop": "ace47b2a-df92-4795-935a-06d2745d4717",
        "day": "6eab1bcb-631a-4fee-8695-3abcf766e79b",
        "start_time": "07:05:00",
        "end_time": "22:05:00"
    }
},
{
    "model": "shops.shopworkingday",
    "pk": "ef59cffb-202a-4f10-b451-e187302d8b6a",
    "fields": {
        "auto_id": 6,
        "creator": 1,
        "updater": 1,
        "date_added": "2022-09-12T12:37:26.486Z",
        "date_updated": "2022-09-12T12:37:26.486Z",
        "is_deleted": false,
        "shop": "ace47b2a-df92-4795-935a-06d2745d4717",
        "day": "f40176f8-4315-44fe-9ed0-c66f0daa436d",
        "start_time": "06:07:00",
        "end_time": "22:07:00"
    }
},
{
    "model": "shops.shopsafetyprecaution",
    "pk": "05a4ad38-b23b-420f-b0aa-62cecd924927",
    "fields": {
        "auto_id": 14,
        "creator": 1,
        "updater": 1,
        "date_added": "2022-09-06T05:46:58.128Z",
        "date_updated": "2022-09-06T05:46:58.128Z",
        "is_deleted": false,
        "shop": "ace47b2a-df92-4795-935a-06d2745d4717",
        "title": "Distancing maintained in common areas"
    }
},
{
    "model": "shops.shopsafetyprecaution",
    "pk": "3df3bab4-4797-495a-9855-0a5672882eb0",
    "fields": {
        "auto_id": 10,
        "creator": 1,
        "updater": 1,
        "date_added": "2022-09-06T05:46:58.119Z",
        "date_updated": "2022-09-06T05:46:58.119Z",
        "is_deleted": false,
        "shop": "ace47b2a-df92-4795-935a-06d2745d4717",
        "title": "Common areas deep-cleaned daily"
    }
},
{
    "model": "shops.shopsafetyprecaution",
    "pk": "3ece7045-7fc0-4531-87a5-5f48fdd5d6e6",
    "fields": {
        "auto_id": 22,
        "creator": 1,
        "updater": 1,
        "date_added": "2022-11-22T09:55:23.684Z",
        "date_updated": "2022-11-22T09:55:23.684Z",
        "is_deleted": false,
        "shop": "5600daf9-d87c-4fb1-8a37-96a2866d7484",
        "title": "Prevention Actions to Use at All COVID-19"
    }
},
{
    "model": "shops.shopsafetyprecaution",
    "pk": "3f29e95b-d759-480a-87e7-a60b05ad3aaa",
    "fields": {
        "auto_id": 12,
        "creator": 1,
        "updater": 1,
        "date_added": "2022-09-06T05:46:58.123Z",
        "date_updated": "2022-09-06T05:46:58.123Z",
        "is_deleted": false,
        "shop": "ace47b2a-df92-4795-935a-06d2745d4717",
        "title": "Contactless payment available"
    }
},
{
    "model": "shops.shopsafetyprecaution",
    "pk": "44442925-9c1b-4391-8108-940330243913",
    "fields": {
        "auto_id": 13,
        "creator": 1,
        "updater": 1,
        "date_added": "2022-09-06T05:46:58.126Z",
        "date_updated": "2022-09-06T05:46:58.126Z",
        "is_deleted": false,
        "shop": "ace47b2a-df92-4795-935a-06d2745d4717",
        "title": "Limited number of seated diners"
    }
},
{
    "model": "shops.shopsafetyprecaution",
    "pk": "504c7dea-0889-45a2-af69-8d9dda1321fd",
    "fields": {
        "auto_id": 18,
        "creator": 1,
        "updater": 1,
        "date_added": "2022-09-06T06:10:25.120Z",
        "date_updated": "2022-09-06T06:10:25.120Z",
        "is_deleted": false,
        "shop": "5a4954b1-70de-430e-a661-3b25e512f6d1",
        "title": "Surfaces sanitized after every meal  Digital, disposable or sanitized menu  provided"
    }
},
{
    "model": "shops.shopsafetyprecaution",
    "pk": "53925cf7-30dc-4b95-8ee8-6d4edf3e35ae",
    "fields": {
        "auto_id": 9,
        "creator": 1,
        "updater": 1,
        "date_added": "2022-09-06T05:46:58.116Z",
        "date_updated": "2022-09-20T10:42:58.525Z",
        "is_deleted": false,
        "shop": "ace47b2a-df92-4795-935a-06d2745d4717",
        "title": "Surfaces sanitized after every meal"
    }
},
{
    "model": "shops.shopsafetyprecaution",
    "pk": "53d865cb-af8f-4db1-a67d-55e799ed3695",
    "fields": {
        "auto_id": 8,
        "creator": 1,
        "updater": 1,
        "date_added": "2022-09-06T05:16:36.765Z",
        "date_updated": "2022-09-06T05:16:36.765Z",
        "is_deleted": false,
        "shop": "86dfe25a-5395-4280-8891-2c82b997a8aa",
        "title": "Sick staff prohibited in the workplace"
    }
},
{
    "model": "shops.shopsafetyprecaution",
    "pk": "583749e1-72cb-47c0-8044-5cc52d8831e3",
    "fields": {
        "auto_id": 20,
        "creator": 1,
        "updater": 1,
        "date_added": "2022-09-06T06:10:25.126Z",
        "date_updated": "2022-09-06T06:10:25.126Z",
        "is_deleted": false,
        "shop": "5a4954b1-70de-430e-a661-3b25e512f6d1",
        "title": "Distancing maintained in common areas"
    }
},
{
    "model": "shops.shopsafetyprecaution",
    "pk": "84fd0735-35a3-422d-b751-3cd92aefee52",
    "fields": {
        "auto_id": 1,
        "creator": 1,
        "updater": 1,
        "date_added": "2022-09-06T05:07:00.474Z",
        "date_updated": "2022-09-06T05:07:00.474Z",
        "is_deleted": false,
        "shop": "7dd6b4ab-c880-493e-927c-70800f47c205",
        "title": "Surfaces sanitized after every meal  Digital, disposable or sanitized menu  provided"
    }
},
{
    "model": "shops.shopsafetyprecaution",
    "pk": "96161f8a-0682-42b9-9653-a7494b3797cf",
    "fields": {
        "auto_id": 6,
        "creator": 1,
        "updater": 1,
        "date_added": "2022-09-06T05:16:36.758Z",
        "date_updated": "2022-09-06T05:16:36.758Z",
        "is_deleted": false,
        "shop": "86dfe25a-5395-4280-8891-2c82b997a8aa",
        "title": "Distancing maintained in common areas"
    }
},
{
    "model": "shops.shopsafetyprecaution",
    "pk": "962029a4-128a-460e-8e9b-d307b0de1508",
    "fields": {
        "auto_id": 3,
        "creator": 1,
        "updater": 1,
        "date_added": "2022-09-06T05:07:32.303Z",
        "date_updated": "2022-09-06T05:07:32.304Z",
        "is_deleted": false,
        "shop": "7dd6b4ab-c880-493e-927c-70800f47c205",
        "title": "Sanitizer or wipes provided for customers"
    }
},
{
    "model": "shops.shopsafetyprecaution",
    "pk": "9c94bb4f-786d-4a1d-8bfe-0b6d0870c8ef",
    "fields": {
        "auto_id": 7,
        "creator": 1,
        "updater": 1,
        "date_added": "2022-09-06T05:16:36.762Z",
        "date_updated": "2022-09-06T05:16:36.762Z",
        "is_deleted": false,
        "shop": "86dfe25a-5395-4280-8891-2c82b997a8aa",
        "title": "Extra space between tables"
    }
},
{
    "model": "shops.shopsafetyprecaution",
    "pk": "9e441950-acd2-4535-b107-48e3b6caca13",
    "fields": {
        "auto_id": 17,
        "creator": 1,
        "updater": 1,
        "date_added": "2022-09-06T06:10:25.117Z",
        "date_updated": "2022-09-06T06:10:25.117Z",
        "is_deleted": false,
        "shop": "5a4954b1-70de-430e-a661-3b25e512f6d1",
        "title": "Distancing maintained in common areas"
    }
},
{
    "model": "shops.shopsafetyprecaution",
    "pk": "9ff7dff9-e643-4c70-a022-8e6294b50445",
    "fields": {
        "auto_id": 2,
        "creator": 1,
        "updater": 1,
        "date_added": "2022-09-06T05:07:00.480Z",
        "date_updated": "2022-09-06T05:07:00.480Z",
        "is_deleted": false,
        "shop": "7dd6b4ab-c880-493e-927c-70800f47c205",
        "title": "Common areas deep-cleaned daily"
    }
},
{
    "model": "shops.shopsafetyprecaution",
    "pk": "a53e1f74-a5a9-4993-9729-f5f5a01e28b0",
    "fields": {
        "auto_id": 16,
        "creator": 1,
        "updater": 1,
        "date_added": "2022-09-06T06:10:25.114Z",
        "date_updated": "2022-09-06T06:10:25.114Z",
        "is_deleted": false,
        "shop": "5a4954b1-70de-430e-a661-3b25e512f6d1",
        "title": "Sick staff prohibited in the workplace"
    }
},
{
    "model": "shops.shopsafetyprecaution",
    "pk": "c57d79ae-c216-4899-8c72-50a9aed9bba3",
    "fields": {
        "auto_id": 23,
        "creator": 1,
        "updater": 1,
        "date_added": "2022-11-22T09:55:23.690Z",
        "date_updated": "2022-11-22T09:55:23.690Z",
        "is_deleted": false,
        "shop": "5600daf9-d87c-4fb1-8a37-96a2866d7484",
        "title": "COVID-19 Community Levels"
    }
},
{
    "model": "shops.shopsafetyprecaution",
    "pk": "c901fcaf-ff5e-44b2-8cca-bad509286478",
    "fields": {
        "auto_id": 19,
        "creator": 1,
        "updater": 1,
        "date_added": "2022-09-06T06:10:25.123Z",
        "date_updated": "2022-09-06T06:10:25.123Z",
        "is_deleted": false,
        "shop": "5a4954b1-70de-430e-a661-3b25e512f6d1",
        "title": "Waitstaff wear masks"
    }
},
{
    "model": "shops.shopsafetyprecaution",
    "pk": "d4d9cf30-5aa2-47df-87a0-5c81dda24710",
    "fields": {
        "auto_id": 4,
        "creator": 1,
        "updater": 1,
        "date_added": "2022-09-06T05:07:32.308Z",
        "date_updated": "2022-09-06T05:07:32.308Z",
        "is_deleted": false,
        "shop": "7dd6b4ab-c880-493e-927c-70800f47c205",
        "title": "Contactless payment available"
    }
},
{
    "model": "shops.shopsafetyprecaution",
    "pk": "d813dc53-a0fe-4254-a727-f18a8c1358df",
    "fields": {
        "auto_id": 15,
        "creator": 1,
        "updater": 1,
        "date_added": "2022-09-06T06:10:25.110Z",
        "date_updated": "2022-09-06T06:10:25.110Z",
        "is_deleted": false,
        "shop": "5a4954b1-70de-430e-a661-3b25e512f6d1",
        "title": "Distancing maintained in common areas"
    }
},
{
    "model": "shops.shopsafetyprecaution",
    "pk": "ddedc18e-bc8a-4813-887d-49a72b8ec1f4",
    "fields": {
        "auto_id": 11,
        "creator": 1,
        "updater": 1,
        "date_added": "2022-09-06T05:46:58.122Z",
        "date_updated": "2022-09-06T05:46:58.122Z",
        "is_deleted": false,
        "shop": "ace47b2a-df92-4795-935a-06d2745d4717",
        "title": "Sanitizer or wipes provided for customers"
    }
},
{
    "model": "shops.shopsafetyprecaution",
    "pk": "ebe28961-d067-4db0-a7f6-8b2b31ff150f",
    "fields": {
        "auto_id": 21,
        "creator": 1,
        "updater": 1,
        "date_added": "2022-09-20T10:43:12.655Z",
        "date_updated": "2022-09-20T10:43:12.655Z",
        "is_deleted": false,
        "shop": "ace47b2a-df92-4795-935a-06d2745d4717",
        "title": "Digital, disposable or sanitized menu  provided"
    }
},
{
    "model": "shops.shopsafetyprecaution",
    "pk": "f7356f0b-ac44-4155-a4df-2dde79cebf66",
    "fields": {
        "auto_id": 5,
        "creator": 1,
        "updater": 1,
        "date_added": "2022-09-06T05:16:36.754Z",
        "date_updated": "2022-09-06T05:16:36.754Z",
        "is_deleted": false,
        "shop": "86dfe25a-5395-4280-8891-2c82b997a8aa",
        "title": "Limited number of seated diners"
    }
},
{
    "model": "shops.shopsafetyprecaution",
    "pk": "fa035fae-df92-4032-a7a8-c5bd7ec9d8e6",
    "fields": {
        "auto_id": 24,
        "creator": 1,
        "updater": 1,
        "date_added": "2022-11-22T09:55:23.693Z",
        "date_updated": "2022-11-22T09:55:23.693Z",
        "is_deleted": false,
        "shop": "5600daf9-d87c-4fb1-8a37-96a2866d7484",
        "title": "CDC recommends some prevention actions at all COVID-19"
    }
},
{
    "model": "shops.shopgallerytype",
    "pk": "0f89cca6-823f-4dc6-a691-fb3b792e4b9c",
    "fields": {
        "auto_id": 4,
        "creator": 1,
        "updater": 1,
        "date_added": "2022-08-31T05:11:51.316Z",
        "date_updated": "2022-08-31T05:11:51.316Z",
        "is_deleted": false,
        "name": "Interior"
    }
},
{
    "model": "shops.shopgallerytype",
    "pk": "42aa83df-85dd-4564-bbb8-38622e7d89e4",
    "fields": {
        "auto_id": 2,
        "creator": 1,
        "updater": 1,
        "date_added": "2022-08-31T05:11:31.003Z",
        "date_updated": "2022-08-31T05:11:31.003Z",
        "is_deleted": false,
        "name": "Drinks"
    }
},
{
    "model": "shops.shopgallerytype",
    "pk": "6a809bf8-7c40-4c2c-abfe-de7aa3f97590",
    "fields": {
        "auto_id": 3,
        "creator": 1,
        "updater": 1,
        "date_added": "2022-08-31T05:11:41.626Z",
        "date_updated": "2022-08-31T05:11:41.626Z",
        "is_deleted": false,
        "name": "Food"
    }
},
{
    "model": "shops.shopgallerytype",
    "pk": "82215a7c-4e65-4ad8-855f-a171e5713cce",
    "fields": {
        "auto_id": 1,
        "creator": 1,
        "updater": 1,
        "date_added": "2022-08-30T05:37:04.352Z",
        "date_updated": "2022-08-30T05:37:04.352Z",
        "is_deleted": false,
        "name": "Ambience"
    }
},
{
    "model": "shops.shopgallery",
    "pk": "012eae05-26db-4754-a10c-2a2857a248c9",
    "fields": {
        "auto_id": 7,
        "creator": 1,
        "updater": 1,
        "date_added": "2022-09-06T05:30:17.605Z",
        "date_updated": "2022-09-06T05:30:17.605Z",
        "is_deleted": false,
        "shop": "ace47b2a-df92-4795-935a-06d2745d4717",
        "gallery_type": "6a809bf8-7c40-4c2c-abfe-de7aa3f97590",
        "file_type": "10",
        "file": "shops/kfc2.jpeg",
        "thumbnail": ""
    }
},
{
    "model": "shops.shopgallery",
    "pk": "08c51a11-7720-4e6c-b403-2fe55d12799b",
    "fields": {
        "auto_id": 18,
        "creator": 1,
        "updater": 1,
        "date_added": "2022-10-13T04:53:38.187Z",
        "date_updated": "2022-10-13T04:53:38.187Z",
        "is_deleted": false,
        "shop": "d4663394-c94c-4465-8779-1b9cfcb00e61",
        "gallery_type": "6a809bf8-7c40-4c2c-abfe-de7aa3f97590",
        "file_type": "10",
        "file": "shops/chad-montano--GFCYhoRe48-unsplash.jpg",
        "thumbnail": ""
    }
},
{
    "model": "shops.shopgallery",
    "pk": "2b88bf7d-2ef3-43d8-befd-63d23b02d224",
    "fields": {
        "auto_id": 17,
        "creator": 1,
        "updater": 1,
        "date_added": "2022-10-11T09:22:18.788Z",
        "date_updated": "2022-10-11T09:22:18.788Z",
        "is_deleted": false,
        "shop": "d4663394-c94c-4465-8779-1b9cfcb00e61",
        "gallery_type": "6a809bf8-7c40-4c2c-abfe-de7aa3f97590",
        "file_type": "20",
        "file": "shops/Untitled.mp4",
        "thumbnail": "shop-gallery/lily-banse--YHSwy6uqvk-unsplash.jpg"
    }
},
{
    "model": "shops.shopgallery",
    "pk": "4611aa7f-d1e8-4f11-8980-29c8df2c8119",
    "fields": {
        "auto_id": 6,
        "creator": 1,
        "updater": 1,
        "date_added": "2022-09-06T05:29:18.406Z",
        "date_updated": "2022-09-06T05:29:18.406Z",
        "is_deleted": false,
        "shop": "ace47b2a-df92-4795-935a-06d2745d4717",
        "gallery_type": "82215a7c-4e65-4ad8-855f-a171e5713cce",
        "file_type": "10",
        "file": "shops/kfc.jpeg",
        "thumbnail": ""
    }
},
{
    "model": "shops.shopgallery",
    "pk": "4a37c978-0cd2-4030-9cc9-935a92f671df",
    "fields": {
        "auto_id": 10,
        "creator": 1,
        "updater": 1,
        "date_added": "2022-09-06T05:33:27.958Z",
        "date_updated": "2022-09-06T05:33:27.958Z",
        "is_deleted": false,
        "shop": "ace47b2a-df92-4795-935a-06d2745d4717",
        "gallery_type": "82215a7c-4e65-4ad8-855f-a171e5713cce",
        "file_type": "10",
        "file": "shops/kfc5.jpg",
        "thumbnail": ""
    }
},
{
    "model": "shops.shopgallery",
    "pk": "54123d7d-f1fb-4bfa-acba-0a95845595cd",
    "fields": {
        "auto_id": 1,
        "creator": 1,
        "updater": 1,
        "date_added": "2022-09-05T12:14:14.405Z",
        "date_updated": "2022-09-05T12:14:14.405Z",
        "is_deleted": false,
        "shop": "41f5f4ad-8b60-4d83-bdd3-5b241ac39543",
        "gallery_type": "6a809bf8-7c40-4c2c-abfe-de7aa3f97590",
        "file_type": "10",
        "file": "shops/1.jpg",
        "thumbnail": ""
    }
},
{
    "model": "shops.shopgallery",
    "pk": "5a4a2272-09b2-4b6a-a25c-4f6b306542ba",
    "fields": {
        "auto_id": 2,
        "creator": 1,
        "updater": 1,
        "date_added": "2022-09-06T04:53:24.535Z",
        "date_updated": "2022-09-06T04:53:24.535Z",
        "is_deleted": false,
        "shop": "5a4954b1-70de-430e-a661-3b25e512f6d1",
        "gallery_type": "6a809bf8-7c40-4c2c-abfe-de7aa3f97590",
        "file_type": "10",
        "file": "shops/gl.jpeg",
        "thumbnail": ""
    }
},
{
    "model": "shops.shopgallery",
    "pk": "6ed1fb83-0277-42ef-a563-e04b4c32d920",
    "fields": {
        "auto_id": 13,
        "creator": 1,
        "updater": 1,
        "date_added": "2022-09-06T05:54:10.431Z",
        "date_updated": "2022-09-06T05:54:10.431Z",
        "is_deleted": false,
        "shop": "d4663394-c94c-4465-8779-1b9cfcb00e61",
        "gallery_type": "6a809bf8-7c40-4c2c-abfe-de7aa3f97590",
        "file_type": "10",
        "file": "shops/chicking.jpeg",
        "thumbnail": ""
    }
},
{
    "model": "shops.shopgallery",
    "pk": "72695879-a073-4ebc-924e-d742feeadaaf",
    "fields": {
        "auto_id": 9,
        "creator": 1,
        "updater": 1,
        "date_added": "2022-09-06T05:32:48.917Z",
        "date_updated": "2022-09-06T05:32:48.917Z",
        "is_deleted": false,
        "shop": "ace47b2a-df92-4795-935a-06d2745d4717",
        "gallery_type": "6a809bf8-7c40-4c2c-abfe-de7aa3f97590",
        "file_type": "10",
        "file": "shops/kfc4.jpeg",
        "thumbnail": ""
    }
},
{
    "model": "shops.shopgallery",
    "pk": "745844b5-ccb6-4e99-b1c6-bd9f934d439b",
    "fields": {
        "auto_id": 4,
        "creator": 1,
        "updater": 1,
        "date_added": "2022-09-06T05:13:09.968Z",
        "date_updated": "2022-09-06T05:13:09.968Z",
        "is_deleted": false,
        "shop": "86dfe25a-5395-4280-8891-2c82b997a8aa",
        "gallery_type": "6a809bf8-7c40-4c2c-abfe-de7aa3f97590",
        "file_type": "10",
        "file": "shops/gl2.jpeg",
        "thumbnail": ""
    }
},
{
    "model": "shops.shopgallery",
    "pk": "7e99114e-86e2-4b36-adad-ea0a315e157e",
    "fields": {
        "auto_id": 12,
        "creator": 1,
        "updater": 1,
        "date_added": "2022-09-06T05:37:44.653Z",
        "date_updated": "2022-11-24T04:22:03.817Z",
        "is_deleted": false,
        "shop": "ace47b2a-df92-4795-935a-06d2745d4717",
        "gallery_type": "6a809bf8-7c40-4c2c-abfe-de7aa3f97590",
        "file_type": "20",
        "file": "shops/am.jpeg",
        "thumbnail": "shop-gallery/am_tqhbalL.jpeg"
    }
},
{
    "model": "shops.shopgallery",
    "pk": "80a4c675-cddc-4d70-ac16-dbe9b8cb98a0",
    "fields": {
        "auto_id": 14,
        "creator": 1,
        "updater": 1,
        "date_added": "2022-09-06T05:55:09.845Z",
        "date_updated": "2022-09-06T05:55:09.845Z",
        "is_deleted": false,
        "shop": "d4663394-c94c-4465-8779-1b9cfcb00e61",
        "gallery_type": "82215a7c-4e65-4ad8-855f-a171e5713cce",
        "file_type": "10",
        "file": "shops/chiking2.jpeg",
        "thumbnail": ""
    }
},
{
    "model": "shops.shopgallery",
    "pk": "90d61cd2-43f1-41cb-bbe5-db3bd36d9575",
    "fields": {
        "auto_id": 16,
        "creator": 1,
        "updater": 1,
        "date_added": "2022-09-22T06:27:43.022Z",
        "date_updated": "2022-09-22T06:27:43.022Z",
        "is_deleted": false,
        "shop": "98387e4a-c061-4437-a623-3d0fbdf033be",
        "gallery_type": "42aa83df-85dd-4564-bbb8-38622e7d89e4",
        "file_type": "10",
        "file": "shops/fs.jpeg",
        "thumbnail": ""
    }
},
{
    "model": "shops.shopgallery",
    "pk": "9d14cd20-4c6d-4378-9ea6-fc29b6ddb499",
    "fields": {
        "auto_id": 20,
        "creator": 1,
        "updater": 1,
        "date_added": "2022-11-24T04:26:11.478Z",
        "date_updated": "2022-11-24T04:26:11.479Z",
        "is_deleted": false,
        "shop": "ace47b2a-df92-4795-935a-06d2745d4717",
        "gallery_type": "6a809bf8-7c40-4c2c-abfe-de7aa3f97590",
        "file_type": "20",
        "file": "shops/videoplayback_2.mp4",
        "thumbnail": "shop-gallery/2bhtr91_0SqVXPo.jpeg"
    }
},
{
    "model": "shops.shopgallery",
    "pk": "9ef8f359-ef34-4f1d-9900-1af767bad275",
    "fields": {
        "auto_id": 11,
        "creator": 1,
        "updater": 1,
        "date_added": "2022-09-06T05:34:30.651Z",
        "date_updated": "2022-09-06T05:34:30.651Z",
        "is_deleted": false,
        "shop": "ace47b2a-df92-4795-935a-06d2745d4717",
        "gallery_type": "82215a7c-4e65-4ad8-855f-a171e5713cce",
        "file_type": "10",
        "file": "shops/kfc6.jpeg",
        "thumbnail": ""
    }
},
{
    "model": "shops.shopgallery",
    "pk": "ed3b4f3f-3c96-43a1-bce3-755539f21ad7",
    "fields": {
        "auto_id": 3,
        "creator": 1,
        "updater": 1,
        "date_added": "2022-09-06T05:01:14.351Z",
        "date_updated": "2022-09-06T05:01:14.351Z",
        "is_deleted": false,
        "shop": "7dd6b4ab-c880-493e-927c-70800f47c205",
        "gallery_type": "6a809bf8-7c40-4c2c-abfe-de7aa3f97590",
        "file_type": "10",
        "file": "shops/gl_yVxHtFr.jpeg",
        "thumbnail": ""
    }
},
{
    "model": "shops.shopgallery",
    "pk": "f31ab7c1-a866-4e56-8f01-ba375d3d686d",
    "fields": {
        "auto_id": 15,
        "creator": 1,
        "updater": 1,
        "date_added": "2022-09-22T06:27:17.488Z",
        "date_updated": "2022-09-22T06:27:17.488Z",
        "is_deleted": false,
        "shop": "98387e4a-c061-4437-a623-3d0fbdf033be",
        "gallery_type": "82215a7c-4e65-4ad8-855f-a171e5713cce",
        "file_type": "10",
        "file": "shops/8_big33_T26Ywu3.png",
        "thumbnail": ""
    }
},
{
    "model": "shops.shopgallery",
    "pk": "fba9df7b-b553-4656-93b4-d06fe1151277",
    "fields": {
        "auto_id": 5,
        "creator": 1,
        "updater": 1,
        "date_added": "2022-09-06T05:25:07.448Z",
        "date_updated": "2022-09-06T05:25:07.448Z",
        "is_deleted": false,
        "shop": "b3196079-4664-424c-8a57-65c02a5da414",
        "gallery_type": "82215a7c-4e65-4ad8-855f-a171e5713cce",
        "file_type": "10",
        "file": "shops/gl3.jpeg",
        "thumbnail": ""
    }
},
{
    "model": "shops.shopgallery",
    "pk": "fd620aca-6247-4147-b918-77715e055118",
    "fields": {
        "auto_id": 8,
        "creator": 1,
        "updater": 1,
        "date_added": "2022-09-06T05:31:05.435Z",
        "date_updated": "2022-09-06T05:31:05.435Z",
        "is_deleted": false,
        "shop": "ace47b2a-df92-4795-935a-06d2745d4717",
        "gallery_type": "82215a7c-4e65-4ad8-855f-a171e5713cce",
        "file_type": "10",
        "file": "shops/kfc3.jpeg",
        "thumbnail": ""
    }
},
{
    "model": "shops.shopgallery",
    "pk": "fda64735-cebb-4064-905b-14c5cfcb0d3b",
    "fields": {
        "auto_id": 19,
        "creator": 1,
        "updater": 1,
        "date_added": "2022-11-22T09:54:46.424Z",
        "date_updated": "2022-11-22T09:54:46.424Z",
        "is_deleted": false,
        "shop": "5600daf9-d87c-4fb1-8a37-96a2866d7484",
        "gallery_type": "6a809bf8-7c40-4c2c-abfe-de7aa3f97590",
        "file_type": "10",
        "file": "shops/br.jpeg",
        "thumbnail": ""
    }
},
{
    "model": "shops.shoprating",
    "pk": "1389e32e-0e5d-4cbe-b29a-661e8d87f21c",
    "fields": {
        "auto_id": 9,
        "creator": 18,
        "updater": 18,
        "date_added": "2022-09-22T08:40:27.841Z",
        "date_updated": "2022-09-22T08:40:27.841Z",
        "is_deleted": false,
        "shop": "98387e4a-c061-4437-a623-3d0fbdf033be",
        "customer": "f7526bf1-472d-4743-a31e-42ef803c75cc",
        "review": "New Pension Plan: Government has brought a new scheme for senior",
        "customer_service": 3,
        "food_quality": 3,
        "likely_to_return": 5,
        "ambience": 3,
        "hygiene": 5
    }
},
{
    "model": "shops.shoprating",
    "pk": "1fd21eca-ce55-4c0e-9e00-6cb1900c379c",
    "fields": {
        "auto_id": 3,
        "creator": 13,
        "updater": 13,
        "date_added": "2022-09-15T11:48:58.688Z",
        "date_updated": "2022-09-15T11:48:58.688Z",
        "is_deleted": false,
        "shop": "98387e4a-c061-4437-a623-3d0fbdf033be",
        "customer": "0a52b09d-401f-43af-b484-9299f4733860",
        "review": "Aamir",
        "customer_service": 3,
        "food_quality": 3,
        "likely_to_return": 3,
        "ambience": 3,
        "hygiene": 5
    }
},
{
    "model": "shops.shoprating",
    "pk": "6df0fa09-443d-47e2-a571-c50dad2ba4ba",
    "fields": {
        "auto_id": 4,
        "creator": 14,
        "updater": 14,
        "date_added": "2022-09-16T04:42:41.908Z",
        "date_updated": "2022-09-16T04:42:41.908Z",
        "is_deleted": false,
        "shop": "5a4954b1-70de-430e-a661-3b25e512f6d1",
        "customer": "a12665c1-3f0c-4374-96c0-38865c956a8d",
        "review": "jnndjnjn jkwmkqb  jml jnndjnjn jkwmkqb  jml",
        "customer_service": 1,
        "food_quality": 5,
        "likely_to_return": 4,
        "ambience": 3,
        "hygiene": 4
    }
},
{
    "model": "shops.shoprating",
    "pk": "6f6953a5-931f-411e-8eed-0c0055e58705",
    "fields": {
        "auto_id": 7,
        "creator": 13,
        "updater": 13,
        "date_added": "2022-09-19T08:49:50.246Z",
        "date_updated": "2022-09-19T08:49:50.246Z",
        "is_deleted": false,
        "shop": "ace47b2a-df92-4795-935a-06d2745d4717",
        "customer": "0a52b09d-401f-43af-b484-9299f4733860",
        "review": "Test",
        "customer_service": 4,
        "food_quality": 5,
        "likely_to_return": 5,
        "ambience": 1,
        "hygiene": 4
    }
},
{
    "model": "shops.shoprating",
    "pk": "80297403-294d-4319-8d3a-31c68515d876",
    "fields": {
        "auto_id": 10,
        "creator": 31,
        "updater": 31,
        "date_added": "2022-10-21T04:46:34.324Z",
        "date_updated": "2022-10-21T04:46:34.324Z",
        "is_deleted": false,
        "shop": "d4663394-c94c-4465-8779-1b9cfcb00e61",
        "customer": "7c49f266-ea6c-4e62-9eb1-70e0638745a9",
        "review": "Super",
        "customer_service": 5,
        "food_quality": 5,
        "likely_to_return": 3,
        "ambience": 5,
        "hygiene": 5
    }
},
{
    "model": "shops.shoprating",
    "pk": "9dd7620e-4040-4f54-a5a4-043363dc4ec2",
    "fields": {
        "auto_id": 2,
        "creator": 2,
        "updater": 2,
        "date_added": "2022-09-15T04:32:06.181Z",
        "date_updated": "2022-09-15T04:32:06.181Z",
        "is_deleted": false,
        "shop": "98387e4a-c061-4437-a623-3d0fbdf033be",
        "customer": "30a7c5f7-1336-4432-a399-26d4ac1e1235",
        "review": "jnndjnjn jkwmkqb  jml",
        "customer_service": 1,
        "food_quality": 4,
        "likely_to_return": 4,
        "ambience": 5,
        "hygiene": 4
    }
},
{
    "model": "shops.shoprating",
    "pk": "9e074aa5-a5ba-42fd-b736-9079b0a8d18d",
    "fields": {
        "auto_id": 6,
        "creator": 2,
        "updater": 2,
        "date_added": "2022-09-16T09:25:33.795Z",
        "date_updated": "2022-09-16T09:25:33.796Z",
        "is_deleted": false,
        "shop": "5620d27a-c16f-4792-8cb4-f221128e8696",
        "customer": "30a7c5f7-1336-4432-a399-26d4ac1e1235",
        "review": " Inspirational designs, illustrations, and graphic elements from the world's best designers. Want more inspiration? Browse our search results.",
        "customer_service": 1,
        "food_quality": 4,
        "likely_to_return": 4,
        "ambience": 5,
        "hygiene": 4
    }
},
{
    "model": "shops.shoprating",
    "pk": "9e1af41b-993e-4100-ad03-58922c186b63",
    "fields": {
        "auto_id": 5,
        "creator": 13,
        "updater": 13,
        "date_added": "2022-09-16T09:23:19.670Z",
        "date_updated": "2022-09-16T09:23:19.670Z",
        "is_deleted": false,
        "shop": "5620d27a-c16f-4792-8cb4-f221128e8696",
        "customer": "0a52b09d-401f-43af-b484-9299f4733860",
        "review": "is a long established fact that a reader will be distracted by the readable content of a page when looking at its layout. The point of using Lorem Ipsum is that it has a more-or-less normal distribution",
        "customer_service": 5,
        "food_quality": 5,
        "likely_to_return": 5,
        "ambience": 5,
        "hygiene": 5
    }
},
{
    "model": "shops.shoprating",
    "pk": "a08760c9-7ab2-4356-9b5a-8b0d2725565a",
    "fields": {
        "auto_id": 11,
        "creator": 31,
        "updater": 31,
        "date_added": "2022-10-26T09:27:40.978Z",
        "date_updated": "2022-10-26T09:27:40.978Z",
        "is_deleted": false,
        "shop": "98387e4a-c061-4437-a623-3d0fbdf033be",
        "customer": "7c49f266-ea6c-4e62-9eb1-70e0638745a9",
        "review": "Aswathi",
        "customer_service": 3,
        "food_quality": 5,
        "likely_to_return": 5,
        "ambience": 5,
        "hygiene": 5
    }
},
{
    "model": "shops.shoprating",
    "pk": "df8dc1ef-0af0-425a-ac62-8fdf38ce80b0",
    "fields": {
        "auto_id": 8,
        "creator": 14,
        "updater": 14,
        "date_added": "2022-09-19T09:14:35.637Z",
        "date_updated": "2022-09-19T09:14:35.637Z",
        "is_deleted": false,
        "shop": "98387e4a-c061-4437-a623-3d0fbdf033be",
        "customer": "a12665c1-3f0c-4374-96c0-38865c956a8d",
        "review": "jnndjnjn jkwmkqb  jml jnndjnjn jkwmkqb  jml",
        "customer_service": 1,
        "food_quality": 5,
        "likely_to_return": 4,
        "ambience": 3,
        "hygiene": 4
    }
},
{
    "model": "shops.shoprating",
    "pk": "e13d4ca4-fbb9-47ee-aec4-4dd44edc6b4e",
    "fields": {
        "auto_id": 12,
        "creator": 6,
        "updater": 6,
        "date_added": "2022-11-09T11:05:18.567Z",
        "date_updated": "2022-11-09T11:05:18.567Z",
        "is_deleted": false,
        "shop": "41f5f4ad-8b60-4d83-bdd3-5b241ac39543",
        "customer": "6d720bcc-2b8b-40e8-b12b-fd08ec8afa5e",
        "review": "Good",
        "customer_service": 3,
        "food_quality": 3,
        "likely_to_return": 3,
        "ambience": 3,
        "hygiene": 3
    }
},
{
    "model": "shops.shoprating",
    "pk": "e5275249-2fe4-4325-95f5-3a295690250e",
    "fields": {
        "auto_id": 13,
        "creator": 31,
        "updater": 31,
        "date_added": "2022-11-21T10:38:26.997Z",
        "date_updated": "2022-11-21T10:38:26.997Z",
        "is_deleted": false,
        "shop": "5600daf9-d87c-4fb1-8a37-96a2866d7484",
        "customer": "7c49f266-ea6c-4e62-9eb1-70e0638745a9",
        "review": "Done ",
        "customer_service": 3,
        "food_quality": 5,
        "likely_to_return": 3,
        "ambience": 3,
        "hygiene": 3
    }
},
{
    "model": "shops.shoprating",
    "pk": "f75c13f1-1681-40ab-b531-c2529fa0040c",
    "fields": {
        "auto_id": 1,
        "creator": 7,
        "updater": 7,
        "date_added": "2022-09-06T05:32:36.351Z",
        "date_updated": "2022-09-06T05:32:36.351Z",
        "is_deleted": false,
        "shop": "ace47b2a-df92-4795-935a-06d2745d4717",
        "customer": "43477016-3f34-43d2-892e-4f653908bc5d",
        "review": "Test ",
        "customer_service": 0,
        "food_quality": 0,
        "likely_to_return": 0,
        "ambience": 0,
        "hygiene": 0
    }
},
{
    "model": "shops.shopdish",
    "pk": "0248d0cd-48dd-49f7-94fe-1f314f71dfe8",
    "fields": {
        "auto_id": 41,
        "creator": 1,
        "updater": 1,
        "date_added": "2022-09-06T04:57:40.559Z",
        "date_updated": "2022-09-06T04:57:40.559Z",
        "is_deleted": false,
        "price": "360.00",
        "shop": "7dd6b4ab-c880-493e-927c-70800f47c205",
        "dish": "36b6bd69-dd23-4e26-a11a-9026d4d79e0e",
        "featured_image": "",
        "description": ""
    }
},
{
    "model": "shops.shopdish",
    "pk": "09758127-0d1b-49ca-8b10-bd270f9d54d7",
    "fields": {
        "auto_id": 76,
        "creator": 1,
        "updater": 1,
        "date_added": "2022-09-12T07:23:03.047Z",
        "date_updated": "2022-09-12T07:23:03.047Z",
        "is_deleted": false,
        "price": "300.00",
        "shop": "ace47b2a-df92-4795-935a-06d2745d4717",
        "dish": "4225454b-8ebc-4c84-b13f-f99c81504a89",
        "featured_image": "shops/io.jpeg",
        "description": "nice product"
    }
},
{
    "model": "shops.shopdish",
    "pk": "0a55cca4-55d9-4183-a059-419b712c0cbb",
    "fields": {
        "auto_id": 8,
        "creator": 1,
        "updater": 1,
        "date_added": "2022-08-30T08:11:29.957Z",
        "date_updated": "2022-08-30T08:11:29.957Z",
        "is_deleted": false,
        "price": "280.00",
        "shop": "d4663394-c94c-4465-8779-1b9cfcb00e61",
        "dish": "f1f8ca10-1498-4bec-b408-352b84ac7647",
        "featured_image": "shops/chicken_strips_6wBTV0l.png",
        "description": null
    }
},
{
    "model": "shops.shopdish",
    "pk": "0ed5c29b-da13-49bf-8eec-7c2f875f0834",
    "fields": {
        "auto_id": 59,
        "creator": 1,
        "updater": 1,
        "date_added": "2022-09-06T05:12:10.011Z",
        "date_updated": "2022-09-06T05:12:10.011Z",
        "is_deleted": false,
        "price": "20.00",
        "shop": "86dfe25a-5395-4280-8891-2c82b997a8aa",
        "dish": "1d850c2d-3fb3-43dd-8ac7-792f9a76c2db",
        "featured_image": "",
        "description": ""
    }
},
{
    "model": "shops.shopdish",
    "pk": "11b25e27-65fc-42c9-ac40-787b9ec757e1",
    "fields": {
        "auto_id": 12,
        "creator": 1,
        "updater": 1,
        "date_added": "2022-08-30T08:15:26.029Z",
        "date_updated": "2022-08-30T08:15:26.029Z",
        "is_deleted": false,
        "price": "130.00",
        "shop": "ace47b2a-df92-4795-935a-06d2745d4717",
        "dish": "409ee37c-ce1c-4b3b-b5ff-a1d9524be3f9",
        "featured_image": "shops/aloo_gobi.png",
        "description": null
    }
},
{
    "model": "shops.shopdish",
    "pk": "1871be36-4e4e-4ec1-9253-46b8059b6db6",
    "fields": {
        "auto_id": 49,
        "creator": 1,
        "updater": 1,
        "date_added": "2022-09-06T05:08:35.413Z",
        "date_updated": "2022-09-06T05:08:35.413Z",
        "is_deleted": false,
        "price": "120.00",
        "shop": "86dfe25a-5395-4280-8891-2c82b997a8aa",
        "dish": "f1f8ca10-1498-4bec-b408-352b84ac7647",
        "featured_image": "",
        "description": ""
    }
},
{
    "model": "shops.shopdish",
    "pk": "1f81c32a-728b-4f09-aa2a-a63d6485482f",
    "fields": {
        "auto_id": 55,
        "creator": 1,
        "updater": 1,
        "date_added": "2022-09-06T05:10:49.829Z",
        "date_updated": "2022-09-06T05:10:49.829Z",
        "is_deleted": false,
        "price": "160.00",
        "shop": "86dfe25a-5395-4280-8891-2c82b997a8aa",
        "dish": "401d9acf-b50c-45ef-98d6-631ab9c6889d",
        "featured_image": "",
        "description": ""
    }
},
{
    "model": "shops.shopdish",
    "pk": "22b7dc6b-9600-4da9-baed-c73141ce1da3",
    "fields": {
        "auto_id": 74,
        "creator": 1,
        "updater": 1,
        "date_added": "2022-09-06T05:52:10.778Z",
        "date_updated": "2022-09-06T05:52:10.779Z",
        "is_deleted": false,
        "price": "120.00",
        "shop": "d4663394-c94c-4465-8779-1b9cfcb00e61",
        "dish": "372b0da3-7fd7-442d-aa4a-e31a8b515326",
        "featured_image": "",
        "description": ""
    }
},
{
    "model": "shops.shopdish",
    "pk": "22fc6866-4bb3-44b4-a5e1-6a8369535545",
    "fields": {
        "auto_id": 47,
        "creator": 1,
        "updater": 1,
        "date_added": "2022-09-06T04:59:43.754Z",
        "date_updated": "2022-09-06T04:59:43.754Z",
        "is_deleted": false,
        "price": "100.00",
        "shop": "7dd6b4ab-c880-493e-927c-70800f47c205",
        "dish": "b962b9cd-6876-4285-be0d-dd3cfbf83f83",
        "featured_image": "",
        "description": ""
    }
},
{
    "model": "shops.shopdish",
    "pk": "23117055-9ce0-48f6-8d1c-06a4a48b4702",
    "fields": {
        "auto_id": 72,
        "creator": 1,
        "updater": 1,
        "date_added": "2022-09-06T05:48:33.872Z",
        "date_updated": "2022-09-06T05:48:33.872Z",
        "is_deleted": false,
        "price": "120.00",
        "shop": "d4663394-c94c-4465-8779-1b9cfcb00e61",
        "dish": "9066d002-1da1-4266-8f83-732a95bfbc14",
        "featured_image": "",
        "description": ""
    }
},
{
    "model": "shops.shopdish",
    "pk": "261552b9-7d06-4416-94a0-c1dc98520366",
    "fields": {
        "auto_id": 46,
        "creator": 1,
        "updater": 1,
        "date_added": "2022-09-06T04:59:18.342Z",
        "date_updated": "2022-09-06T04:59:18.342Z",
        "is_deleted": false,
        "price": "140.00",
        "shop": "7dd6b4ab-c880-493e-927c-70800f47c205",
        "dish": "401d9acf-b50c-45ef-98d6-631ab9c6889d",
        "featured_image": "",
        "description": ""
    }
},
{
    "model": "shops.shopdish",
    "pk": "283ed212-e73d-4221-b2d8-0777f6983abe",
    "fields": {
        "auto_id": 38,
        "creator": 1,
        "updater": 1,
        "date_added": "2022-09-06T04:48:17.596Z",
        "date_updated": "2022-09-06T04:48:17.596Z",
        "is_deleted": false,
        "price": "200.00",
        "shop": "5a4954b1-70de-430e-a661-3b25e512f6d1",
        "dish": "853b7c53-45a9-4c6f-bddb-f054f18ac3dd",
        "featured_image": "",
        "description": ""
    }
},
{
    "model": "shops.shopdish",
    "pk": "2933cce4-141d-42a0-80a5-796d6a65333b",
    "fields": {
        "auto_id": 4,
        "creator": 1,
        "updater": 1,
        "date_added": "2022-08-30T06:46:42.363Z",
        "date_updated": "2022-08-30T08:08:11.104Z",
        "is_deleted": false,
        "price": "275.00",
        "shop": "5620d27a-c16f-4792-8cb4-f221128e8696",
        "dish": "f1f8ca10-1498-4bec-b408-352b84ac7647",
        "featured_image": "shops/chicken_strips_ImfpTuF.png",
        "description": null
    }
},
{
    "model": "shops.shopdish",
    "pk": "29c58910-7fba-451f-b36f-6f4a1123a5fc",
    "fields": {
        "auto_id": 67,
        "creator": 1,
        "updater": 1,
        "date_added": "2022-09-06T05:21:18.527Z",
        "date_updated": "2022-09-06T05:21:31.237Z",
        "is_deleted": false,
        "price": "150.00",
        "shop": "b3196079-4664-424c-8a57-65c02a5da414",
        "dish": "7ea86849-925c-4b24-840b-fe06775b2247",
        "featured_image": "",
        "description": ""
    }
},
{
    "model": "shops.shopdish",
    "pk": "2c960bf2-fa2c-4bf3-a966-8dcc354a391c",
    "fields": {
        "auto_id": 34,
        "creator": 1,
        "updater": 1,
        "date_added": "2022-09-06T04:46:18.261Z",
        "date_updated": "2022-09-06T04:46:18.261Z",
        "is_deleted": false,
        "price": "90.00",
        "shop": "5a4954b1-70de-430e-a661-3b25e512f6d1",
        "dish": "9066d002-1da1-4266-8f83-732a95bfbc14",
        "featured_image": "",
        "description": ""
    }
},
{
    "model": "shops.shopdish",
    "pk": "346f9e87-35f8-433d-bbcb-ed2c35067d01",
    "fields": {
        "auto_id": 63,
        "creator": 1,
        "updater": 1,
        "date_added": "2022-09-06T05:19:58.790Z",
        "date_updated": "2022-09-06T05:19:58.790Z",
        "is_deleted": false,
        "price": "130.00",
        "shop": "b3196079-4664-424c-8a57-65c02a5da414",
        "dish": "b3423a8f-1b4d-4f9e-93b4-aacbc481db20",
        "featured_image": "",
        "description": ""
    }
},
{
    "model": "shops.shopdish",
    "pk": "3a9dee55-3269-4106-94e3-291d4b81a4ef",
    "fields": {
        "auto_id": 22,
        "creator": 1,
        "updater": 1,
        "date_added": "2022-09-05T10:57:52.153Z",
        "date_updated": "2022-09-05T10:57:52.153Z",
        "is_deleted": false,
        "price": "90.00",
        "shop": "5600daf9-d87c-4fb1-8a37-96a2866d7484",
        "dish": "f8c57461-53fb-4a3e-8b69-9f1e8298e9d0",
        "featured_image": "",
        "description": ""
    }
},
{
    "model": "shops.shopdish",
    "pk": "3b526936-b053-497f-ac25-b471814382af",
    "fields": {
        "auto_id": 77,
        "creator": 1,
        "updater": 1,
        "date_added": "2022-11-08T06:13:56.541Z",
        "date_updated": "2022-11-08T06:13:56.541Z",
        "is_deleted": false,
        "price": "499.00",
        "shop": "5a4954b1-70de-430e-a661-3b25e512f6d1",
        "dish": "f1f8ca10-1498-4bec-b408-352b84ac7647",
        "featured_image": "shops/masala_dosa.jpg",
        "description": "June 10, 2022 - The Offer: Created by Leslie Greif, Michael Tolkin. With Miles Teller, Matthew Goode, Dan Fogler, Burn Gorman"
    }
},
{
    "model": "shops.shopdish",
    "pk": "3d902d71-3a55-45c2-b3fa-6edca6086f61",
    "fields": {
        "auto_id": 73,
        "creator": 1,
        "updater": 1,
        "date_added": "2022-09-06T05:51:37.095Z",
        "date_updated": "2022-09-06T05:51:37.095Z",
        "is_deleted": false,
        "price": "120.00",
        "shop": "d4663394-c94c-4465-8779-1b9cfcb00e61",
        "dish": "853b7c53-45a9-4c6f-bddb-f054f18ac3dd",
        "featured_image": "",
        "description": ""
    }
},
{
    "model": "shops.shopdish",
    "pk": "3fe6f27c-3ef6-4989-92b9-7a5aca3fa4d6",
    "fields": {
        "auto_id": 45,
        "creator": 1,
        "updater": 1,
        "date_added": "2022-09-06T04:58:57.518Z",
        "date_updated": "2022-09-06T04:58:57.518Z",
        "is_deleted": false,
        "price": "120.00",
        "shop": "7dd6b4ab-c880-493e-927c-70800f47c205",
        "dish": "f8c57461-53fb-4a3e-8b69-9f1e8298e9d0",
        "featured_image": "",
        "description": ""
    }
},
{
    "model": "shops.shopdish",
    "pk": "423d1fb7-73b4-48dd-90f1-2b4c42736cfe",
    "fields": {
        "auto_id": 32,
        "creator": 1,
        "updater": 1,
        "date_added": "2022-09-06T04:44:51.380Z",
        "date_updated": "2022-09-06T04:44:51.380Z",
        "is_deleted": false,
        "price": "90.00",
        "shop": "5a4954b1-70de-430e-a661-3b25e512f6d1",
        "dish": "f8c57461-53fb-4a3e-8b69-9f1e8298e9d0",
        "featured_image": "",
        "description": ""
    }
},
{
    "model": "shops.shopdish",
    "pk": "44382c97-a800-40f9-b783-d6627ea1a0e9",
    "fields": {
        "auto_id": 5,
        "creator": 1,
        "updater": 1,
        "date_added": "2022-08-30T08:07:49.143Z",
        "date_updated": "2022-08-30T08:07:49.143Z",
        "is_deleted": false,
        "price": "380.00",
        "shop": "5620d27a-c16f-4792-8cb4-f221128e8696",
        "dish": "66f7cde8-aa8f-45b5-b000-6f3e659fa0b0",
        "featured_image": "",
        "description": null
    }
},
{
    "model": "shops.shopdish",
    "pk": "45ede9a9-79f7-40d6-bfa9-936521b573ed",
    "fields": {
        "auto_id": 33,
        "creator": 1,
        "updater": 1,
        "date_added": "2022-09-06T04:45:12.133Z",
        "date_updated": "2022-09-06T04:45:12.133Z",
        "is_deleted": false,
        "price": "130.00",
        "shop": "5a4954b1-70de-430e-a661-3b25e512f6d1",
        "dish": "64e54abc-c0c7-4a2d-8c2a-eadfcb312785",
        "featured_image": "",
        "description": ""
    }
},
{
    "model": "shops.shopdish",
    "pk": "47060610-ab30-42cf-8458-120a9f4c5b78",
    "fields": {
        "auto_id": 18,
        "creator": 1,
        "updater": 1,
        "date_added": "2022-09-05T09:23:12.402Z",
        "date_updated": "2022-09-05T09:23:12.402Z",
        "is_deleted": true,
        "price": "80.00",
        "shop": "ace47b2a-df92-4795-935a-06d2745d4717",
        "dish": "b3423a8f-1b4d-4f9e-93b4-aacbc481db20",
        "featured_image": "",
        "description": null
    }
},
{
    "model": "shops.shopdish",
    "pk": "47f1a9bf-691f-419c-ba0f-e9f8499757e7",
    "fields": {
        "auto_id": 25,
        "creator": 1,
        "updater": 1,
        "date_added": "2022-09-05T11:50:56.507Z",
        "date_updated": "2022-09-05T11:50:56.507Z",
        "is_deleted": false,
        "price": "120.00",
        "shop": "98387e4a-c061-4437-a623-3d0fbdf033be",
        "dish": "401d9acf-b50c-45ef-98d6-631ab9c6889d",
        "featured_image": "",
        "description": ""
    }
},
{
    "model": "shops.shopdish",
    "pk": "4f3da062-e94d-4801-a19e-db6557ebdd89",
    "fields": {
        "auto_id": 10,
        "creator": 1,
        "updater": 1,
        "date_added": "2022-08-30T08:12:48.487Z",
        "date_updated": "2022-08-30T08:12:48.487Z",
        "is_deleted": false,
        "price": "175.00",
        "shop": "d4663394-c94c-4465-8779-1b9cfcb00e61",
        "dish": "409ee37c-ce1c-4b3b-b5ff-a1d9524be3f9",
        "featured_image": "shops/Dal.png",
        "description": null
    }
},
{
    "model": "shops.shopdish",
    "pk": "5036f2a5-9bf6-48bd-9547-b0fc00a8a6fa",
    "fields": {
        "auto_id": 57,
        "creator": 1,
        "updater": 1,
        "date_added": "2022-09-06T05:11:48.362Z",
        "date_updated": "2022-09-06T05:11:48.362Z",
        "is_deleted": false,
        "price": "120.00",
        "shop": "86dfe25a-5395-4280-8891-2c82b997a8aa",
        "dish": "7ea86849-925c-4b24-840b-fe06775b2247",
        "featured_image": "",
        "description": ""
    }
},
{
    "model": "shops.shopdish",
    "pk": "57fd4279-53ea-402a-b356-7843e46d55d2",
    "fields": {
        "auto_id": 54,
        "creator": 1,
        "updater": 1,
        "date_added": "2022-09-06T05:10:17.497Z",
        "date_updated": "2022-09-06T05:10:29.666Z",
        "is_deleted": false,
        "price": "140.00",
        "shop": "86dfe25a-5395-4280-8891-2c82b997a8aa",
        "dish": "409ee37c-ce1c-4b3b-b5ff-a1d9524be3f9",
        "featured_image": "",
        "description": ""
    }
},
{
    "model": "shops.shopdish",
    "pk": "5d621a03-7a44-436f-91b5-55e8e2558b1f",
    "fields": {
        "auto_id": 65,
        "creator": 1,
        "updater": 1,
        "date_added": "2022-09-06T05:20:33.932Z",
        "date_updated": "2022-09-06T05:20:33.932Z",
        "is_deleted": false,
        "price": "130.00",
        "shop": "b3196079-4664-424c-8a57-65c02a5da414",
        "dish": "38439ea6-8344-4651-969a-17dc22a94260",
        "featured_image": "",
        "description": ""
    }
},
{
    "model": "shops.shopdish",
    "pk": "6036bfd3-f50c-492a-acc0-7898a9c5dc94",
    "fields": {
        "auto_id": 35,
        "creator": 1,
        "updater": 1,
        "date_added": "2022-09-06T04:46:45.809Z",
        "date_updated": "2022-09-06T04:46:45.809Z",
        "is_deleted": false,
        "price": "50.00",
        "shop": "5a4954b1-70de-430e-a661-3b25e512f6d1",
        "dish": "2e067c7c-a3cd-4aa6-b36a-831b35e64cb9",
        "featured_image": "",
        "description": ""
    }
},
{
    "model": "shops.shopdish",
    "pk": "630f4cf7-b0e1-4b10-b19c-7b49654229c1",
    "fields": {
        "auto_id": 3,
        "creator": 1,
        "updater": 1,
        "date_added": "2022-08-30T06:06:10.882Z",
        "date_updated": "2022-08-30T06:06:10.882Z",
        "is_deleted": false,
        "price": "200.00",
        "shop": "d4663394-c94c-4465-8779-1b9cfcb00e61",
        "dish": "36b6bd69-dd23-4e26-a11a-9026d4d79e0e",
        "featured_image": "",
        "description": null
    }
},
{
    "model": "shops.shopdish",
    "pk": "65e0e769-b86a-45e1-b1c2-90edb769c710",
    "fields": {
        "auto_id": 24,
        "creator": 1,
        "updater": 1,
        "date_added": "2022-09-05T11:50:37.552Z",
        "date_updated": "2022-09-05T11:50:37.552Z",
        "is_deleted": false,
        "price": "100.00",
        "shop": "98387e4a-c061-4437-a623-3d0fbdf033be",
        "dish": "f1f8ca10-1498-4bec-b408-352b84ac7647",
        "featured_image": "",
        "description": ""
    }
},
{
    "model": "shops.shopdish",
    "pk": "67626b11-ffeb-4d26-aba1-874916ce281d",
    "fields": {
        "auto_id": 9,
        "creator": 1,
        "updater": 1,
        "date_added": "2022-08-30T08:11:59.916Z",
        "date_updated": "2022-08-30T08:11:59.916Z",
        "is_deleted": false,
        "price": "199.00",
        "shop": "d4663394-c94c-4465-8779-1b9cfcb00e61",
        "dish": "66f7cde8-aa8f-45b5-b000-6f3e659fa0b0",
        "featured_image": "shops/chicken_broast_8b0OKJh.png",
        "description": null
    }
},
{
    "model": "shops.shopdish",
    "pk": "6abdce93-2daf-4066-a839-3cecb4184bff",
    "fields": {
        "auto_id": 6,
        "creator": 1,
        "updater": 1,
        "date_added": "2022-08-30T08:09:26.846Z",
        "date_updated": "2022-08-30T08:09:26.846Z",
        "is_deleted": false,
        "price": "360.00",
        "shop": "5620d27a-c16f-4792-8cb4-f221128e8696",
        "dish": "36b6bd69-dd23-4e26-a11a-9026d4d79e0e",
        "featured_image": "shops/beef_burger.png",
        "description": null
    }
},
{
    "model": "shops.shopdish",
    "pk": "70c76ba5-704f-4ad6-891d-0da15025a6c8",
    "fields": {
        "auto_id": 2,
        "creator": 1,
        "updater": 1,
        "date_added": "2022-08-27T08:30:08.444Z",
        "date_updated": "2022-08-27T08:30:08.444Z",
        "is_deleted": false,
        "price": "240.00",
        "shop": "ace47b2a-df92-4795-935a-06d2745d4717",
        "dish": "66f7cde8-aa8f-45b5-b000-6f3e659fa0b0",
        "featured_image": "shops/chicken_broast.png",
        "description": null
    }
},
{
    "model": "shops.shopdish",
    "pk": "74835634-db1d-4632-a19b-07245492c415",
    "fields": {
        "auto_id": 23,
        "creator": 1,
        "updater": 1,
        "date_added": "2022-09-05T11:01:23.133Z",
        "date_updated": "2022-09-05T11:01:23.133Z",
        "is_deleted": false,
        "price": "20.00",
        "shop": "5600daf9-d87c-4fb1-8a37-96a2866d7484",
        "dish": "1d850c2d-3fb3-43dd-8ac7-792f9a76c2db",
        "featured_image": "",
        "description": ""
    }
},
{
    "model": "shops.shopdish",
    "pk": "75948282-41f6-4f7b-af27-96caa0fb8e35",
    "fields": {
        "auto_id": 7,
        "creator": 1,
        "updater": 1,
        "date_added": "2022-08-30T08:10:13.848Z",
        "date_updated": "2022-08-30T08:10:13.848Z",
        "is_deleted": false,
        "price": "300.00",
        "shop": "5620d27a-c16f-4792-8cb4-f221128e8696",
        "dish": "b3423a8f-1b4d-4f9e-93b4-aacbc481db20",
        "featured_image": "shops/jalfrezi.png",
        "description": null
    }
},
{
    "model": "shops.shopdish",
    "pk": "7b2fc62e-32fb-4241-b986-015e9fced68b",
    "fields": {
        "auto_id": 26,
        "creator": 1,
        "updater": 1,
        "date_added": "2022-09-05T11:52:00.374Z",
        "date_updated": "2022-09-05T11:52:00.374Z",
        "is_deleted": false,
        "price": "40.00",
        "shop": "98387e4a-c061-4437-a623-3d0fbdf033be",
        "dish": "2e067c7c-a3cd-4aa6-b36a-831b35e64cb9",
        "featured_image": "",
        "description": ""
    }
},
{
    "model": "shops.shopdish",
    "pk": "7ef13f47-5fa9-42f3-a75d-fd253b5ce126",
    "fields": {
        "auto_id": 58,
        "creator": 1,
        "updater": 1,
        "date_added": "2022-09-06T05:12:08.669Z",
        "date_updated": "2022-09-06T05:12:08.669Z",
        "is_deleted": true,
        "price": "20.00",
        "shop": "86dfe25a-5395-4280-8891-2c82b997a8aa",
        "dish": "1d850c2d-3fb3-43dd-8ac7-792f9a76c2db",
        "featured_image": "",
        "description": ""
    }
},
{
    "model": "shops.shopdish",
    "pk": "849cc144-f907-4178-84ab-4ef56a008d08",
    "fields": {
        "auto_id": 43,
        "creator": 1,
        "updater": 1,
        "date_added": "2022-09-06T04:58:20.345Z",
        "date_updated": "2022-09-06T04:58:20.345Z",
        "is_deleted": false,
        "price": "340.00",
        "shop": "7dd6b4ab-c880-493e-927c-70800f47c205",
        "dish": "0513edf2-cad0-478a-baf8-18d101c9bb43",
        "featured_image": "",
        "description": ""
    }
},
{
    "model": "shops.shopdish",
    "pk": "85c54fae-782d-43ac-b513-943ab7e23d0b",
    "fields": {
        "auto_id": 64,
        "creator": 1,
        "updater": 1,
        "date_added": "2022-09-06T05:20:14.646Z",
        "date_updated": "2022-09-06T05:20:14.646Z",
        "is_deleted": false,
        "price": "90.00",
        "shop": "b3196079-4664-424c-8a57-65c02a5da414",
        "dish": "f8c57461-53fb-4a3e-8b69-9f1e8298e9d0",
        "featured_image": "",
        "description": ""
    }
},
{
    "model": "shops.shopdish",
    "pk": "889b759d-8278-48ea-8993-c23f33b4e674",
    "fields": {
        "auto_id": 44,
        "creator": 1,
        "updater": 1,
        "date_added": "2022-09-06T04:58:37.924Z",
        "date_updated": "2022-09-06T04:58:37.924Z",
        "is_deleted": false,
        "price": "80.00",
        "shop": "7dd6b4ab-c880-493e-927c-70800f47c205",
        "dish": "38439ea6-8344-4651-969a-17dc22a94260",
        "featured_image": "",
        "description": ""
    }
},
{
    "model": "shops.shopdish",
    "pk": "8b88c7bb-a37d-4f05-9847-e76b72bfe7fb",
    "fields": {
        "auto_id": 37,
        "creator": 1,
        "updater": 1,
        "date_added": "2022-09-06T04:47:28.287Z",
        "date_updated": "2022-09-06T04:47:28.287Z",
        "is_deleted": false,
        "price": "120.00",
        "shop": "5a4954b1-70de-430e-a661-3b25e512f6d1",
        "dish": "b962b9cd-6876-4285-be0d-dd3cfbf83f83",
        "featured_image": "",
        "description": ""
    }
},
{
    "model": "shops.shopdish",
    "pk": "8de93706-c56f-45aa-aec1-6fd66f4358ae",
    "fields": {
        "auto_id": 50,
        "creator": 1,
        "updater": 1,
        "date_added": "2022-09-06T05:08:53.666Z",
        "date_updated": "2022-09-06T05:08:53.666Z",
        "is_deleted": false,
        "price": "100.00",
        "shop": "86dfe25a-5395-4280-8891-2c82b997a8aa",
        "dish": "b962b9cd-6876-4285-be0d-dd3cfbf83f83",
        "featured_image": "",
        "description": ""
    }
},
{
    "model": "shops.shopdish",
    "pk": "8fefeb04-4ae4-4d1a-88bd-e23287de331c",
    "fields": {
        "auto_id": 40,
        "creator": 1,
        "updater": 1,
        "date_added": "2022-09-06T04:57:26.113Z",
        "date_updated": "2022-09-06T04:57:26.113Z",
        "is_deleted": false,
        "price": "450.00",
        "shop": "7dd6b4ab-c880-493e-927c-70800f47c205",
        "dish": "66f7cde8-aa8f-45b5-b000-6f3e659fa0b0",
        "featured_image": "",
        "description": ""
    }
},
{
    "model": "shops.shopdish",
    "pk": "908840cd-e5f0-4ac9-acd1-bd6d43d4cac2",
    "fields": {
        "auto_id": 56,
        "creator": 1,
        "updater": 1,
        "date_added": "2022-09-06T05:11:31.174Z",
        "date_updated": "2022-09-06T05:11:31.175Z",
        "is_deleted": false,
        "price": "120.00",
        "shop": "86dfe25a-5395-4280-8891-2c82b997a8aa",
        "dish": "9066d002-1da1-4266-8f83-732a95bfbc14",
        "featured_image": "",
        "description": ""
    }
},
{
    "model": "shops.shopdish",
    "pk": "93fe3d32-0ae7-4b71-8103-8de222148071",
    "fields": {
        "auto_id": 17,
        "creator": 1,
        "updater": 1,
        "date_added": "2022-09-02T12:05:33.040Z",
        "date_updated": "2022-09-02T12:05:33.040Z",
        "is_deleted": false,
        "price": "80.00",
        "shop": "ace47b2a-df92-4795-935a-06d2745d4717",
        "dish": "0513edf2-cad0-478a-baf8-18d101c9bb43",
        "featured_image": "",
        "description": null
    }
},
{
    "model": "shops.shopdish",
    "pk": "952c6741-73a3-4705-96b4-2797a8d3abd1",
    "fields": {
        "auto_id": 16,
        "creator": 1,
        "updater": 1,
        "date_added": "2022-09-02T12:05:01.379Z",
        "date_updated": "2022-09-02T12:05:01.379Z",
        "is_deleted": false,
        "price": "30.00",
        "shop": "ace47b2a-df92-4795-935a-06d2745d4717",
        "dish": "38439ea6-8344-4651-969a-17dc22a94260",
        "featured_image": "",
        "description": null
    }
},
{
    "model": "shops.shopdish",
    "pk": "9572b7be-68e7-4ee9-8bc6-6140f0249938",
    "fields": {
        "auto_id": 28,
        "creator": 1,
        "updater": 1,
        "date_added": "2022-09-05T11:55:27.522Z",
        "date_updated": "2022-09-05T11:55:27.522Z",
        "is_deleted": false,
        "price": "120.00",
        "shop": "41f5f4ad-8b60-4d83-bdd3-5b241ac39543",
        "dish": "b962b9cd-6876-4285-be0d-dd3cfbf83f83",
        "featured_image": "",
        "description": ""
    }
},
{
    "model": "shops.shopdish",
    "pk": "9a8a4a00-1e79-47c8-b6a1-2b6d0fa85a83",
    "fields": {
        "auto_id": 48,
        "creator": 1,
        "updater": 1,
        "date_added": "2022-09-06T05:00:49.169Z",
        "date_updated": "2022-09-06T05:00:49.169Z",
        "is_deleted": false,
        "price": "90.00",
        "shop": "7dd6b4ab-c880-493e-927c-70800f47c205",
        "dish": "a5222c9b-00ea-4f27-accb-a2da22b923a4",
        "featured_image": "",
        "description": ""
    }
},
{
    "model": "shops.shopdish",
    "pk": "9dc1eb97-a1e2-4513-b5d5-b509e1af339e",
    "fields": {
        "auto_id": 70,
        "creator": 1,
        "updater": 1,
        "date_added": "2022-09-06T05:47:49.566Z",
        "date_updated": "2022-09-06T05:47:49.566Z",
        "is_deleted": false,
        "price": "140.00",
        "shop": "d4663394-c94c-4465-8779-1b9cfcb00e61",
        "dish": "401d9acf-b50c-45ef-98d6-631ab9c6889d",
        "featured_image": "",
        "description": ""
    }
},
{
    "model": "shops.shopdish",
    "pk": "a0ff3fb9-5c00-4576-88d5-4d217d4035a5",
    "fields": {
        "auto_id": 39,
        "creator": 1,
        "updater": 1,
        "date_added": "2022-09-06T04:57:12.093Z",
        "date_updated": "2022-09-06T04:57:12.093Z",
        "is_deleted": false,
        "price": "120.00",
        "shop": "7dd6b4ab-c880-493e-927c-70800f47c205",
        "dish": "f1f8ca10-1498-4bec-b408-352b84ac7647",
        "featured_image": "",
        "description": ""
    }
},
{
    "model": "shops.shopdish",
    "pk": "aa24dd67-7706-4e48-ab76-fa5fd34e5da4",
    "fields": {
        "auto_id": 71,
        "creator": 1,
        "updater": 1,
        "date_added": "2022-09-06T05:48:11.044Z",
        "date_updated": "2022-09-06T05:48:11.044Z",
        "is_deleted": false,
        "price": "90.00",
        "shop": "d4663394-c94c-4465-8779-1b9cfcb00e61",
        "dish": "a5222c9b-00ea-4f27-accb-a2da22b923a4",
        "featured_image": "",
        "description": ""
    }
},
{
    "model": "shops.shopdish",
    "pk": "aa372bbe-bd97-492a-bbf9-9969bb9e3e79",
    "fields": {
        "auto_id": 13,
        "creator": 1,
        "updater": 1,
        "date_added": "2022-08-30T08:16:04.586Z",
        "date_updated": "2022-08-30T08:16:04.586Z",
        "is_deleted": false,
        "price": "220.00",
        "shop": "ace47b2a-df92-4795-935a-06d2745d4717",
        "dish": "b3423a8f-1b4d-4f9e-93b4-aacbc481db20",
        "featured_image": "shops/jalfrezi_GzS47nY.png",
        "description": null
    }
},
{
    "model": "shops.shopdish",
    "pk": "aa4baa11-3365-4a87-b053-803df7bd16b4",
    "fields": {
        "auto_id": 31,
        "creator": 1,
        "updater": 1,
        "date_added": "2022-09-06T04:44:18.551Z",
        "date_updated": "2022-09-06T04:44:18.551Z",
        "is_deleted": false,
        "price": "120.00",
        "shop": "5a4954b1-70de-430e-a661-3b25e512f6d1",
        "dish": "b3423a8f-1b4d-4f9e-93b4-aacbc481db20",
        "featured_image": "",
        "description": ""
    }
},
{
    "model": "shops.shopdish",
    "pk": "afb92778-62c7-42ff-b5b8-1809a4f77544",
    "fields": {
        "auto_id": 29,
        "creator": 1,
        "updater": 1,
        "date_added": "2022-09-06T04:43:38.683Z",
        "date_updated": "2022-09-06T04:43:38.683Z",
        "is_deleted": false,
        "price": "200.00",
        "shop": "5a4954b1-70de-430e-a661-3b25e512f6d1",
        "dish": "66f7cde8-aa8f-45b5-b000-6f3e659fa0b0",
        "featured_image": "",
        "description": ""
    }
},
{
    "model": "shops.shopdish",
    "pk": "ba408008-378b-4efb-a0a9-270e213d8d98",
    "fields": {
        "auto_id": 1,
        "creator": 1,
        "updater": 1,
        "date_added": "2022-08-27T08:28:44.015Z",
        "date_updated": "2022-08-27T08:28:44.015Z",
        "is_deleted": false,
        "price": "180.00",
        "shop": "ace47b2a-df92-4795-935a-06d2745d4717",
        "dish": "f1f8ca10-1498-4bec-b408-352b84ac7647",
        "featured_image": "shops/chicken_strips.png",
        "description": null
    }
},
{
    "model": "shops.shopdish",
    "pk": "be5498b1-5d34-4652-9c01-a27189a6b90e",
    "fields": {
        "auto_id": 66,
        "creator": 1,
        "updater": 1,
        "date_added": "2022-09-06T05:20:57.669Z",
        "date_updated": "2022-09-06T05:20:57.669Z",
        "is_deleted": false,
        "price": "139.00",
        "shop": "b3196079-4664-424c-8a57-65c02a5da414",
        "dish": "401d9acf-b50c-45ef-98d6-631ab9c6889d",
        "featured_image": "",
        "description": ""
    }
},
{
    "model": "shops.shopdish",
    "pk": "c0900265-9a84-45a8-86ac-ef2aa8b8d1b2",
    "fields": {
        "auto_id": 61,
        "creator": 1,
        "updater": 1,
        "date_added": "2022-09-06T05:19:12.336Z",
        "date_updated": "2022-09-06T05:19:12.336Z",
        "is_deleted": false,
        "price": "120.00",
        "shop": "b3196079-4664-424c-8a57-65c02a5da414",
        "dish": "66f7cde8-aa8f-45b5-b000-6f3e659fa0b0",
        "featured_image": "",
        "description": ""
    }
},
{
    "model": "shops.shopdish",
    "pk": "c0b637ad-1854-44ef-84b7-e0317dfd1144",
    "fields": {
        "auto_id": 42,
        "creator": 1,
        "updater": 1,
        "date_added": "2022-09-06T04:57:54.522Z",
        "date_updated": "2022-09-06T04:57:54.522Z",
        "is_deleted": false,
        "price": "240.00",
        "shop": "7dd6b4ab-c880-493e-927c-70800f47c205",
        "dish": "409ee37c-ce1c-4b3b-b5ff-a1d9524be3f9",
        "featured_image": "",
        "description": ""
    }
},
{
    "model": "shops.shopdish",
    "pk": "c85a58aa-cd6a-45e5-a484-c6c8b7a6d0ed",
    "fields": {
        "auto_id": 27,
        "creator": 1,
        "updater": 1,
        "date_added": "2022-09-05T11:55:11.436Z",
        "date_updated": "2022-09-05T11:55:11.436Z",
        "is_deleted": false,
        "price": "120.00",
        "shop": "41f5f4ad-8b60-4d83-bdd3-5b241ac39543",
        "dish": "409ee37c-ce1c-4b3b-b5ff-a1d9524be3f9",
        "featured_image": "",
        "description": ""
    }
},
{
    "model": "shops.shopdish",
    "pk": "d52d2486-1edd-4000-af97-2e425211f676",
    "fields": {
        "auto_id": 68,
        "creator": 1,
        "updater": 1,
        "date_added": "2022-09-06T05:21:50.758Z",
        "date_updated": "2022-09-06T05:21:50.758Z",
        "is_deleted": false,
        "price": "50.00",
        "shop": "b3196079-4664-424c-8a57-65c02a5da414",
        "dish": "2e067c7c-a3cd-4aa6-b36a-831b35e64cb9",
        "featured_image": "",
        "description": ""
    }
},
{
    "model": "shops.shopdish",
    "pk": "d8178087-dd8d-4393-8f1d-7b3412802d3c",
    "fields": {
        "auto_id": 19,
        "creator": 1,
        "updater": 1,
        "date_added": "2022-09-05T10:54:39.355Z",
        "date_updated": "2022-09-05T10:54:39.355Z",
        "is_deleted": false,
        "price": "200.00",
        "shop": "5600daf9-d87c-4fb1-8a37-96a2866d7484",
        "dish": "f1f8ca10-1498-4bec-b408-352b84ac7647",
        "featured_image": "",
        "description": ""
    }
},
{
    "model": "shops.shopdish",
    "pk": "d8d26ff0-a8e7-45a0-b9ea-67de6c48c0c0",
    "fields": {
        "auto_id": 52,
        "creator": 1,
        "updater": 1,
        "date_added": "2022-09-06T05:09:30.804Z",
        "date_updated": "2022-09-06T05:09:30.804Z",
        "is_deleted": false,
        "price": "120.00",
        "shop": "86dfe25a-5395-4280-8891-2c82b997a8aa",
        "dish": "a5222c9b-00ea-4f27-accb-a2da22b923a4",
        "featured_image": "",
        "description": ""
    }
},
{
    "model": "shops.shopdish",
    "pk": "d8d404d1-bb90-4898-a4fa-5fbf03993fb2",
    "fields": {
        "auto_id": 21,
        "creator": 1,
        "updater": 1,
        "date_added": "2022-09-05T10:57:28.999Z",
        "date_updated": "2022-09-05T10:57:29Z",
        "is_deleted": false,
        "price": "300.00",
        "shop": "5600daf9-d87c-4fb1-8a37-96a2866d7484",
        "dish": "b3423a8f-1b4d-4f9e-93b4-aacbc481db20",
        "featured_image": "",
        "description": ""
    }
},
{
    "model": "shops.shopdish",
    "pk": "da913352-fb6a-4042-bae9-07eae4f8d59c",
    "fields": {
        "auto_id": 75,
        "creator": 1,
        "updater": 1,
        "date_added": "2022-09-06T05:52:36.256Z",
        "date_updated": "2022-09-06T05:52:36.256Z",
        "is_deleted": false,
        "price": "120.00",
        "shop": "d4663394-c94c-4465-8779-1b9cfcb00e61",
        "dish": "a5222c9b-00ea-4f27-accb-a2da22b923a4",
        "featured_image": "",
        "description": ""
    }
},
{
    "model": "shops.shopdish",
    "pk": "e4e75f39-abc9-4c56-b676-35ecb472a200",
    "fields": {
        "auto_id": 30,
        "creator": 1,
        "updater": 1,
        "date_added": "2022-09-06T04:43:54.357Z",
        "date_updated": "2022-09-06T04:43:54.357Z",
        "is_deleted": false,
        "price": "90.00",
        "shop": "5a4954b1-70de-430e-a661-3b25e512f6d1",
        "dish": "954974d9-9635-41f0-9e68-635f6536bba3",
        "featured_image": "",
        "description": ""
    }
},
{
    "model": "shops.shopdish",
    "pk": "e5ffb63e-dd9d-4943-a44d-ae6c1d76e129",
    "fields": {
        "auto_id": 11,
        "creator": 1,
        "updater": 1,
        "date_added": "2022-08-30T08:14:11.107Z",
        "date_updated": "2022-08-30T08:14:11.107Z",
        "is_deleted": false,
        "price": "240.00",
        "shop": "ace47b2a-df92-4795-935a-06d2745d4717",
        "dish": "36b6bd69-dd23-4e26-a11a-9026d4d79e0e",
        "featured_image": "shops/beef_burger_qoArtWs.png",
        "description": null
    }
},
{
    "model": "shops.shopdish",
    "pk": "e77d1ae5-09cd-4419-933b-80026358661d",
    "fields": {
        "auto_id": 53,
        "creator": 1,
        "updater": 1,
        "date_added": "2022-09-06T05:09:56.115Z",
        "date_updated": "2022-09-06T05:09:56.115Z",
        "is_deleted": false,
        "price": "130.00",
        "shop": "86dfe25a-5395-4280-8891-2c82b997a8aa",
        "dish": "372b0da3-7fd7-442d-aa4a-e31a8b515326",
        "featured_image": "",
        "description": ""
    }
},
{
    "model": "shops.shopdish",
    "pk": "e9adddb5-ce72-4a84-8b1c-0879a5c0b565",
    "fields": {
        "auto_id": 60,
        "creator": 1,
        "updater": 1,
        "date_added": "2022-09-06T05:18:57.821Z",
        "date_updated": "2022-09-06T05:18:57.821Z",
        "is_deleted": false,
        "price": "120.00",
        "shop": "b3196079-4664-424c-8a57-65c02a5da414",
        "dish": "f1f8ca10-1498-4bec-b408-352b84ac7647",
        "featured_image": "",
        "description": ""
    }
},
{
    "model": "shops.shopdish",
    "pk": "eb88184d-a67d-49cd-9c84-68978427ccd4",
    "fields": {
        "auto_id": 36,
        "creator": 1,
        "updater": 1,
        "date_added": "2022-09-06T04:47:06.365Z",
        "date_updated": "2022-09-06T04:47:06.365Z",
        "is_deleted": false,
        "price": "90.00",
        "shop": "5a4954b1-70de-430e-a661-3b25e512f6d1",
        "dish": "a5222c9b-00ea-4f27-accb-a2da22b923a4",
        "featured_image": "",
        "description": ""
    }
},
{
    "model": "shops.shopdish",
    "pk": "f0bb142f-2173-472d-b7d7-7541fbd8b5e2",
    "fields": {
        "auto_id": 51,
        "creator": 1,
        "updater": 1,
        "date_added": "2022-09-06T05:09:14.123Z",
        "date_updated": "2022-09-06T05:09:14.123Z",
        "is_deleted": false,
        "price": "90.00",
        "shop": "86dfe25a-5395-4280-8891-2c82b997a8aa",
        "dish": "954974d9-9635-41f0-9e68-635f6536bba3",
        "featured_image": "",
        "description": ""
    }
},
{
    "model": "shops.shopdish",
    "pk": "f130b746-7fcd-4b45-9d8d-e1a7e50295ca",
    "fields": {
        "auto_id": 14,
        "creator": 1,
        "updater": 1,
        "date_added": "2022-08-30T09:29:05.604Z",
        "date_updated": "2022-08-30T09:29:05.604Z",
        "is_deleted": false,
        "price": "200.00",
        "shop": "ace47b2a-df92-4795-935a-06d2745d4717",
        "dish": "f1f8ca10-1498-4bec-b408-352b84ac7647",
        "featured_image": "shops/c2image_P0DS1Ep.jpeg",
        "description": null
    }
},
{
    "model": "shops.shopdish",
    "pk": "f3c2ffab-1fd8-4808-bec6-b537eb866b5b",
    "fields": {
        "auto_id": 15,
        "creator": 1,
        "updater": 1,
        "date_added": "2022-08-30T09:35:45.879Z",
        "date_updated": "2022-08-30T09:35:45.879Z",
        "is_deleted": false,
        "price": "1000.00",
        "shop": "ace47b2a-df92-4795-935a-06d2745d4717",
        "dish": "f8c57461-53fb-4a3e-8b69-9f1e8298e9d0",
        "featured_image": "shops/c2image_g7Bem6U.jpeg",
        "description": null
    }
},
{
    "model": "shops.shopdish",
    "pk": "f6d1238a-0b24-474e-a19a-2965613cb0c9",
    "fields": {
        "auto_id": 69,
        "creator": 1,
        "updater": 1,
        "date_added": "2022-09-06T05:22:12.415Z",
        "date_updated": "2022-09-06T05:22:12.415Z",
        "is_deleted": false,
        "price": "130.00",
        "shop": "b3196079-4664-424c-8a57-65c02a5da414",
        "dish": "954974d9-9635-41f0-9e68-635f6536bba3",
        "featured_image": "",
        "description": ""
    }
},
{
    "model": "shops.shopdish",
    "pk": "fa94799c-abe5-43d0-8a58-088194ad229a",
    "fields": {
        "auto_id": 20,
        "creator": 1,
        "updater": 1,
        "date_added": "2022-09-05T10:55:16.067Z",
        "date_updated": "2022-09-05T10:55:16.067Z",
        "is_deleted": false,
        "price": "100.00",
        "shop": "5600daf9-d87c-4fb1-8a37-96a2866d7484",
        "dish": "409ee37c-ce1c-4b3b-b5ff-a1d9524be3f9",
        "featured_image": "",
        "description": ""
    }
},
{
    "model": "shops.shopdish",
    "pk": "fcd94c6f-41bb-429b-9037-06bed0a12806",
    "fields": {
        "auto_id": 62,
        "creator": 1,
        "updater": 1,
        "date_added": "2022-09-06T05:19:25.106Z",
        "date_updated": "2022-09-06T05:19:25.106Z",
        "is_deleted": false,
        "price": "230.00",
        "shop": "b3196079-4664-424c-8a57-65c02a5da414",
        "dish": "36b6bd69-dd23-4e26-a11a-9026d4d79e0e",
        "featured_image": "",
        "description": ""
    }
},
{
    "model": "shops.dishoffer",
    "pk": "1c8d8d30-30ba-4dd3-9e41-dc0648b77ba3",
    "fields": {
        "auto_id": 9,
        "creator": 1,
        "updater": 1,
        "date_added": "2022-09-06T04:49:53.511Z",
        "date_updated": "2022-11-08T10:03:24.935Z",
        "is_deleted": false,
        "shop": "5a4954b1-70de-430e-a661-3b25e512f6d1",
        "shop_dish": "6036bfd3-f50c-492a-acc0-7898a9c5dc94",
        "is_featured": true,
        "offer_type": "10",
        "offer": "12",
        "start_date": null,
        "end_date": "2023-02-08T10:03:00Z",
        "is_active": false
    }
},
{
    "model": "shops.dishoffer",
    "pk": "3046925b-6e5e-4bcd-8d4e-8dbdcb3c084b",
    "fields": {
        "auto_id": 8,
        "creator": 1,
        "updater": 1,
        "date_added": "2022-09-06T04:49:23.313Z",
        "date_updated": "2022-11-07T06:50:35.759Z",
        "is_deleted": false,
        "shop": "5a4954b1-70de-430e-a661-3b25e512f6d1",
        "shop_dish": "afb92778-62c7-42ff-b5b8-1809a4f77544",
        "is_featured": true,
        "offer_type": "10",
        "offer": "15",
        "start_date": "2022-11-07T01:51:00Z",
        "end_date": "2023-01-27T07:51:00Z",
        "is_active": true
    }
},
{
    "model": "shops.dishoffer",
    "pk": "35cc3d9a-18fe-4f9c-9b6f-16468a6ff6b8",
    "fields": {
        "auto_id": 14,
        "creator": 1,
        "updater": 1,
        "date_added": "2022-11-08T10:05:35.552Z",
        "date_updated": "2022-11-08T10:05:35.552Z",
        "is_deleted": false,
        "shop": "5a4954b1-70de-430e-a661-3b25e512f6d1",
        "shop_dish": "e4e75f39-abc9-4c56-b676-35ecb472a200",
        "is_featured": false,
        "offer_type": "10",
        "offer": "99",
        "start_date": "2022-11-22T08:52:00Z",
        "end_date": "2023-11-11T08:52:00Z",
        "is_active": true
    }
},
{
    "model": "shops.dishoffer",
    "pk": "4836c9be-bf5a-46da-a85a-0563fb5711ee",
    "fields": {
        "auto_id": 11,
        "creator": 1,
        "updater": 1,
        "date_added": "2022-09-20T10:48:44.296Z",
        "date_updated": "2022-09-20T10:48:44.296Z",
        "is_deleted": false,
        "shop": "d4663394-c94c-4465-8779-1b9cfcb00e61",
        "shop_dish": "0a55cca4-55d9-4183-a059-419b712c0cbb",
        "is_featured": true,
        "offer_type": "10",
        "offer": "20",
        "start_date": null,
        "end_date": null,
        "is_active": true
    }
},
{
    "model": "shops.dishoffer",
    "pk": "4b82afe8-20b1-46ba-8625-f13989eb7271",
    "fields": {
        "auto_id": 2,
        "creator": 1,
        "updater": 1,
        "date_added": "2022-08-30T06:47:04.639Z",
        "date_updated": "2022-08-30T06:47:04.639Z",
        "is_deleted": false,
        "shop": "5620d27a-c16f-4792-8cb4-f221128e8696",
        "shop_dish": "2933cce4-141d-42a0-80a5-796d6a65333b",
        "is_featured": true,
        "offer_type": "10",
        "offer": "10",
        "start_date": null,
        "end_date": null,
        "is_active": true
    }
},
{
    "model": "shops.dishoffer",
    "pk": "4d3d8108-2788-45c7-b972-d1fa77980946",
    "fields": {
        "auto_id": 1,
        "creator": 1,
        "updater": 1,
        "date_added": "2022-08-30T06:19:48.185Z",
        "date_updated": "2022-08-30T06:28:36.049Z",
        "is_deleted": false,
        "shop": "d4663394-c94c-4465-8779-1b9cfcb00e61",
        "shop_dish": "630f4cf7-b0e1-4b10-b19c-7b49654229c1",
        "is_featured": true,
        "offer_type": "10",
        "offer": "20",
        "start_date": null,
        "end_date": null,
        "is_active": true
    }
},
{
    "model": "shops.dishoffer",
    "pk": "63a8c292-8664-4b6f-8b96-d14bf0acad6f",
    "fields": {
        "auto_id": 15,
        "creator": 1,
        "updater": 1,
        "date_added": "2022-11-24T06:36:04.143Z",
        "date_updated": "2022-11-24T06:36:04.143Z",
        "is_deleted": false,
        "shop": "ace47b2a-df92-4795-935a-06d2745d4717",
        "shop_dish": "70c76ba5-704f-4ad6-891d-0da15025a6c8",
        "is_featured": true,
        "offer_type": "10",
        "offer": "30%",
        "start_date": "2022-11-24T06:35:00Z",
        "end_date": "2022-11-25T06:35:00Z",
        "is_active": false
    }
},
{
    "model": "shops.dishoffer",
    "pk": "67fbe203-ab7c-4f58-9428-1cd6a9b57a80",
    "fields": {
        "auto_id": 7,
        "creator": 1,
        "updater": 1,
        "date_added": "2022-09-05T11:52:13.429Z",
        "date_updated": "2022-09-05T11:52:13.429Z",
        "is_deleted": false,
        "shop": "98387e4a-c061-4437-a623-3d0fbdf033be",
        "shop_dish": "47f1a9bf-691f-419c-ba0f-e9f8499757e7",
        "is_featured": false,
        "offer_type": "10",
        "offer": "100",
        "start_date": null,
        "end_date": null,
        "is_active": true
    }
},
{
    "model": "shops.dishoffer",
    "pk": "87692d62-238f-4064-8156-fd96ab919ef0",
    "fields": {
        "auto_id": 12,
        "creator": 1,
        "updater": 1,
        "date_added": "2022-09-20T10:49:03.199Z",
        "date_updated": "2022-09-20T10:49:03.199Z",
        "is_deleted": false,
        "shop": "d4663394-c94c-4465-8779-1b9cfcb00e61",
        "shop_dish": "4f3da062-e94d-4801-a19e-db6557ebdd89",
        "is_featured": true,
        "offer_type": "10",
        "offer": "30",
        "start_date": null,
        "end_date": null,
        "is_active": false
    }
},
{
    "model": "shops.dishoffer",
    "pk": "91cced68-ee4e-4f3a-bb0b-13c93d01ab83",
    "fields": {
        "auto_id": 4,
        "creator": 1,
        "updater": 1,
        "date_added": "2022-08-30T08:18:03.560Z",
        "date_updated": "2022-08-30T08:18:03.560Z",
        "is_deleted": false,
        "shop": "ace47b2a-df92-4795-935a-06d2745d4717",
        "shop_dish": "ba408008-378b-4efb-a0a9-270e213d8d98",
        "is_featured": true,
        "offer_type": "10",
        "offer": "15",
        "start_date": null,
        "end_date": null,
        "is_active": false
    }
},
{
    "model": "shops.dishoffer",
    "pk": "9b711b57-3a31-450c-89ff-222869929516",
    "fields": {
        "auto_id": 5,
        "creator": 1,
        "updater": 1,
        "date_added": "2022-08-30T09:10:29.354Z",
        "date_updated": "2022-08-30T09:10:29.354Z",
        "is_deleted": false,
        "shop": "5620d27a-c16f-4792-8cb4-f221128e8696",
        "shop_dish": "6abdce93-2daf-4066-a839-3cecb4184bff",
        "is_featured": true,
        "offer_type": "10",
        "offer": "25",
        "start_date": null,
        "end_date": null,
        "is_active": false
    }
},
{
    "model": "shops.dishoffer",
    "pk": "d0fa2892-47bb-4a81-9b9b-2614b17149e3",
    "fields": {
        "auto_id": 13,
        "creator": 1,
        "updater": 1,
        "date_added": "2022-11-08T10:02:48.988Z",
        "date_updated": "2022-11-08T10:02:48.988Z",
        "is_deleted": false,
        "shop": "5a4954b1-70de-430e-a661-3b25e512f6d1",
        "shop_dish": "45ede9a9-79f7-40d6-bfa9-936521b573ed",
        "is_featured": false,
        "offer_type": "20",
        "offer": "20",
        "start_date": "2022-11-08T10:02:00Z",
        "end_date": "2023-01-01T10:02:00Z",
        "is_active": true
    }
},
{
    "model": "shops.dishoffer",
    "pk": "de6e9860-8857-4e7e-994a-0eb87490f8f5",
    "fields": {
        "auto_id": 10,
        "creator": 1,
        "updater": 1,
        "date_added": "2022-09-06T04:50:14.444Z",
        "date_updated": "2022-09-06T04:50:14.444Z",
        "is_deleted": false,
        "shop": "5a4954b1-70de-430e-a661-3b25e512f6d1",
        "shop_dish": "283ed212-e73d-4221-b2d8-0777f6983abe",
        "is_featured": true,
        "offer_type": "10",
        "offer": "19",
        "start_date": null,
        "end_date": null,
        "is_active": false
    }
},
{
    "model": "shops.dishoffer",
    "pk": "e654de16-223b-4cc8-8c1b-1c5627930255",
    "fields": {
        "auto_id": 6,
        "creator": 1,
        "updater": 1,
        "date_added": "2022-09-05T10:54:58.934Z",
        "date_updated": "2022-09-05T10:54:58.934Z",
        "is_deleted": false,
        "shop": "5600daf9-d87c-4fb1-8a37-96a2866d7484",
        "shop_dish": "d8178087-dd8d-4393-8f1d-7b3412802d3c",
        "is_featured": true,
        "offer_type": "10",
        "offer": "15",
        "start_date": null,
        "end_date": null,
        "is_active": true
    }
},
{
    "model": "shops.dishoffer",
    "pk": "f30effaf-c469-4981-aec9-e2760760966a",
    "fields": {
        "auto_id": 3,
        "creator": 1,
        "updater": 1,
        "date_added": "2022-08-30T08:16:32.937Z",
        "date_updated": "2022-08-30T08:16:32.937Z",
        "is_deleted": false,
        "shop": "ace47b2a-df92-4795-935a-06d2745d4717",
        "shop_dish": "e5ffb63e-dd9d-4943-a44d-ae6c1d76e129",
        "is_featured": true,
        "offer_type": "10",
        "offer": "30",
        "start_date": null,
        "end_date": null,
        "is_active": false
    }
},
{
    "model": "shops.shopdelivery",
    "pk": "1b245c58-1e78-4348-8402-c0dc86705367",
    "fields": {
        "auto_id": 9,
        "creator": 1,
        "updater": 1,
        "date_added": "2022-09-06T05:14:22.696Z",
        "date_updated": "2022-09-06T05:14:22.696Z",
        "is_deleted": false,
        "delivery_partner": "256308f5-3abe-477d-92bc-9535d2e89f87",
        "shop": "86dfe25a-5395-4280-8891-2c82b997a8aa",
        "shop_link": "https://www.zomato.com/sawantwadi/mind-space-coffee-house-sawantwadi-locality/order"
    }
},
{
    "model": "shops.shopdelivery",
    "pk": "2bb71e74-694c-4039-8db6-47f6b8935c1c",
    "fields": {
        "auto_id": 2,
        "creator": 1,
        "updater": 1,
        "date_added": "2022-08-31T05:18:36.981Z",
        "date_updated": "2022-08-31T05:18:36.981Z",
        "is_deleted": true,
        "delivery_partner": "1755285e-14ed-462c-946c-c0a86459edbd",
        "shop": "ace47b2a-df92-4795-935a-06d2745d4717",
        "shop_link": "https://www.swiggy.com/restaurants/bombay-bakes-cental-irinjalakuda-thrissur-403294"
    }
},
{
    "model": "shops.shopdelivery",
    "pk": "36774cbc-93bd-49f7-8e96-c6d4ee414df9",
    "fields": {
        "auto_id": 12,
        "creator": 1,
        "updater": 1,
        "date_added": "2022-09-06T06:07:37.539Z",
        "date_updated": "2022-09-06T06:07:37.539Z",
        "is_deleted": false,
        "delivery_partner": "1755285e-14ed-462c-946c-c0a86459edbd",
        "shop": "5a4954b1-70de-430e-a661-3b25e512f6d1",
        "shop_link": "https://www.swiggy.com/?utm_source=Google-Sok&utm_medium=CPC&utm_campaign=google_search_sok_food_na_narm_order_web_m_web_clubbed"
    }
},
{
    "model": "shops.shopdelivery",
    "pk": "4d59269b-bf37-4270-ba9c-c75aab9092ec",
    "fields": {
        "auto_id": 7,
        "creator": 1,
        "updater": 1,
        "date_added": "2022-09-06T05:01:44.991Z",
        "date_updated": "2022-09-06T05:01:44.991Z",
        "is_deleted": false,
        "delivery_partner": "256308f5-3abe-477d-92bc-9535d2e89f87",
        "shop": "7dd6b4ab-c880-493e-927c-70800f47c205",
        "shop_link": "https://www.zomato.com/sawantwadi/mind-space-coffee-house-sawantwadi-locality/order"
    }
},
{
    "model": "shops.shopdelivery",
    "pk": "53f73b42-cbfc-449f-8cc8-5fb483875660",
    "fields": {
        "auto_id": 10,
        "creator": 1,
        "updater": 1,
        "date_added": "2022-09-06T05:25:48.734Z",
        "date_updated": "2022-09-06T05:25:48.734Z",
        "is_deleted": false,
        "delivery_partner": "256308f5-3abe-477d-92bc-9535d2e89f87",
        "shop": "b3196079-4664-424c-8a57-65c02a5da414",
        "shop_link": "https://www.zomato.com/sawantwadi/mind-space-coffee-house-sawantwadi-locality/order"
    }
},
{
    "model": "shops.shopdelivery",
    "pk": "63951cb3-40d1-4db4-a092-50d38cab3a52",
    "fields": {
        "auto_id": 3,
        "creator": 1,
        "updater": 1,
        "date_added": "2022-09-05T11:02:56.378Z",
        "date_updated": "2022-09-05T11:02:56.378Z",
        "is_deleted": false,
        "delivery_partner": "1755285e-14ed-462c-946c-c0a86459edbd",
        "shop": "5600daf9-d87c-4fb1-8a37-96a2866d7484",
        "shop_link": "https://www.swiggy.com/?utm_source=Google-Sok&utm_medium=CPC&utm_campaign=google_search_sok_food_na_narm_order_web_m_web_clubbed"
    }
},
{
    "model": "shops.shopdelivery",
    "pk": "7f321da0-2461-4723-a2d0-4995d8468f45",
    "fields": {
        "auto_id": 16,
        "creator": 1,
        "updater": 1,
        "date_added": "2022-09-20T10:51:13.077Z",
        "date_updated": "2022-09-20T10:51:13.077Z",
        "is_deleted": false,
        "delivery_partner": "1755285e-14ed-462c-946c-c0a86459edbd",
        "shop": "d4663394-c94c-4465-8779-1b9cfcb00e61",
        "shop_link": "https://www.google.com/search?q=somato++png+green&tbm=isch&ved=2ahUKEwj04LyYpPD5AhVi_DgGHUz2BugQ2-cCegQIABAA&oq=somato++png+gree"
    }
},
{
    "model": "shops.shopdelivery",
    "pk": "865610c9-e6ce-4294-86b7-d19b228171c1",
    "fields": {
        "auto_id": 14,
        "creator": 1,
        "updater": 1,
        "date_added": "2022-09-12T12:51:41.732Z",
        "date_updated": "2022-09-12T12:51:41.732Z",
        "is_deleted": false,
        "delivery_partner": "1755285e-14ed-462c-946c-c0a86459edbd",
        "shop": "ace47b2a-df92-4795-935a-06d2745d4717",
        "shop_link": "https://www.google.com/search?q=somato++png+green&tbm=isch&ved=2ahUKEwj04LyYpPD5AhVi_DgGHUz2BugQ2-cCegQIABAA&oq=somato++png+gree"
    }
},
{
    "model": "shops.shopdelivery",
    "pk": "8fb4cf3d-b773-4e7a-bc53-2e46fbc4dde8",
    "fields": {
        "auto_id": 17,
        "creator": 1,
        "updater": 1,
        "date_added": "2022-09-20T10:51:28.728Z",
        "date_updated": "2022-09-20T10:51:28.728Z",
        "is_deleted": false,
        "delivery_partner": "256308f5-3abe-477d-92bc-9535d2e89f87",
        "shop": "d4663394-c94c-4465-8779-1b9cfcb00e61",
        "shop_link": "https://www.google.com/search?q=swiggy+url&tbm=isch&ved=2ahUKEwj73JH7pI_6AhXmzaACHZ8EBNgQ2-cCegQIABAA&oq=swiggy+url&gs_lcp=CgNpb"
    }
},
{
    "model": "shops.shopdelivery",
    "pk": "97e9d335-391e-4403-954e-365e05301e83",
    "fields": {
        "auto_id": 1,
        "creator": 1,
        "updater": 1,
        "date_added": "2022-08-31T05:17:30.146Z",
        "date_updated": "2022-08-31T05:17:30.146Z",
        "is_deleted": true,
        "delivery_partner": "256308f5-3abe-477d-92bc-9535d2e89f87",
        "shop": "ace47b2a-df92-4795-935a-06d2745d4717",
        "shop_link": "http://zoma.to/r/19441633"
    }
},
{
    "model": "shops.shopdelivery",
    "pk": "9f5ca0d3-3335-4e58-b845-5d6574083b4c",
    "fields": {
        "auto_id": 6,
        "creator": 1,
        "updater": 1,
        "date_added": "2022-09-06T05:01:29.024Z",
        "date_updated": "2022-09-06T05:01:29.024Z",
        "is_deleted": false,
        "delivery_partner": "1755285e-14ed-462c-946c-c0a86459edbd",
        "shop": "7dd6b4ab-c880-493e-927c-70800f47c205",
        "shop_link": "https://www.swiggy.com/?utm_source=Google-Sok&utm_medium=CPC&utm_campaign=google_search_sok_food_na_narm_order_web_m_web_clubbed"
    }
},
{
    "model": "shops.shopdelivery",
    "pk": "b93cd250-57ec-4854-b597-a24ea3820a30",
    "fields": {
        "auto_id": 11,
        "creator": 1,
        "updater": 1,
        "date_added": "2022-09-06T05:25:58.829Z",
        "date_updated": "2022-09-06T05:25:58.829Z",
        "is_deleted": false,
        "delivery_partner": "1755285e-14ed-462c-946c-c0a86459edbd",
        "shop": "b3196079-4664-424c-8a57-65c02a5da414",
        "shop_link": "https://www.swiggy.com/?utm_source=Google-Sok&utm_medium=CPC&utm_campaign=google_search_sok_food_na_narm_order_web_m_web_clubbed"
    }
},
{
    "model": "shops.shopdelivery",
    "pk": "c625ee02-a07d-433f-90a4-7e3a529118fd",
    "fields": {
        "auto_id": 5,
        "creator": 1,
        "updater": 1,
        "date_added": "2022-09-05T12:06:57.634Z",
        "date_updated": "2022-09-05T12:06:57.634Z",
        "is_deleted": false,
        "delivery_partner": "256308f5-3abe-477d-92bc-9535d2e89f87",
        "shop": "41f5f4ad-8b60-4d83-bdd3-5b241ac39543",
        "shop_link": "https://www.zomato.com/sawantwadi/mind-space-coffee-house-sawantwadi-locality/order"
    }
},
{
    "model": "shops.shopdelivery",
    "pk": "c7fecf0f-429e-4542-8584-aa1d5df6733f",
    "fields": {
        "auto_id": 15,
        "creator": 1,
        "updater": 1,
        "date_added": "2022-09-12T12:51:58.273Z",
        "date_updated": "2022-09-12T12:51:58.273Z",
        "is_deleted": false,
        "delivery_partner": "256308f5-3abe-477d-92bc-9535d2e89f87",
        "shop": "ace47b2a-df92-4795-935a-06d2745d4717",
        "shop_link": "https://www.google.com/search?q=swiggy+url&tbm=isch&ved=2ahUKEwj73JH7pI_6AhXmzaACHZ8EBNgQ2-cCegQIABAA&oq=swiggy+url&gs_lcp=CgNpb"
    }
},
{
    "model": "shops.shopdelivery",
    "pk": "ca38cd33-f5bd-4906-9b8f-16e29b2972bd",
    "fields": {
        "auto_id": 13,
        "creator": 1,
        "updater": 1,
        "date_added": "2022-09-06T06:07:48.372Z",
        "date_updated": "2022-09-06T06:07:48.372Z",
        "is_deleted": false,
        "delivery_partner": "256308f5-3abe-477d-92bc-9535d2e89f87",
        "shop": "5a4954b1-70de-430e-a661-3b25e512f6d1",
        "shop_link": "https://www.zomato.com/sawantwadi/mind-space-coffee-house-sawantwadi-locality/order"
    }
},
{
    "model": "shops.shopdelivery",
    "pk": "de71533c-3712-4f4c-b404-a57daf022760",
    "fields": {
        "auto_id": 4,
        "creator": 1,
        "updater": 1,
        "date_added": "2022-09-05T12:06:06.984Z",
        "date_updated": "2022-09-05T12:06:06.984Z",
        "is_deleted": false,
        "delivery_partner": "1755285e-14ed-462c-946c-c0a86459edbd",
        "shop": "41f5f4ad-8b60-4d83-bdd3-5b241ac39543",
        "shop_link": "https://www.swiggy.com/?utm_source=Google-Sok&utm_medium=CPC&utm_campaign=google_search_sok_food_na_narm_order_web_m_web_clubbed"
    }
},
{
    "model": "shops.shopdelivery",
    "pk": "e9dc39e2-f6d8-46db-8318-98db444dbf2d",
    "fields": {
        "auto_id": 8,
        "creator": 1,
        "updater": 1,
        "date_added": "2022-09-06T05:14:09.574Z",
        "date_updated": "2022-09-06T05:14:09.574Z",
        "is_deleted": false,
        "delivery_partner": "1755285e-14ed-462c-946c-c0a86459edbd",
        "shop": "86dfe25a-5395-4280-8891-2c82b997a8aa",
        "shop_link": "https://www.swiggy.com/?utm_source=Google-Sok&utm_medium=CPC&utm_campaign=google_search_sok_food_na_narm_order_web_m_web_clubbed"
    }
},
{
    "model": "shops.moreoffer",
    "pk": "10d2a334-985b-44a5-8edb-2e5f8312d5f7",
    "fields": {
        "auto_id": 2,
        "creator": 1,
        "updater": 1,
        "date_added": "2022-08-31T05:16:32.114Z",
        "date_updated": "2022-08-31T05:16:32.114Z",
        "is_deleted": false,
        "shop": "ace47b2a-df92-4795-935a-06d2745d4717",
        "icon": "shops/per.png",
        "is_featured": false,
        "title": "15% off upto 150Rs",
        "description": " 150Rs off with first order in Zomato."
    }
},
{
    "model": "shops.moreoffer",
    "pk": "29c35f12-dfd9-4510-af50-34bf83e19dff",
    "fields": {
        "auto_id": 11,
        "creator": 1,
        "updater": 1,
        "date_added": "2022-09-06T05:55:50.050Z",
        "date_updated": "2022-09-06T05:55:50.050Z",
        "is_deleted": false,
        "shop": "d4663394-c94c-4465-8779-1b9cfcb00e61",
        "icon": "shops/tag_9D5hUrh.png",
        "is_featured": false,
        "title": "icici credit card",
        "description": "20% offer"
    }
},
{
    "model": "shops.moreoffer",
    "pk": "2a5de249-a935-4f66-a761-5d60ad4b778f",
    "fields": {
        "auto_id": 7,
        "creator": 1,
        "updater": 1,
        "date_added": "2022-09-06T04:55:01.942Z",
        "date_updated": "2022-09-06T04:55:01.942Z",
        "is_deleted": false,
        "shop": "5a4954b1-70de-430e-a661-3b25e512f6d1",
        "icon": "shops/offer.jpeg",
        "is_featured": false,
        "title": "sunday offer",
        "description": "15%"
    }
},
{
    "model": "shops.moreoffer",
    "pk": "2bd4e83e-3bf2-4bbc-9da3-17bc30395c81",
    "fields": {
        "auto_id": 4,
        "creator": 1,
        "updater": 1,
        "date_added": "2022-09-05T11:07:27.832Z",
        "date_updated": "2022-09-05T11:07:27.832Z",
        "is_deleted": false,
        "shop": "5600daf9-d87c-4fb1-8a37-96a2866d7484",
        "icon": "shops/per_aqvM8xd.png",
        "is_featured": false,
        "title": "mega offer",
        "description": "15%"
    }
},
{
    "model": "shops.moreoffer",
    "pk": "37cebdeb-375c-49bc-bc13-f19e40fb4296",
    "fields": {
        "auto_id": 10,
        "creator": 1,
        "updater": 1,
        "date_added": "2022-09-06T05:25:37.698Z",
        "date_updated": "2022-09-06T05:25:37.698Z",
        "is_deleted": false,
        "shop": "b3196079-4664-424c-8a57-65c02a5da414",
        "icon": "shops/offer_dIgmQTW.jpeg",
        "is_featured": false,
        "title": "sunday offer",
        "description": "20% off"
    }
},
{
    "model": "shops.moreoffer",
    "pk": "38aedca7-c546-45c5-aff2-57c207f91554",
    "fields": {
        "auto_id": 5,
        "creator": 1,
        "updater": 1,
        "date_added": "2022-09-05T12:16:45.008Z",
        "date_updated": "2022-09-05T12:17:42.551Z",
        "is_deleted": false,
        "shop": "41f5f4ad-8b60-4d83-bdd3-5b241ac39543",
        "icon": "shops/zinger.jpeg",
        "is_featured": false,
        "title": "15%",
        "description": "sunday offer"
    }
},
{
    "model": "shops.moreoffer",
    "pk": "59f93f12-c4bc-4af5-97ee-7f77c7370efa",
    "fields": {
        "auto_id": 13,
        "creator": 1,
        "updater": 1,
        "date_added": "2022-11-08T06:11:52.422Z",
        "date_updated": "2022-11-08T06:12:25.836Z",
        "is_deleted": false,
        "shop": "5a4954b1-70de-430e-a661-3b25e512f6d1",
        "icon": "shops/offer.webp",
        "is_featured": false,
        "title": "Special Offer",
        "description": "30%"
    }
},
{
    "model": "shops.moreoffer",
    "pk": "72eafab3-4cc6-4b15-a329-ecf094ddda89",
    "fields": {
        "auto_id": 1,
        "creator": 1,
        "updater": 1,
        "date_added": "2022-08-31T05:15:55.921Z",
        "date_updated": "2022-08-31T05:15:55.921Z",
        "is_deleted": false,
        "shop": "ace47b2a-df92-4795-935a-06d2745d4717",
        "icon": "shops/tag.png",
        "is_featured": false,
        "title": "ICICI Credit Card Offer",
        "description": " 25% off with ICICI credit card."
    }
},
{
    "model": "shops.moreoffer",
    "pk": "838293c2-a272-4cde-8b94-bbde80650ebe",
    "fields": {
        "auto_id": 8,
        "creator": 1,
        "updater": 1,
        "date_added": "2022-09-06T04:56:53.574Z",
        "date_updated": "2022-09-06T04:56:53.574Z",
        "is_deleted": false,
        "shop": "7dd6b4ab-c880-493e-927c-70800f47c205",
        "icon": "shops/offer_YgFORva.jpeg",
        "is_featured": false,
        "title": "sunday offer",
        "description": "15%"
    }
},
{
    "model": "shops.moreoffer",
    "pk": "cde443ea-77be-40fe-9546-3f1e265c81e1",
    "fields": {
        "auto_id": 6,
        "creator": 1,
        "updater": 1,
        "date_added": "2022-09-06T04:54:16.363Z",
        "date_updated": "2022-11-07T06:57:52.740Z",
        "is_deleted": false,
        "shop": "5a4954b1-70de-430e-a661-3b25e512f6d1",
        "icon": "shops/3_d0b64WV.png",
        "is_featured": false,
        "title": "sunday offer",
        "description": "15%"
    }
},
{
    "model": "shops.moreoffer",
    "pk": "d89d57a0-add6-4df5-bb9c-1426eedf541f",
    "fields": {
        "auto_id": 12,
        "creator": 1,
        "updater": 1,
        "date_added": "2022-09-06T05:58:53.873Z",
        "date_updated": "2022-09-06T05:58:53.873Z",
        "is_deleted": false,
        "shop": "d4663394-c94c-4465-8779-1b9cfcb00e61",
        "icon": "shops/25.jpeg",
        "is_featured": false,
        "title": "icic credit card",
        "description": "25% offer"
    }
},
{
    "model": "shops.moreoffer",
    "pk": "d948c77e-8083-4774-a4d9-bb12a5dbc4ef",
    "fields": {
        "auto_id": 9,
        "creator": 1,
        "updater": 1,
        "date_added": "2022-09-06T05:13:55.610Z",
        "date_updated": "2022-09-06T05:13:55.611Z",
        "is_deleted": false,
        "shop": "86dfe25a-5395-4280-8891-2c82b997a8aa",
        "icon": "shops/gl2_gZ6nCCu.jpeg",
        "is_featured": false,
        "title": "sunday offer",
        "description": "20%"
    }
},
{
    "model": "shops.moreoffer",
    "pk": "f321bad0-8804-4629-8531-2cdd7f126579",
    "fields": {
        "auto_id": 3,
        "creator": 1,
        "updater": 1,
        "date_added": "2022-08-31T05:17:04.879Z",
        "date_updated": "2022-08-31T05:17:04.879Z",
        "is_deleted": false,
        "shop": "ace47b2a-df92-4795-935a-06d2745d4717",
        "icon": "shops/3.png",
        "is_featured": false,
        "title": "20 % off upto 150Rs",
        "description": " 150Rs off with first order in Swiggy"
    }
},
{
    "model": "shops.shopoffer",
    "pk": "0b6037a7-eae8-4ffe-8c7c-60e25f0bcdb3",
    "fields": {
        "auto_id": 5,
        "creator": 1,
        "updater": 1,
        "date_added": "2022-08-30T09:25:26.009Z",
        "date_updated": "2022-08-30T09:25:26.009Z",
        "is_deleted": false,
        "shop": "ace47b2a-df92-4795-935a-06d2745d4717",
        "image": "shops/c2image.jpeg",
        "title": "90& 95% offers",
        "start_date": null,
        "end_date": null,
        "is_active": true
    }
},
{
    "model": "shops.shopoffer",
    "pk": "1145c6ad-f51f-48ba-a9c7-cdd1790ed82f",
    "fields": {
        "auto_id": 4,
        "creator": 1,
        "updater": 1,
        "date_added": "2022-08-27T08:44:50.773Z",
        "date_updated": "2022-09-28T11:19:59.292Z",
        "is_deleted": false,
        "shop": "d4663394-c94c-4465-8779-1b9cfcb00e61",
        "image": "shops/fourth_ffUlMdp.png",
        "title": "Upto 30% offer",
        "start_date": "2022-09-27T18:30:00Z",
        "end_date": "2022-12-22T18:30:00Z",
        "is_active": true
    }
},
{
    "model": "shops.shopoffer",
    "pk": "1c742476-88c1-4c5e-89b0-73240df49da5",
    "fields": {
        "auto_id": 2,
        "creator": 1,
        "updater": 1,
        "date_added": "2022-08-27T08:44:25.459Z",
        "date_updated": "2022-09-15T08:51:50.153Z",
        "is_deleted": false,
        "shop": "98387e4a-c061-4437-a623-3d0fbdf033be",
        "image": "shops/second_7pPOerB.png",
        "title": "Upto 30% offer",
        "start_date": null,
        "end_date": null,
        "is_active": true
    }
},
{
    "model": "shops.shopoffer",
    "pk": "670587bb-990a-47ec-8022-c862e8fa05ce",
    "fields": {
        "auto_id": 3,
        "creator": 1,
        "updater": 1,
        "date_added": "2022-08-27T08:44:38.233Z",
        "date_updated": "2022-10-11T04:33:17.286Z",
        "is_deleted": false,
        "shop": "5620d27a-c16f-4792-8cb4-f221128e8696",
        "image": "shops/third_yUbypiI.png",
        "title": "Upto 30% offer",
        "start_date": "2022-09-22T11:20:00Z",
        "end_date": "2022-11-09T11:20:00Z",
        "is_active": false
    }
},
{
    "model": "shops.shopoffer",
    "pk": "9e624602-17cd-4d93-aa30-e7f816b8344a",
    "fields": {
        "auto_id": 9,
        "creator": 1,
        "updater": 1,
        "date_added": "2022-11-07T06:59:12.913Z",
        "date_updated": "2022-11-07T06:59:12.913Z",
        "is_deleted": false,
        "shop": "5a4954b1-70de-430e-a661-3b25e512f6d1",
        "image": "shops/kfc-leipzig-92529608.jpg",
        "title": "60%",
        "start_date": "2022-11-07T05:30:00Z",
        "end_date": "2023-01-18T20:00:00Z",
        "is_active": true
    }
},
{
    "model": "shops.shopoffer",
    "pk": "a3f6f2f2-60d7-456d-b480-d613f7ec6908",
    "fields": {
        "auto_id": 6,
        "creator": 1,
        "updater": 1,
        "date_added": "2022-09-12T13:09:48.848Z",
        "date_updated": "2022-10-11T04:49:50.651Z",
        "is_deleted": false,
        "shop": "5600daf9-d87c-4fb1-8a37-96a2866d7484",
        "image": "shops/lily-banse--YHSwy6uqvk-unsplash.jpg",
        "title": "10% 0ffer",
        "start_date": "2022-10-11T04:43:00Z",
        "end_date": "2022-12-31T04:43:00Z",
        "is_active": true
    }
},
{
    "model": "shops.shopoffer",
    "pk": "aa845f0c-5638-444e-a533-7a25a58dfd89",
    "fields": {
        "auto_id": 8,
        "creator": 1,
        "updater": 1,
        "date_added": "2022-09-22T06:35:38.389Z",
        "date_updated": "2022-09-28T11:05:21.981Z",
        "is_deleted": false,
        "shop": "98387e4a-c061-4437-a623-3d0fbdf033be",
        "image": "shops/imfh.jpeg",
        "title": "50% above 400 Purchase",
        "start_date": "2022-09-28T11:04:00Z",
        "end_date": "2023-10-29T11:05:00Z",
        "is_active": true
    }
},
{
    "model": "shops.shopoffer",
    "pk": "b9e67ecd-f69b-4b69-9eec-06769f0bfe3b",
    "fields": {
        "auto_id": 7,
        "creator": 1,
        "updater": 1,
        "date_added": "2022-09-15T08:52:58.043Z",
        "date_updated": "2022-09-28T11:05:54.040Z",
        "is_deleted": false,
        "shop": "ace47b2a-df92-4795-935a-06d2745d4717",
        "image": "shops/2bhtr91_W8N7m19.jpeg",
        "title": "70% Upto Offer",
        "start_date": "2022-09-01T11:05:00Z",
        "end_date": "2022-12-23T11:05:00Z",
        "is_active": true
    }
},
{
    "model": "shops.shopoffer",
    "pk": "c518068d-08cc-4bb8-b933-2ed4fc1f4130",
    "fields": {
        "auto_id": 1,
        "creator": 1,
        "updater": 1,
        "date_added": "2022-08-27T08:41:45.642Z",
        "date_updated": "2022-09-12T13:09:16.132Z",
        "is_deleted": false,
        "shop": "ace47b2a-df92-4795-935a-06d2745d4717",
        "image": "shops/2bhtr91_JdBwQqF.jpeg",
        "title": "Upto 30% offer",
        "start_date": null,
        "end_date": null,
        "is_active": true
    }
},
{
    "model": "shops.brandoffer",
    "pk": "04e39a34-f462-44e6-bd12-af3149ac9771",
    "fields": {
        "auto_id": 3,
        "creator": 1,
        "updater": 1,
        "date_added": "2022-08-27T08:42:56.724Z",
        "date_updated": "2022-10-11T04:41:23.759Z",
        "is_deleted": false,
        "brand": "93ed8291-bacd-40b4-903d-6d66c8cf4146",
        "image": "shops/third.png",
        "title": "30% Offer",
        "start_date": "2022-10-11T04:41:00Z",
        "end_date": "2022-11-11T04:41:00Z",
        "is_active": false
    }
},
{
    "model": "shops.brandoffer",
    "pk": "07485cb8-e486-47d6-a7f8-1b1fcb2aecdf",
    "fields": {
        "auto_id": 2,
        "creator": 1,
        "updater": 1,
        "date_added": "2022-08-27T08:42:40.188Z",
        "date_updated": "2022-08-27T08:42:40.188Z",
        "is_deleted": false,
        "brand": "74e1c7a3-344c-4454-ab65-7b7a743d6241",
        "image": "shops/second.png",
        "title": "30% Offer",
        "start_date": null,
        "end_date": null,
        "is_active": true
    }
},
{
    "model": "shops.brandoffer",
    "pk": "0b6cfdce-91ea-40e7-bb35-05a77d82fab5",
    "fields": {
        "auto_id": 4,
        "creator": 1,
        "updater": 1,
        "date_added": "2022-08-27T08:43:12.909Z",
        "date_updated": "2022-09-28T11:24:55.643Z",
        "is_deleted": false,
        "brand": "963dcf4e-d2c8-4af4-9738-ff4cb8d4f6ac",
        "image": "shops/fourth.png",
        "title": "30% Offer",
        "start_date": "2022-09-28T11:24:00Z",
        "end_date": "2022-12-28T11:24:00Z",
        "is_active": true
    }
},
{
    "model": "shops.brandoffer",
    "pk": "6077bf9f-2bd4-4d38-b0a3-1df6513ff932",
    "fields": {
        "auto_id": 1,
        "creator": 1,
        "updater": 1,
        "date_added": "2022-08-27T08:42:24.398Z",
        "date_updated": "2022-08-27T08:42:24.398Z",
        "is_deleted": false,
        "brand": "0cb49867-7cce-407b-a3d1-4774641e7e06",
        "image": "shops/first_RL7wNms.png",
        "title": "30% Offer",
        "start_date": null,
        "end_date": null,
        "is_active": true
    }
},
{
    "model": "shops.brandoffer",
    "pk": "b562041c-91ac-408c-b2f8-e25797c1d174",
    "fields": {
        "auto_id": 6,
        "creator": 1,
        "updater": 1,
        "date_added": "2022-08-27T08:43:43.727Z",
        "date_updated": "2022-09-28T11:23:21.328Z",
        "is_deleted": false,
        "brand": "93ed8291-bacd-40b4-903d-6d66c8cf4146",
        "image": "shops/sixth.png",
        "title": "30% Offer",
        "start_date": "2022-09-28T11:23:00Z",
        "end_date": "2022-12-04T11:23:00Z",
        "is_active": false
    }
},
{
    "model": "shops.brandoffer",
    "pk": "f633383a-1ad0-4bb2-aaf5-0a519ef26d17",
    "fields": {
        "auto_id": 5,
        "creator": 1,
        "updater": 1,
        "date_added": "2022-08-27T08:43:28.922Z",
        "date_updated": "2022-09-28T11:23:47.624Z",
        "is_deleted": false,
        "brand": "dbeb670a-951a-4829-8c9f-cb0cd037be2e",
        "image": "shops/fifth.png",
        "title": "30% Offer",
        "start_date": "2022-09-27T11:23:00Z",
        "end_date": "2023-10-31T11:23:00Z",
        "is_active": true
    }
},
{
    "model": "shops.shopadmin",
    "pk": "de46f6be-a97d-4990-a521-b198383fd2b8",
    "fields": {
        "auto_id": 1,
        "creator": 1,
        "updater": 1,
        "date_added": "2022-09-20T10:41:48.836Z",
        "date_updated": "2022-09-20T10:41:48.837Z",
        "is_deleted": false,
        "shop": "ace47b2a-df92-4795-935a-06d2745d4717",
        "user": 17,
        "password": "admin!@#",
        "permission": [
            11,
            12,
            13,
            14,
            15,
            16,
            17,
            18,
            19,
            20,
            21,
            22,
            23,
            24,
            25,
            26,
            27,
            28,
            29,
            30
        ]
    }
},
{
    "model": "shops.shopfacility",
    "pk": "01c07579-6b69-4e93-b7e0-6be64d9e46cb",
    "fields": {
        "auto_id": 27,
        "creator": 1,
        "updater": 1,
        "date_added": "2022-09-06T05:26:19.833Z",
        "date_updated": "2022-09-06T05:26:19.833Z",
        "is_deleted": false,
        "shop": "b3196079-4664-424c-8a57-65c02a5da414",
        "facility": "6e20601b-1014-4874-a9ce-bc07a8ee813b",
        "description": "",
        "image_1": "",
        "image_2": "",
        "image_3": ""
    }
},
{
    "model": "shops.shopfacility",
    "pk": "12b51026-ac36-4833-beb8-5dbafff84c37",
    "fields": {
        "auto_id": 20,
        "creator": 1,
        "updater": 1,
        "date_added": "2022-09-06T05:14:34.566Z",
        "date_updated": "2022-09-06T05:14:34.566Z",
        "is_deleted": false,
        "shop": "86dfe25a-5395-4280-8891-2c82b997a8aa",
        "facility": "5ece46d2-5ac9-4d49-a6ea-6148601cb84f",
        "description": "",
        "image_1": "",
        "image_2": "",
        "image_3": ""
    }
},
{
    "model": "shops.shopfacility",
    "pk": "165898ee-643b-493b-adec-1722755e4e27",
    "fields": {
        "auto_id": 9,
        "creator": 1,
        "updater": 1,
        "date_added": "2022-09-05T11:05:27.051Z",
        "date_updated": "2022-09-05T11:05:27.051Z",
        "is_deleted": false,
        "shop": "5600daf9-d87c-4fb1-8a37-96a2866d7484",
        "facility": "b9783283-0129-4fd1-831c-05677cc49f10",
        "description": "",
        "image_1": "",
        "image_2": "",
        "image_3": ""
    }
},
{
    "model": "shops.shopfacility",
    "pk": "2820101d-4d89-4c94-b43b-ab95c1211db3",
    "fields": {
        "auto_id": 16,
        "creator": 1,
        "updater": 1,
        "date_added": "2022-09-06T05:02:17.335Z",
        "date_updated": "2022-09-06T05:02:17.335Z",
        "is_deleted": false,
        "shop": "7dd6b4ab-c880-493e-927c-70800f47c205",
        "facility": "7dc640eb-4d11-4cd4-aa63-d5a57d29e4f9",
        "description": "",
        "image_1": "",
        "image_2": "",
        "image_3": ""
    }
},
{
    "model": "shops.shopfacility",
    "pk": "31af2481-e4af-4b64-8698-64fd5a446830",
    "fields": {
        "auto_id": 35,
        "creator": 1,
        "updater": 1,
        "date_added": "2022-09-06T06:08:28.021Z",
        "date_updated": "2022-09-06T06:08:28.021Z",
        "is_deleted": false,
        "shop": "5a4954b1-70de-430e-a661-3b25e512f6d1",
        "facility": "b9783283-0129-4fd1-831c-05677cc49f10",
        "description": "",
        "image_1": "",
        "image_2": "",
        "image_3": ""
    }
},
{
    "model": "shops.shopfacility",
    "pk": "36c52a98-472e-44aa-9802-d2105a7a3c4d",
    "fields": {
        "auto_id": 6,
        "creator": 1,
        "updater": 1,
        "date_added": "2022-09-05T11:04:13.206Z",
        "date_updated": "2022-09-05T11:04:13.207Z",
        "is_deleted": false,
        "shop": "5600daf9-d87c-4fb1-8a37-96a2866d7484",
        "facility": "7dc640eb-4d11-4cd4-aa63-d5a57d29e4f9",
        "description": "",
        "image_1": "",
        "image_2": "",
        "image_3": ""
    }
},
{
    "model": "shops.shopfacility",
    "pk": "38ac09f0-f186-4f75-b4a2-d60aaf249a1c",
    "fields": {
        "auto_id": 34,
        "creator": 1,
        "updater": 1,
        "date_added": "2022-09-06T06:08:18.740Z",
        "date_updated": "2022-09-06T06:08:18.740Z",
        "is_deleted": false,
        "shop": "5a4954b1-70de-430e-a661-3b25e512f6d1",
        "facility": "7dc640eb-4d11-4cd4-aa63-d5a57d29e4f9",
        "description": "",
        "image_1": "",
        "image_2": "",
        "image_3": ""
    }
},
{
    "model": "shops.shopfacility",
    "pk": "38ee3777-8d8f-4efa-8497-786723b7e028",
    "fields": {
        "auto_id": 2,
        "creator": 1,
        "updater": 1,
        "date_added": "2022-08-31T05:18:53.358Z",
        "date_updated": "2022-08-31T05:18:53.358Z",
        "is_deleted": false,
        "shop": "ace47b2a-df92-4795-935a-06d2745d4717",
        "facility": "6e20601b-1014-4874-a9ce-bc07a8ee813b",
        "description": "",
        "image_1": "",
        "image_2": "",
        "image_3": ""
    }
},
{
    "model": "shops.shopfacility",
    "pk": "3a9638e6-3ab0-47c5-a69c-6ab93e21d9cc",
    "fields": {
        "auto_id": 21,
        "creator": 1,
        "updater": 1,
        "date_added": "2022-09-06T05:14:45.224Z",
        "date_updated": "2022-09-06T05:14:45.224Z",
        "is_deleted": false,
        "shop": "86dfe25a-5395-4280-8891-2c82b997a8aa",
        "facility": "6e20601b-1014-4874-a9ce-bc07a8ee813b",
        "description": "",
        "image_1": "",
        "image_2": "",
        "image_3": ""
    }
},
{
    "model": "shops.shopfacility",
    "pk": "3be072a1-e879-4838-bf7e-7db0f4806ff3",
    "fields": {
        "auto_id": 19,
        "creator": 1,
        "updater": 1,
        "date_added": "2022-09-06T05:02:54.114Z",
        "date_updated": "2022-09-06T05:02:54.114Z",
        "is_deleted": false,
        "shop": "7dd6b4ab-c880-493e-927c-70800f47c205",
        "facility": "294d55c6-eaf2-47ef-af3c-0c06a8d75d87",
        "description": "",
        "image_1": "",
        "image_2": "",
        "image_3": ""
    }
},
{
    "model": "shops.shopfacility",
    "pk": "3c0a56b7-7fbd-46e9-bb55-bde561c0ec6c",
    "fields": {
        "auto_id": 1,
        "creator": 1,
        "updater": 1,
        "date_added": "2022-08-30T07:08:41.990Z",
        "date_updated": "2022-09-13T09:35:34.263Z",
        "is_deleted": false,
        "shop": "ace47b2a-df92-4795-935a-06d2745d4717",
        "facility": "5ece46d2-5ac9-4d49-a6ea-6148601cb84f",
        "description": "Fusce vitae laoreet ligula. Vestibulum quis luctus nisi, eget ornare urna. Phasellus cursus ultrices neque porttitor eleifend. Proin egestas imperdiet dolor, at fringilla nulla vestibulum in. Ut dapibus enim a sodales ultrices. Vestibulum vehicula bibendu",
        "image_1": "shops/2bhtr91_d18TP7s.jpeg",
        "image_2": "shops/images_Ek4bqJC.jpeg",
        "image_3": "shops/51618_7323624_1442230_c91dc92a_image_ruVuPcR.jpeg"
    }
},
{
    "model": "shops.shopfacility",
    "pk": "3c2b0b4a-c6a2-4c96-9410-05b5cb9957d2",
    "fields": {
        "auto_id": 13,
        "creator": 1,
        "updater": 1,
        "date_added": "2022-09-05T12:08:20.257Z",
        "date_updated": "2022-09-05T12:08:20.257Z",
        "is_deleted": false,
        "shop": "41f5f4ad-8b60-4d83-bdd3-5b241ac39543",
        "facility": "13c03892-70ea-4d3b-a709-fb3690cd8b65",
        "description": "",
        "image_1": "",
        "image_2": "",
        "image_3": ""
    }
},
{
    "model": "shops.shopfacility",
    "pk": "421bdcb5-dafc-4ae4-9268-55791ea54dd6",
    "fields": {
        "auto_id": 10,
        "creator": 1,
        "updater": 1,
        "date_added": "2022-09-05T11:05:46.107Z",
        "date_updated": "2022-09-05T11:05:46.107Z",
        "is_deleted": false,
        "shop": "5600daf9-d87c-4fb1-8a37-96a2866d7484",
        "facility": "490318e7-30ed-4cd8-a00c-673661271c7e",
        "description": "",
        "image_1": "",
        "image_2": "",
        "image_3": ""
    }
},
{
    "model": "shops.shopfacility",
    "pk": "49be09ea-d95c-49bc-8bde-574e1d58b4fa",
    "fields": {
        "auto_id": 24,
        "creator": 1,
        "updater": 1,
        "date_added": "2022-09-06T05:15:17.532Z",
        "date_updated": "2022-09-06T05:15:17.532Z",
        "is_deleted": false,
        "shop": "86dfe25a-5395-4280-8891-2c82b997a8aa",
        "facility": "1dd95b46-b342-4d6c-962c-6bdedfcb0fa3",
        "description": "",
        "image_1": "",
        "image_2": "",
        "image_3": ""
    }
},
{
    "model": "shops.shopfacility",
    "pk": "4a32aaa8-66f9-47cf-96ed-76ca88b971c0",
    "fields": {
        "auto_id": 14,
        "creator": 1,
        "updater": 1,
        "date_added": "2022-09-06T05:01:57.849Z",
        "date_updated": "2022-09-06T05:01:57.849Z",
        "is_deleted": false,
        "shop": "7dd6b4ab-c880-493e-927c-70800f47c205",
        "facility": "5ece46d2-5ac9-4d49-a6ea-6148601cb84f",
        "description": "",
        "image_1": "",
        "image_2": "",
        "image_3": ""
    }
},
{
    "model": "shops.shopfacility",
    "pk": "521dcfe2-cc2f-4161-83ed-87a589ce92b4",
    "fields": {
        "auto_id": 26,
        "creator": 1,
        "updater": 1,
        "date_added": "2022-09-06T05:26:08.137Z",
        "date_updated": "2022-09-06T05:26:08.137Z",
        "is_deleted": false,
        "shop": "b3196079-4664-424c-8a57-65c02a5da414",
        "facility": "5ece46d2-5ac9-4d49-a6ea-6148601cb84f",
        "description": "",
        "image_1": "",
        "image_2": "",
        "image_3": ""
    }
},
{
    "model": "shops.shopfacility",
    "pk": "65ca0568-5087-48cd-a5ee-59c3342d7524",
    "fields": {
        "auto_id": 11,
        "creator": 1,
        "updater": 1,
        "date_added": "2022-09-05T12:07:10.436Z",
        "date_updated": "2022-09-05T12:07:10.436Z",
        "is_deleted": false,
        "shop": "41f5f4ad-8b60-4d83-bdd3-5b241ac39543",
        "facility": "6e20601b-1014-4874-a9ce-bc07a8ee813b",
        "description": "",
        "image_1": "",
        "image_2": "",
        "image_3": ""
    }
},
{
    "model": "shops.shopfacility",
    "pk": "66754a2b-6e7c-48a5-b659-d8d5916d78d2",
    "fields": {
        "auto_id": 32,
        "creator": 1,
        "updater": 1,
        "date_added": "2022-09-06T06:08:00.292Z",
        "date_updated": "2022-09-06T06:08:00.292Z",
        "is_deleted": false,
        "shop": "5a4954b1-70de-430e-a661-3b25e512f6d1",
        "facility": "5ece46d2-5ac9-4d49-a6ea-6148601cb84f",
        "description": "",
        "image_1": "",
        "image_2": "",
        "image_3": ""
    }
},
{
    "model": "shops.shopfacility",
    "pk": "67f07d68-e949-4c7a-90d5-68537741680d",
    "fields": {
        "auto_id": 3,
        "creator": 1,
        "updater": 1,
        "date_added": "2022-08-31T05:19:03.928Z",
        "date_updated": "2022-08-31T05:19:03.928Z",
        "is_deleted": false,
        "shop": "ace47b2a-df92-4795-935a-06d2745d4717",
        "facility": "7dc640eb-4d11-4cd4-aa63-d5a57d29e4f9",
        "description": "",
        "image_1": "",
        "image_2": "",
        "image_3": ""
    }
},
{
    "model": "shops.shopfacility",
    "pk": "6fb01537-0dde-405c-8a6d-96f5a9650362",
    "fields": {
        "auto_id": 36,
        "creator": 1,
        "updater": 1,
        "date_added": "2022-09-06T06:08:37.819Z",
        "date_updated": "2022-09-06T06:08:37.819Z",
        "is_deleted": false,
        "shop": "5a4954b1-70de-430e-a661-3b25e512f6d1",
        "facility": "1dd95b46-b342-4d6c-962c-6bdedfcb0fa3",
        "description": "",
        "image_1": "",
        "image_2": "",
        "image_3": ""
    }
},
{
    "model": "shops.shopfacility",
    "pk": "7009fb3c-44d7-4864-aded-5eb07dfded0e",
    "fields": {
        "auto_id": 8,
        "creator": 1,
        "updater": 1,
        "date_added": "2022-09-05T11:04:42.270Z",
        "date_updated": "2022-09-05T11:04:42.270Z",
        "is_deleted": false,
        "shop": "5600daf9-d87c-4fb1-8a37-96a2866d7484",
        "facility": "13c03892-70ea-4d3b-a709-fb3690cd8b65",
        "description": "",
        "image_1": "",
        "image_2": "",
        "image_3": ""
    }
},
{
    "model": "shops.shopfacility",
    "pk": "773e98fe-736b-4d8a-b3e2-c4e9bfa18582",
    "fields": {
        "auto_id": 12,
        "creator": 1,
        "updater": 1,
        "date_added": "2022-09-05T12:07:20.489Z",
        "date_updated": "2022-09-05T12:07:20.489Z",
        "is_deleted": false,
        "shop": "41f5f4ad-8b60-4d83-bdd3-5b241ac39543",
        "facility": "b9783283-0129-4fd1-831c-05677cc49f10",
        "description": "",
        "image_1": "",
        "image_2": "",
        "image_3": ""
    }
},
{
    "model": "shops.shopfacility",
    "pk": "811e5947-8e4d-496a-8dd6-f18541b7eefe",
    "fields": {
        "auto_id": 31,
        "creator": 1,
        "updater": 1,
        "date_added": "2022-09-06T05:28:18.914Z",
        "date_updated": "2022-09-06T05:28:18.914Z",
        "is_deleted": false,
        "shop": "b3196079-4664-424c-8a57-65c02a5da414",
        "facility": "490318e7-30ed-4cd8-a00c-673661271c7e",
        "description": "",
        "image_1": "",
        "image_2": "",
        "image_3": ""
    }
},
{
    "model": "shops.shopfacility",
    "pk": "8241398c-8a6e-4ef3-ad5e-f926d42d81d4",
    "fields": {
        "auto_id": 15,
        "creator": 1,
        "updater": 1,
        "date_added": "2022-09-06T05:02:07.612Z",
        "date_updated": "2022-09-06T05:02:07.612Z",
        "is_deleted": false,
        "shop": "7dd6b4ab-c880-493e-927c-70800f47c205",
        "facility": "6e20601b-1014-4874-a9ce-bc07a8ee813b",
        "description": "",
        "image_1": "",
        "image_2": "",
        "image_3": ""
    }
},
{
    "model": "shops.shopfacility",
    "pk": "8d5186fb-4aba-4287-b3fe-22d2174ed784",
    "fields": {
        "auto_id": 22,
        "creator": 1,
        "updater": 1,
        "date_added": "2022-09-06T05:14:53.929Z",
        "date_updated": "2022-09-06T05:14:53.929Z",
        "is_deleted": false,
        "shop": "86dfe25a-5395-4280-8891-2c82b997a8aa",
        "facility": "7dc640eb-4d11-4cd4-aa63-d5a57d29e4f9",
        "description": "",
        "image_1": "",
        "image_2": "",
        "image_3": ""
    }
},
{
    "model": "shops.shopfacility",
    "pk": "910a1b45-4e14-4316-b68f-412afbb77369",
    "fields": {
        "auto_id": 30,
        "creator": 1,
        "updater": 1,
        "date_added": "2022-09-06T05:27:12.263Z",
        "date_updated": "2022-09-06T05:27:25.467Z",
        "is_deleted": false,
        "shop": "b3196079-4664-424c-8a57-65c02a5da414",
        "facility": "13c03892-70ea-4d3b-a709-fb3690cd8b65",
        "description": "",
        "image_1": "",
        "image_2": "",
        "image_3": ""
    }
},
{
    "model": "shops.shopfacility",
    "pk": "914aacd5-0c69-4163-9c87-ca9f4bf2c028",
    "fields": {
        "auto_id": 17,
        "creator": 1,
        "updater": 1,
        "date_added": "2022-09-06T05:02:28.788Z",
        "date_updated": "2022-09-06T05:02:28.788Z",
        "is_deleted": false,
        "shop": "7dd6b4ab-c880-493e-927c-70800f47c205",
        "facility": "b9783283-0129-4fd1-831c-05677cc49f10",
        "description": "",
        "image_1": "",
        "image_2": "",
        "image_3": ""
    }
},
{
    "model": "shops.shopfacility",
    "pk": "b637677f-bb19-4925-b916-6142d8beab5c",
    "fields": {
        "auto_id": 28,
        "creator": 1,
        "updater": 1,
        "date_added": "2022-09-06T05:26:52.776Z",
        "date_updated": "2022-09-06T05:26:52.777Z",
        "is_deleted": false,
        "shop": "b3196079-4664-424c-8a57-65c02a5da414",
        "facility": "7dc640eb-4d11-4cd4-aa63-d5a57d29e4f9",
        "description": "",
        "image_1": "",
        "image_2": "",
        "image_3": ""
    }
},
{
    "model": "shops.shopfacility",
    "pk": "b7360464-acac-49d9-a38b-d2650c1abaf7",
    "fields": {
        "auto_id": 37,
        "creator": 1,
        "updater": 1,
        "date_added": "2022-09-06T06:08:50.010Z",
        "date_updated": "2022-09-06T06:08:50.010Z",
        "is_deleted": false,
        "shop": "5a4954b1-70de-430e-a661-3b25e512f6d1",
        "facility": "13c03892-70ea-4d3b-a709-fb3690cd8b65",
        "description": "",
        "image_1": "",
        "image_2": "",
        "image_3": ""
    }
},
{
    "model": "shops.shopfacility",
    "pk": "ba3ad441-3522-4845-9f12-a0113ac48f22",
    "fields": {
        "auto_id": 25,
        "creator": 1,
        "updater": 1,
        "date_added": "2022-09-06T05:15:31.278Z",
        "date_updated": "2022-09-06T05:15:31.278Z",
        "is_deleted": false,
        "shop": "86dfe25a-5395-4280-8891-2c82b997a8aa",
        "facility": "fe0c2ef4-5eb0-4bdb-be23-f7d8b255c076",
        "description": "",
        "image_1": "",
        "image_2": "",
        "image_3": ""
    }
},
{
    "model": "shops.shopfacility",
    "pk": "bf87b9f6-152f-4135-af64-f92105ce9159",
    "fields": {
        "auto_id": 4,
        "creator": 1,
        "updater": 1,
        "date_added": "2022-09-05T09:28:29.615Z",
        "date_updated": "2022-09-05T09:28:29.615Z",
        "is_deleted": false,
        "shop": "ace47b2a-df92-4795-935a-06d2745d4717",
        "facility": "1dd95b46-b342-4d6c-962c-6bdedfcb0fa3",
        "description": "",
        "image_1": "",
        "image_2": "",
        "image_3": ""
    }
},
{
    "model": "shops.shopfacility",
    "pk": "d1cdba8a-eb67-47bf-9974-e19bb9e5a7e7",
    "fields": {
        "auto_id": 29,
        "creator": 1,
        "updater": 1,
        "date_added": "2022-09-06T05:27:03.183Z",
        "date_updated": "2022-09-06T05:27:03.183Z",
        "is_deleted": false,
        "shop": "b3196079-4664-424c-8a57-65c02a5da414",
        "facility": "1dd95b46-b342-4d6c-962c-6bdedfcb0fa3",
        "description": "",
        "image_1": "",
        "image_2": "",
        "image_3": ""
    }
},
{
    "model": "shops.shopfacility",
    "pk": "da4da9a0-de9d-41fc-a5e4-46cfeadfa343",
    "fields": {
        "auto_id": 5,
        "creator": 1,
        "updater": 1,
        "date_added": "2022-09-05T11:04:01.129Z",
        "date_updated": "2022-09-05T11:04:01.129Z",
        "is_deleted": false,
        "shop": "5600daf9-d87c-4fb1-8a37-96a2866d7484",
        "facility": "5ece46d2-5ac9-4d49-a6ea-6148601cb84f",
        "description": "",
        "image_1": "",
        "image_2": "",
        "image_3": ""
    }
},
{
    "model": "shops.shopfacility",
    "pk": "e230a9ff-1955-4f66-b2ae-e8bdd6c3f2b2",
    "fields": {
        "auto_id": 7,
        "creator": 1,
        "updater": 1,
        "date_added": "2022-09-05T11:04:25.069Z",
        "date_updated": "2022-09-05T11:04:25.069Z",
        "is_deleted": false,
        "shop": "5600daf9-d87c-4fb1-8a37-96a2866d7484",
        "facility": "1dd95b46-b342-4d6c-962c-6bdedfcb0fa3",
        "description": "",
        "image_1": "",
        "image_2": "",
        "image_3": ""
    }
},
{
    "model": "shops.shopfacility",
    "pk": "e3e12bc9-a327-42d5-8b5a-dfcf57f4ea84",
    "fields": {
        "auto_id": 33,
        "creator": 1,
        "updater": 1,
        "date_added": "2022-09-06T06:08:10.327Z",
        "date_updated": "2022-09-06T06:08:10.327Z",
        "is_deleted": false,
        "shop": "5a4954b1-70de-430e-a661-3b25e512f6d1",
        "facility": "6e20601b-1014-4874-a9ce-bc07a8ee813b",
        "description": "",
        "image_1": "",
        "image_2": "",
        "image_3": ""
    }
},
{
    "model": "shops.shopfacility",
    "pk": "e593705e-f01f-4940-963b-c527d3053358",
    "fields": {
        "auto_id": 23,
        "creator": 1,
        "updater": 1,
        "date_added": "2022-09-06T05:15:05.287Z",
        "date_updated": "2022-09-06T05:15:05.287Z",
        "is_deleted": false,
        "shop": "86dfe25a-5395-4280-8891-2c82b997a8aa",
        "facility": "b9783283-0129-4fd1-831c-05677cc49f10",
        "description": "",
        "image_1": "",
        "image_2": "",
        "image_3": ""
    }
},
{
    "model": "shops.shopfacility",
    "pk": "ef3c8200-8780-474d-b756-201666d60dc0",
    "fields": {
        "auto_id": 38,
        "creator": 1,
        "updater": 1,
        "date_added": "2022-09-20T10:49:49.045Z",
        "date_updated": "2022-09-20T10:49:49.045Z",
        "is_deleted": false,
        "shop": "d4663394-c94c-4465-8779-1b9cfcb00e61",
        "facility": "5ece46d2-5ac9-4d49-a6ea-6148601cb84f",
        "description": "",
        "image_1": "shops/8_big33_EVngtPE.png",
        "image_2": "shops/2bhtr91_IbGXvXd.jpeg",
        "image_3": "shops/2bh4km2_NVcGfye.jpeg"
    }
},
{
    "model": "shops.shopfacility",
    "pk": "fc6f30ae-40a4-40a5-bb4e-d2efbe824161",
    "fields": {
        "auto_id": 18,
        "creator": 1,
        "updater": 1,
        "date_added": "2022-09-06T05:02:39.538Z",
        "date_updated": "2022-09-06T05:02:39.538Z",
        "is_deleted": false,
        "shop": "7dd6b4ab-c880-493e-927c-70800f47c205",
        "facility": "1dd95b46-b342-4d6c-962c-6bdedfcb0fa3",
        "description": "",
        "image_1": "",
        "image_2": "",
        "image_3": ""
    }
},
{
    "model": "staffs.staffdesignation",
    "pk": "53f5d8ad-0aa4-41c6-a929-e47d9d81239a",
    "fields": {
        "auto_id": 1,
        "creator": 1,
        "updater": null,
        "date_added": "2022-09-01T06:22:35.537Z",
        "date_updated": "2022-09-01T06:22:35.537Z",
        "is_deleted": false,
        "name": "Sales Executive",
        "permission": [
            6,
            7,
            8,
            9,
            10,
            31,
            32,
            33,
            34,
            35,
            36,
            37,
            38,
            39,
            40,
            41,
            42,
            43,
            44,
            45,
            126,
            128,
            129,
            130,
            120,
            122,
            123,
            124,
            125,
            131,
            116,
            117,
            118,
            119
        ]
    }
},
{
    "model": "staffs.staffdesignation",
    "pk": "7b43494e-f4b3-4cb5-b4a9-44e177674370",
    "fields": {
        "auto_id": 2,
        "creator": 1,
        "updater": null,
        "date_added": "2022-09-05T10:42:54.077Z",
        "date_updated": "2022-09-05T10:42:54.077Z",
        "is_deleted": false,
        "name": "HR",
        "permission": []
    }
},
{
    "model": "staffs.staff",
    "pk": "bab61da8-4232-464d-8b14-6bf15937e67f",
    "fields": {
        "auto_id": 1,
        "creator": 1,
        "updater": 1,
        "date_added": "2022-09-28T04:42:52.246Z",
        "date_updated": "2022-09-28T04:42:52.246Z",
        "is_deleted": false,
        "name": "aryan",
        "profile": "Staffs/profile/Virat-Kohli-2122.png",
        "address": "Mele parmabil, kochi",
        "phone": "8592057336",
        "email": "aryan@test.com",
        "age": 24,
        "designation": "53f5d8ad-0aa4-41c6-a929-e47d9d81239a",
        "salary": "23000.00",
        "user": 27,
        "password": "test@123",
        "is_active": false,
        "account_holder_name": "aryan pp",
        "account_number": "741852963147",
        "bank_name": "icici",
        "bank_branch": "kochi",
        "bank_ifsc": "ICICI0007418",
        "permission": [
            6,
            7,
            8,
            9,
            10,
            31,
            32,
            33,
            34,
            35,
            36,
            37,
            38,
            39,
            40,
            41,
            42,
            43,
            44,
            45,
            126,
            128,
            129,
            130,
            120,
            122,
            123,
            124,
            125,
            131,
            116,
            117,
            118,
            119
        ]
    }
},
{
    "model": "users.permission",
    "pk": 1,
    "fields": {
        "name": "Manage Brand",
        "code": "can_manage_brand",
        "app": "brands"
    }
},
{
    "model": "users.permission",
    "pk": 2,
    "fields": {
        "name": "Create Brand",
        "code": "can_create_brand",
        "app": "brands"
    }
},
{
    "model": "users.permission",
    "pk": 3,
    "fields": {
        "name": "Modify Brand",
        "code": "can_modify_brand",
        "app": "brands"
    }
},
{
    "model": "users.permission",
    "pk": 4,
    "fields": {
        "name": "View Brand",
        "code": "can_view_brand",
        "app": "brands"
    }
},
{
    "model": "users.permission",
    "pk": 5,
    "fields": {
        "name": "Delete Brand",
        "code": "can_delete_brand",
        "app": "brands"
    }
},
{
    "model": "users.permission",
    "pk": 6,
    "fields": {
        "name": "Manage Facility",
        "code": "can_manage_facility",
        "app": "general"
    }
},
{
    "model": "users.permission",
    "pk": 7,
    "fields": {
        "name": "Create Facility",
        "code": "can_create_facility",
        "app": "general"
    }
},
{
    "model": "users.permission",
    "pk": 8,
    "fields": {
        "name": "Modify Facility",
        "code": "can_modify_facility",
        "app": "general"
    }
},
{
    "model": "users.permission",
    "pk": 9,
    "fields": {
        "name": "View Facility",
        "code": "can_view_facility",
        "app": "general"
    }
},
{
    "model": "users.permission",
    "pk": 10,
    "fields": {
        "name": "Delete Facility",
        "code": "can_delete_facility",
        "app": "general"
    }
},
{
    "model": "users.permission",
    "pk": 11,
    "fields": {
        "name": "Manage Cuisine",
        "code": "can_manage_cuisine",
        "app": "dishes"
    }
},
{
    "model": "users.permission",
    "pk": 12,
    "fields": {
        "name": "Create Cuisine",
        "code": "can_create_cuisine",
        "app": "dishes"
    }
},
{
    "model": "users.permission",
    "pk": 13,
    "fields": {
        "name": "Modify Cuisine",
        "code": "can_modify_cuisine",
        "app": "dishes"
    }
},
{
    "model": "users.permission",
    "pk": 14,
    "fields": {
        "name": "View Cuisine",
        "code": "can_view_cuisine",
        "app": "dishes"
    }
},
{
    "model": "users.permission",
    "pk": 15,
    "fields": {
        "name": "Delete Cuisine",
        "code": "can_delete_cuisine",
        "app": "dishes"
    }
},
{
    "model": "users.permission",
    "pk": 16,
    "fields": {
        "name": "Manage Dish",
        "code": "can_manage_dish",
        "app": "dishes"
    }
},
{
    "model": "users.permission",
    "pk": 17,
    "fields": {
        "name": "Create Dish",
        "code": "can_create_dish",
        "app": "dishes"
    }
},
{
    "model": "users.permission",
    "pk": 18,
    "fields": {
        "name": "Modify Dish",
        "code": "can_modify_dish",
        "app": "dishes"
    }
},
{
    "model": "users.permission",
    "pk": 19,
    "fields": {
        "name": "View Dish",
        "code": "can_view_dish",
        "app": "dishes"
    }
},
{
    "model": "users.permission",
    "pk": 20,
    "fields": {
        "name": "Delete Dish",
        "code": "can_delete_dish",
        "app": "dishes"
    }
},
{
    "model": "users.permission",
    "pk": 21,
    "fields": {
        "name": "Manage Dish Category",
        "code": "can_manage_dish_category",
        "app": "dishes"
    }
},
{
    "model": "users.permission",
    "pk": 22,
    "fields": {
        "name": "Create Dish Category",
        "code": "can_create_dish_category",
        "app": "dishes"
    }
},
{
    "model": "users.permission",
    "pk": 23,
    "fields": {
        "name": "Modify Dish Category",
        "code": "can_modify_dish_category",
        "app": "dishes"
    }
},
{
    "model": "users.permission",
    "pk": 24,
    "fields": {
        "name": "View Dish Category",
        "code": "can_view_dish_category",
        "app": "dishes"
    }
},
{
    "model": "users.permission",
    "pk": 25,
    "fields": {
        "name": "Delete Dish Category",
        "code": "can_delete_dish_category",
        "app": "dishes"
    }
},
{
    "model": "users.permission",
    "pk": 26,
    "fields": {
        "name": "Manage Dish Image",
        "code": "can_manage_dish_image",
        "app": "dishes"
    }
},
{
    "model": "users.permission",
    "pk": 27,
    "fields": {
        "name": "Create Dish Image",
        "code": "can_create_dish_image",
        "app": "dishes"
    }
},
{
    "model": "users.permission",
    "pk": 28,
    "fields": {
        "name": "Modify Dish Image",
        "code": "can_modify_dish_image",
        "app": "dishes"
    }
},
{
    "model": "users.permission",
    "pk": 29,
    "fields": {
        "name": "View Dish Image",
        "code": "can_view_dish_image",
        "app": "dishes"
    }
},
{
    "model": "users.permission",
    "pk": 30,
    "fields": {
        "name": "Delete Dish Image",
        "code": "can_delete_dish_image",
        "app": "dishes"
    }
},
{
    "model": "users.permission",
    "pk": 31,
    "fields": {
        "name": "Manage Days",
        "code": "can_manage_days",
        "app": "general"
    }
},
{
    "model": "users.permission",
    "pk": 32,
    "fields": {
        "name": "Create Days",
        "code": "can_create_days",
        "app": "general"
    }
},
{
    "model": "users.permission",
    "pk": 33,
    "fields": {
        "name": "Modify Days",
        "code": "can_modify_days",
        "app": "general"
    }
},
{
    "model": "users.permission",
    "pk": 34,
    "fields": {
        "name": "View Days",
        "code": "can_view_days",
        "app": "general"
    }
},
{
    "model": "users.permission",
    "pk": 35,
    "fields": {
        "name": "Delete Days",
        "code": "can_delete_days",
        "app": "general"
    }
},
{
    "model": "users.permission",
    "pk": 36,
    "fields": {
        "name": "Manage Delivery Partner",
        "code": "can_manage_delivery_partner",
        "app": "general"
    }
},
{
    "model": "users.permission",
    "pk": 37,
    "fields": {
        "name": "Create Delivery Partner",
        "code": "can_create_delivery_partner",
        "app": "general"
    }
},
{
    "model": "users.permission",
    "pk": 38,
    "fields": {
        "name": "Modify Delivery Partner",
        "code": "can_modify_delivery_partner",
        "app": "general"
    }
},
{
    "model": "users.permission",
    "pk": 39,
    "fields": {
        "name": "View Delivery Partner",
        "code": "can_view_delivery_partner",
        "app": "general"
    }
},
{
    "model": "users.permission",
    "pk": 40,
    "fields": {
        "name": "Delete Delivery Partner",
        "code": "can_delete_delivery_partner",
        "app": "general"
    }
},
{
    "model": "users.permission",
    "pk": 41,
    "fields": {
        "name": "Manage Location",
        "code": "can_manage_location",
        "app": "general"
    }
},
{
    "model": "users.permission",
    "pk": 42,
    "fields": {
        "name": "Create Location",
        "code": "can_create_location",
        "app": "general"
    }
},
{
    "model": "users.permission",
    "pk": 43,
    "fields": {
        "name": "Modify Location",
        "code": "can_modify_location",
        "app": "general"
    }
},
{
    "model": "users.permission",
    "pk": 44,
    "fields": {
        "name": "View Location",
        "code": "can_view_location",
        "app": "general"
    }
},
{
    "model": "users.permission",
    "pk": 45,
    "fields": {
        "name": "Delete Location",
        "code": "can_delete_location",
        "app": "general"
    }
},
{
    "model": "users.permission",
    "pk": 46,
    "fields": {
        "name": "Manage Brand Offer",
        "code": "can_manage_brand_offer",
        "app": "shops"
    }
},
{
    "model": "users.permission",
    "pk": 47,
    "fields": {
        "name": "Create Brand Offer",
        "code": "can_create_brand_offer",
        "app": "shops"
    }
},
{
    "model": "users.permission",
    "pk": 48,
    "fields": {
        "name": "Modify Brand Offer",
        "code": "can_modify_brand_offer",
        "app": "shops"
    }
},
{
    "model": "users.permission",
    "pk": 49,
    "fields": {
        "name": "View Brand Offer",
        "code": "can_view_brand_offer",
        "app": "shops"
    }
},
{
    "model": "users.permission",
    "pk": 50,
    "fields": {
        "name": "Delete Brand Offer",
        "code": "can_delete_brand_offer",
        "app": "shops"
    }
},
{
    "model": "users.permission",
    "pk": 51,
    "fields": {
        "name": "Manage Dish offer",
        "code": "can_manage_dish_offer",
        "app": "shops"
    }
},
{
    "model": "users.permission",
    "pk": 52,
    "fields": {
        "name": "Create Dish offer",
        "code": "can_create_dish_offer",
        "app": "shops"
    }
},
{
    "model": "users.permission",
    "pk": 53,
    "fields": {
        "name": "Modify Dish offer",
        "code": "can_modify_dish_offer",
        "app": "shops"
    }
},
{
    "model": "users.permission",
    "pk": 54,
    "fields": {
        "name": "View Dish offer",
        "code": "can_view_dish_offer",
        "app": "shops"
    }
},
{
    "model": "users.permission",
    "pk": 55,
    "fields": {
        "name": "Delete Dish offer",
        "code": "can_delete_dish_offer",
        "app": "shops"
    }
},
{
    "model": "users.permission",
    "pk": 56,
    "fields": {
        "name": "Manage Shop Offer",
        "code": "can_manage_shop_offer",
        "app": "shops"
    }
},
{
    "model": "users.permission",
    "pk": 57,
    "fields": {
        "name": "Create Shop Offer",
        "code": "can_create_shop_offer",
        "app": "shops"
    }
},
{
    "model": "users.permission",
    "pk": 58,
    "fields": {
        "name": "Modify Shop Offer",
        "code": "can_modify_shop_offer",
        "app": "shops"
    }
},
{
    "model": "users.permission",
    "pk": 59,
    "fields": {
        "name": "View Shop Offer",
        "code": "can_view_shop_offer",
        "app": "shops"
    }
},
{
    "model": "users.permission",
    "pk": 60,
    "fields": {
        "name": "Delete Shop Offer",
        "code": "can_delete_shop_offer",
        "app": "shops"
    }
},
{
    "model": "users.permission",
    "pk": 61,
    "fields": {
        "name": "Manage More offer",
        "code": "can_manage_more_offer",
        "app": "shops"
    }
},
{
    "model": "users.permission",
    "pk": 62,
    "fields": {
        "name": "Create More offer",
        "code": "can_create_more_offer",
        "app": "shops"
    }
},
{
    "model": "users.permission",
    "pk": 63,
    "fields": {
        "name": "Modify More offer",
        "code": "can_modify_more_offer",
        "app": "shops"
    }
},
{
    "model": "users.permission",
    "pk": 64,
    "fields": {
        "name": "View More offer",
        "code": "can_view_more_offer",
        "app": "shops"
    }
},
{
    "model": "users.permission",
    "pk": 65,
    "fields": {
        "name": "Delete More offer",
        "code": "can_delete_more_offer",
        "app": "shops"
    }
},
{
    "model": "users.permission",
    "pk": 66,
    "fields": {
        "name": "Manage Shop",
        "code": "can_manage_shop",
        "app": "shops"
    }
},
{
    "model": "users.permission",
    "pk": 67,
    "fields": {
        "name": "Create Shop",
        "code": "can_create_shop",
        "app": "shops"
    }
},
{
    "model": "users.permission",
    "pk": 68,
    "fields": {
        "name": "Modify Shop",
        "code": "can_modify_shop",
        "app": "shops"
    }
},
{
    "model": "users.permission",
    "pk": 69,
    "fields": {
        "name": "View Shop",
        "code": "can_view_shop",
        "app": "shops"
    }
},
{
    "model": "users.permission",
    "pk": 70,
    "fields": {
        "name": "Delete Shop",
        "code": "can_delete_shop",
        "app": "shops"
    }
},
{
    "model": "users.permission",
    "pk": 71,
    "fields": {
        "name": "Manage Shop Type",
        "code": "can_manage_shop_type",
        "app": "shops"
    }
},
{
    "model": "users.permission",
    "pk": 72,
    "fields": {
        "name": "Create Shop Type",
        "code": "can_create_shop_type",
        "app": "shops"
    }
},
{
    "model": "users.permission",
    "pk": 73,
    "fields": {
        "name": "Modify Shop Type",
        "code": "can_modify_shop_type",
        "app": "shops"
    }
},
{
    "model": "users.permission",
    "pk": 74,
    "fields": {
        "name": "View Shop Type",
        "code": "can_view_shop_type",
        "app": "shops"
    }
},
{
    "model": "users.permission",
    "pk": 75,
    "fields": {
        "name": "Delete Shop Type",
        "code": "can_delete_shop_type",
        "app": "shops"
    }
},
{
    "model": "users.permission",
    "pk": 76,
    "fields": {
        "name": "Manage Shop Dish",
        "code": "can_manage_shop_dish",
        "app": "shops"
    }
},
{
    "model": "users.permission",
    "pk": 77,
    "fields": {
        "name": "Create Shop Dish",
        "code": "can_create_shop_dish",
        "app": "shops"
    }
},
{
    "model": "users.permission",
    "pk": 78,
    "fields": {
        "name": "Modify Shop Dish",
        "code": "can_modify_shop_dish",
        "app": "shops"
    }
},
{
    "model": "users.permission",
    "pk": 79,
    "fields": {
        "name": "View Shop Dish",
        "code": "can_view_shop_dish",
        "app": "shops"
    }
},
{
    "model": "users.permission",
    "pk": 80,
    "fields": {
        "name": "Delete Shop Dish",
        "code": "can_delete_shop_dish",
        "app": "shops"
    }
},
{
    "model": "users.permission",
    "pk": 81,
    "fields": {
        "name": "Manage Shop Dish Image",
        "code": "can_manage_shop_dish_image",
        "app": "shops"
    }
},
{
    "model": "users.permission",
    "pk": 82,
    "fields": {
        "name": "Create Shop Dish Image",
        "code": "can_create_shop_dish_image",
        "app": "shops"
    }
},
{
    "model": "users.permission",
    "pk": 83,
    "fields": {
        "name": "Modify Shop Dish Image",
        "code": "can_modify_shop_dish_image",
        "app": "shops"
    }
},
{
    "model": "users.permission",
    "pk": 84,
    "fields": {
        "name": "View Shop Dish Image",
        "code": "can_view_shop_dish_image",
        "app": "shops"
    }
},
{
    "model": "users.permission",
    "pk": 85,
    "fields": {
        "name": "Delete Shop Dish Image",
        "code": "can_delete_shop_dish_image",
        "app": "shops"
    }
},
{
    "model": "users.permission",
    "pk": 86,
    "fields": {
        "name": "Manage Shop Gallery",
        "code": "can_manage_shop_gallery",
        "app": "shops"
    }
},
{
    "model": "users.permission",
    "pk": 87,
    "fields": {
        "name": "Create Shop Gallery",
        "code": "can_create_shop_gallery",
        "app": "shops"
    }
},
{
    "model": "users.permission",
    "pk": 88,
    "fields": {
        "name": "Modify Shop Gallery",
        "code": "can_modify_shop_gallery",
        "app": "shops"
    }
},
{
    "model": "users.permission",
    "pk": 89,
    "fields": {
        "name": "View Shop Gallery",
        "code": "can_view_shop_gallery",
        "app": "shops"
    }
},
{
    "model": "users.permission",
    "pk": 90,
    "fields": {
        "name": "Delete Shop Gallery",
        "code": "can_delete_shop_gallery",
        "app": "shops"
    }
},
{
    "model": "users.permission",
    "pk": 91,
    "fields": {
        "name": "Manage Shop Gallery Type",
        "code": "can_manage_gallery_type",
        "app": "shops"
    }
},
{
    "model": "users.permission",
    "pk": 92,
    "fields": {
        "name": "Create Shop Gallery Type",
        "code": "can_create_gallery_type",
        "app": "shops"
    }
},
{
    "model": "users.permission",
    "pk": 93,
    "fields": {
        "name": "Modify Shop Gallery Type",
        "code": "can_modify_gallery_type",
        "app": "shops"
    }
},
{
    "model": "users.permission",
    "pk": 94,
    "fields": {
        "name": "View Shop Gallery Type",
        "code": "can_view_gallery_type",
        "app": "shops"
    }
},
{
    "model": "users.permission",
    "pk": 95,
    "fields": {
        "name": "Delete Shop Gallery Type",
        "code": "can_delete_gallery_type",
        "app": "shops"
    }
},
{
    "model": "users.permission",
    "pk": 96,
    "fields": {
        "name": "Manage Shop Safety",
        "code": "can_manage_shop_Safety",
        "app": "shops"
    }
},
{
    "model": "users.permission",
    "pk": 97,
    "fields": {
        "name": "Create Shop Safety",
        "code": "can_create_shop_Safety",
        "app": "shops"
    }
},
{
    "model": "users.permission",
    "pk": 98,
    "fields": {
        "name": "Modify Shop Safety",
        "code": "can_modify_shop_Safety",
        "app": "shops"
    }
},
{
    "model": "users.permission",
    "pk": 99,
    "fields": {
        "name": "View Shop Safety",
        "code": "can_view_shop_Safety",
        "app": "shops"
    }
},
{
    "model": "users.permission",
    "pk": 100,
    "fields": {
        "name": "Delete Shop Safety",
        "code": "can_delete_shop_Safety",
        "app": "shops"
    }
},
{
    "model": "users.permission",
    "pk": 101,
    "fields": {
        "name": "Manage Shop Working Day",
        "code": "can_manage_shop_working_day",
        "app": "shops"
    }
},
{
    "model": "users.permission",
    "pk": 102,
    "fields": {
        "name": "Create Shop Working Day",
        "code": "can_create_shop_working_day",
        "app": "shops"
    }
},
{
    "model": "users.permission",
    "pk": 103,
    "fields": {
        "name": "Modify Shop Working Day",
        "code": "can_modify_shop_working_day",
        "app": "shops"
    }
},
{
    "model": "users.permission",
    "pk": 104,
    "fields": {
        "name": "View Shop Working Day",
        "code": "can_view_shop_working_day",
        "app": "shops"
    }
},
{
    "model": "users.permission",
    "pk": 105,
    "fields": {
        "name": "Delete Shop Working Day",
        "code": "can_delete_shop_working_day",
        "app": "shops"
    }
},
{
    "model": "users.permission",
    "pk": 106,
    "fields": {
        "name": "Manage Shop Safety",
        "code": "can_manage_shop_safety",
        "app": "shops"
    }
},
{
    "model": "users.permission",
    "pk": 107,
    "fields": {
        "name": "Create Shop Safety",
        "code": "can_create_shop_safety",
        "app": "shops"
    }
},
{
    "model": "users.permission",
    "pk": 108,
    "fields": {
        "name": "Modify Shop Safety",
        "code": "can_modify_shop_safety",
        "app": "shops"
    }
},
{
    "model": "users.permission",
    "pk": 109,
    "fields": {
        "name": "View Shop Safety",
        "code": "can_view_shop_safety",
        "app": "shops"
    }
},
{
    "model": "users.permission",
    "pk": 110,
    "fields": {
        "name": "Delete Shop Safety",
        "code": "can_delete_shop_safety",
        "app": "shops"
    }
},
{
    "model": "users.permission",
    "pk": 111,
    "fields": {
        "name": "Manage Shop Delivery Partner",
        "code": "can_manage_shop_delivery_partner",
        "app": "shops"
    }
},
{
    "model": "users.permission",
    "pk": 112,
    "fields": {
        "name": "Create Shop Delivery Partner",
        "code": "can_create_shop_delivery_partner",
        "app": "shops"
    }
},
{
    "model": "users.permission",
    "pk": 113,
    "fields": {
        "name": "Modify Shop Delivery Partner",
        "code": "can_modify_shop_delivery_partner",
        "app": "shops"
    }
},
{
    "model": "users.permission",
    "pk": 114,
    "fields": {
        "name": "View Shop Delivery Partner",
        "code": "can_view_shop_delivery_partner",
        "app": "shops"
    }
},
{
    "model": "users.permission",
    "pk": 115,
    "fields": {
        "name": "Delete Shop Delivery Partner",
        "code": "can_delete_shop_delivery_partner",
        "app": "shops"
    }
},
{
    "model": "users.permission",
    "pk": 116,
    "fields": {
        "name": "Manage Staff",
        "code": "can_manage_staff",
        "app": "staffs"
    }
},
{
    "model": "users.permission",
    "pk": 117,
    "fields": {
        "name": "Create Staff",
        "code": "can_create_staff",
        "app": "staffs"
    }
},
{
    "model": "users.permission",
    "pk": 118,
    "fields": {
        "name": "Modify Staff",
        "code": "can_modify_staff",
        "app": "staffs"
    }
},
{
    "model": "users.permission",
    "pk": 119,
    "fields": {
        "name": "View Staff",
        "code": "can_view_staff",
        "app": "staffs"
    }
},
{
    "model": "users.permission",
    "pk": 120,
    "fields": {
        "name": "Delete Staff",
        "code": "can_delete_staff",
        "app": "staffs"
    }
},
{
    "model": "users.permission",
    "pk": 121,
    "fields": {
        "name": "Manage Staff Designation",
        "code": "can_manage_staff_designation",
        "app": "staffs"
    }
},
{
    "model": "users.permission",
    "pk": 122,
    "fields": {
        "name": "Create Staff Designation",
        "code": "can_create_staff_designation",
        "app": "staffs"
    }
},
{
    "model": "users.permission",
    "pk": 123,
    "fields": {
        "name": "Modify Staff Designation",
        "code": "can_modify_staff_designation",
        "app": "staffs"
    }
},
{
    "model": "users.permission",
    "pk": 124,
    "fields": {
        "name": "View Staff Designation",
        "code": "can_view_staff_designation",
        "app": "staffs"
    }
},
{
    "model": "users.permission",
    "pk": 125,
    "fields": {
        "name": "Delete Staff Designation",
        "code": "can_delete_staff_designation",
        "app": "staffs"
    }
},
{
    "model": "users.permission",
    "pk": 126,
    "fields": {
        "name": "Manage Badge",
        "code": "can_manage_badge",
        "app": "general"
    }
},
{
    "model": "users.permission",
    "pk": 127,
    "fields": {
        "name": "Create Badge",
        "code": "can_create_badge",
        "app": "general"
    }
},
{
    "model": "users.permission",
    "pk": 128,
    "fields": {
        "name": "Modify Badge",
        "code": "can_modify_badge",
        "app": "general"
    }
},
{
    "model": "users.permission",
    "pk": 129,
    "fields": {
        "name": "View Badge",
        "code": "can_view_badge",
        "app": "general"
    }
},
{
    "model": "users.permission",
    "pk": 130,
    "fields": {
        "name": "Delete Badge",
        "code": "can_delete_badge",
        "app": "general"
    }
},
{
    "model": "users.permission",
    "pk": 131,
    "fields": {
        "name": "Set  Designation Permission",
        "code": "can_set_permissions",
        "app": "staffs"
    }
},
{
    "model": "users.permission",
    "pk": 132,
    "fields": {
        "name": "Update Staff Permission",
        "code": "can_update_permissions",
        "app": "users"
    }
},
{
    "model": "users.permission",
    "pk": 133,
    "fields": {
        "name": "Upload Shops",
        "code": "can_upload_shops",
        "app": "shops"
    }
},
{
    "model": "users.permission",
    "pk": 134,
    "fields": {
        "name": "Verify Shop",
        "code": "can_verify_shop",
        "app": "shops"
    }
},
{
    "model": "users.permission",
    "pk": 135,
    "fields": {
        "name": "Reject Shop",
        "code": "can_reject_shop",
        "app": "shops"
    }
},
{
    "model": "users.permission",
    "pk": 136,
    "fields": {
        "name": "Change Staff Password",
        "code": "can_update_password",
        "app": "users"
    }
},
{
    "model": "users.permission",
    "pk": 137,
    "fields": {
        "name": "Manage Shop Review",
        "code": "can_manage_shop_review",
        "app": "shops"
    }
},
{
    "model": "users.permission",
    "pk": 138,
    "fields": {
        "name": "View Shop Review",
        "code": "can_view_shop_review",
        "app": "shops"
    }
},
{
    "model": "users.permission",
    "pk": 139,
    "fields": {
        "name": "Delete Shop Review",
        "code": "can_delete_shop_review",
        "app": "shops"
    }
},
{
    "model": "users.permission",
    "pk": 140,
    "fields": {
        "name": "Create Shop Admin",
        "code": "can_create_shop_admin",
        "app": "users"
    }
},
{
    "model": "users.permission",
    "pk": 141,
    "fields": {
        "name": "Manage Zone",
        "code": "can_manage_zone",
        "app": "shops"
    }
},
{
    "model": "users.permission",
    "pk": 142,
    "fields": {
        "name": "Create Zone",
        "code": "can_create_zone",
        "app": "shops"
    }
},
{
    "model": "users.permission",
    "pk": 143,
    "fields": {
        "name": "Modify Zone",
        "code": "can_modify_zone",
        "app": "shops"
    }
},
{
    "model": "users.permission",
    "pk": 144,
    "fields": {
        "name": "View Zone",
        "code": "can_view_zone",
        "app": "shops"
    }
},
{
    "model": "users.permission",
    "pk": 145,
    "fields": {
        "name": "Delete Zone",
        "code": "can_delete_zone",
        "app": "shops"
    }
},
{
    "model": "users.permission",
    "pk": 146,
    "fields": {
        "name": "Manage Sub Zone",
        "code": "can_manage_sub_zone",
        "app": "shops"
    }
},
{
    "model": "users.permission",
    "pk": 147,
    "fields": {
        "name": "Create Sub Zone",
        "code": "can_create_sub_zone",
        "app": "shops"
    }
},
{
    "model": "users.permission",
    "pk": 148,
    "fields": {
        "name": "Modify Sub Zone",
        "code": "can_modify_sub_zone",
        "app": "shops"
    }
},
{
    "model": "users.permission",
    "pk": 149,
    "fields": {
        "name": "View Sub Zone",
        "code": "can_view_sub_zone",
        "app": "shops"
    }
},
{
    "model": "users.permission",
    "pk": 150,
    "fields": {
        "name": "Delete Sub Zone",
        "code": "can_delete_sub_zone",
        "app": "shops"
    }
},
{
    "model": "users.permission",
    "pk": 151,
    "fields": {
        "name": "Create Shop Facility",
        "code": "can_create_shop_facility",
        "app": "shops"
    }
},
{
    "model": "users.permission",
    "pk": 152,
    "fields": {
        "name": "Modify Shop Facility",
        "code": "can_modify_shop_facility",
        "app": "shops"
    }
},
{
    "model": "users.permission",
    "pk": 153,
    "fields": {
        "name": "Delete Shop Facility",
        "code": "can_delete_shop_facility",
        "app": "shops"
    }
},
{
    "model": "users.permission",
    "pk": 154,
    "fields": {
        "name": "View Shop Facility",
        "code": "can_view_shop_facility",
        "app": "shops"
    }
},
{
    "model": "users.permission",
    "pk": 155,
    "fields": {
        "name": "Revoke Customer Facility",
        "code": "can_revoke_customer",
        "app": "shops"
    }
}
]
